crater_id,crater_latitude,crater_longitude,crater_diameter_km,ohrc_product,tmc2_product
07-1-000678,-16.3876,69.5764,9.43401,ch2_ohr_ncp_20190906T1246532096_d_img_d18,ch2_tmc_ncn_20200104T0343214194_g_grd_gds
07-1-000678,-16.3876,69.5764,9.43401,ch2_ohr_ncp_20190906T1246532096_d_img_d18,ch2_tmc_ncn_20200131T1010006367_g_grd_d18
07-1-000678,-16.3876,69.5764,9.43401,ch2_ohr_ncp_20190906T1246532096_d_img_d18,ch2_tmc_ncn_20201126T1808573675_g_grd_d32
07-1-000678,-16.3876,69.5764,9.43401,ch2_ohr_ncp_20190906T1246532096_d_img_d18,ch2_tmc_ncn_20210514T0803114100_g_grd_d18
07-1-000678,-16.3876,69.5764,9.43401,ch2_ohr_ncp_20190906T1246532096_d_img_d18,ch2_tmc_ncn_20210514T1200279624_g_grd_d18
07-1-000678,-16.3876,69.5764,9.43401,ch2_ohr_ncp_20190906T1246532096_d_img_d18,ch2_tmc_ncn_20211113T1650236492_g_grd_d18
07-1-000678,-16.3876,69.5764,9.43401,ch2_ohr_ncp_20190906T1246532096_d_img_d18,ch2_tmc_ncn_20220518T1459006639_g_grd_d18
07-1-000678,-16.3876,69.5764,9.43401,ch2_ohr_ncp_20190906T1246532096_d_img_d18,ch2_tmc_ncn_20220609T1621036061_g_grd_d32
07-1-000684,-15.2818,70.7246,7.87027,ch2_ohr_ncp_20190906T1246532096_d_img_d18,ch2_tmc_ncn_20201126T1610528086_g_grd_d32
07-1-000684,-15.2818,70.7246,7.87027,ch2_ohr_ncp_20190906T1246532096_d_img_d18,ch2_tmc_ncn_20210514T0803114100_g_grd_d18
07-1-000684,-15.2818,70.7246,7.87027,ch2_ohr_ncp_20190906T1246532096_d_img_d18,ch2_tmc_ncn_20210514T1200279624_g_grd_d18
07-1-000684,-15.2818,70.7246,7.87027,ch2_ohr_ncp_20190906T1246532096_d_img_d18,ch2_tmc_ncn_20211113T1650236492_g_grd_d18
07-1-000684,-15.2818,70.7246,7.87027,ch2_ohr_ncp_20190906T1246532096_d_img_d18,ch2_tmc_ncn_20220518T1459006639_g_grd_d18
07-1-000685,-15.6054,71.0637,42.2634,ch2_ohr_ncp_20190906T1246532096_d_img_d18,ch2_tmc_ncn_20201126T1610528086_g_grd_d32
07-1-000685,-15.6054,71.0637,42.2634,ch2_ohr_ncp_20190906T1246532096_d_img_d18,ch2_tmc_ncn_20210514T0803114100_g_grd_d18
07-1-000685,-15.6054,71.0637,42.2634,ch2_ohr_ncp_20190906T1246532096_d_img_d18,ch2_tmc_ncn_20210514T1200279624_g_grd_d18
07-1-000685,-15.6054,71.0637,42.2634,ch2_ohr_ncp_20190906T1246532096_d_img_d18,ch2_tmc_ncn_20211113T1650236492_g_grd_d18
07-1-000685,-15.6054,71.0637,42.2634,ch2_ohr_ncp_20190906T1246532096_d_img_d18,ch2_tmc_ncn_20220518T1459006639_g_grd_d18
07-1-051351,-14.3289,70.6437,2.7915,ch2_ohr_ncp_20190906T1246532096_d_img_d18,ch2_tmc_ncn_20201126T1610528086_g_grd_d32
07-1-051351,-14.3289,70.6437,2.7915,ch2_ohr_ncp_20190906T1246532096_d_img_d18,ch2_tmc_ncn_20210514T0803114100_g_grd_d18
07-1-051351,-14.3289,70.6437,2.7915,ch2_ohr_ncp_20190906T1246532096_d_img_d18,ch2_tmc_ncn_20210514T1200279624_g_grd_d18
07-1-051351,-14.3289,70.6437,2.7915,ch2_ohr_ncp_20190906T1246532096_d_img_d18,ch2_tmc_ncn_20211113T1650236492_g_grd_d18
07-1-051351,-14.3289,70.6437,2.7915,ch2_ohr_ncp_20190906T1246532096_d_img_d18,ch2_tmc_ncn_20220518T1459006639_g_grd_d18
07-1-051355,-14.468,70.8069,1.49746,ch2_ohr_ncp_20190906T1246532096_d_img_d18,ch2_tmc_ncn_20201126T1610528086_g_grd_d32
07-1-051355,-14.468,70.8069,1.49746,ch2_ohr_ncp_20190906T1246532096_d_img_d18,ch2_tmc_ncn_20210514T0803114100_g_grd_d18
07-1-051355,-14.468,70.8069,1.49746,ch2_ohr_ncp_20190906T1246532096_d_img_d18,ch2_tmc_ncn_20210514T1200279624_g_grd_d18
07-1-051355,-14.468,70.8069,1.49746,ch2_ohr_ncp_20190906T1246532096_d_img_d18,ch2_tmc_ncn_20211113T1650236492_g_grd_d18
07-1-051355,-14.468,70.8069,1.49746,ch2_ohr_ncp_20190906T1246532096_d_img_d18,ch2_tmc_ncn_20220518T1459006639_g_grd_d18
07-1-051356,-14.5235,70.8804,2.4511,ch2_ohr_ncp_20190906T1246532096_d_img_d18,ch2_tmc_ncn_20201126T1610528086_g_grd_d32
07-1-051356,-14.5235,70.8804,2.4511,ch2_ohr_ncp_20190906T1246532096_d_img_d18,ch2_tmc_ncn_20210514T0803114100_g_grd_d18
07-1-051356,-14.5235,70.8804,2.4511,ch2_ohr_ncp_20190906T1246532096_d_img_d18,ch2_tmc_ncn_20210514T1200279624_g_grd_d18
07-1-051356,-14.5235,70.8804,2.4511,ch2_ohr_ncp_20190906T1246532096_d_img_d18,ch2_tmc_ncn_20211113T1650236492_g_grd_d18
07-1-051356,-14.5235,70.8804,2.4511,ch2_ohr_ncp_20190906T1246532096_d_img_d18,ch2_tmc_ncn_20220518T1459006639_g_grd_d18
07-1-051357,-14.5534,71.0181,1.00385,ch2_ohr_ncp_20190906T1246532096_d_img_d18,ch2_tmc_ncn_20201126T1610528086_g_grd_d32
07-1-051357,-14.5534,71.0181,1.00385,ch2_ohr_ncp_20190906T1246532096_d_img_d18,ch2_tmc_ncn_20210514T0803114100_g_grd_d18
07-1-051357,-14.5534,71.0181,1.00385,ch2_ohr_ncp_20190906T1246532096_d_img_d18,ch2_tmc_ncn_20210514T1200279624_g_grd_d18
07-1-051357,-14.5534,71.0181,1.00385,ch2_ohr_ncp_20190906T1246532096_d_img_d18,ch2_tmc_ncn_20211113T1650236492_g_grd_d18
07-1-051357,-14.5534,71.0181,1.00385,ch2_ohr_ncp_20190906T1246532096_d_img_d18,ch2_tmc_ncn_20220518T1459006639_g_grd_d18
07-1-051359,-14.3776,70.5248,1.15079,ch2_ohr_ncp_20190906T1246532096_d_img_d18,ch2_tmc_ncn_20201126T1610528086_g_grd_d32
07-1-051359,-14.3776,70.5248,1.15079,ch2_ohr_ncp_20190906T1246532096_d_img_d18,ch2_tmc_ncn_20210514T0803114100_g_grd_d18
07-1-051359,-14.3776,70.5248,1.15079,ch2_ohr_ncp_20190906T1246532096_d_img_d18,ch2_tmc_ncn_20210514T1200279624_g_grd_d18
07-1-051359,-14.3776,70.5248,1.15079,ch2_ohr_ncp_20190906T1246532096_d_img_d18,ch2_tmc_ncn_20211113T1650236492_g_grd_d18
07-1-051359,-14.3776,70.5248,1.15079,ch2_ohr_ncp_20190906T1246532096_d_img_d18,ch2_tmc_ncn_20220518T1459006639_g_grd_d18
07-1-051361,-14.3951,70.1316,3.41982,ch2_ohr_ncp_20190906T1246532096_d_img_d18,ch2_tmc_ncn_20201126T1808573675_g_grd_d32
07-1-051361,-14.3951,70.1316,3.41982,ch2_ohr_ncp_20190906T1246532096_d_img_d18,ch2_tmc_ncn_20210514T0803114100_g_grd_d18
07-1-051361,-14.3951,70.1316,3.41982,ch2_ohr_ncp_20190906T1246532096_d_img_d18,ch2_tmc_ncn_20210514T1200279624_g_grd_d18
07-1-051361,-14.3951,70.1316,3.41982,ch2_ohr_ncp_20190906T1246532096_d_img_d18,ch2_tmc_ncn_20211113T1650236492_g_grd_d18
07-1-051361,-14.3951,70.1316,3.41982,ch2_ohr_ncp_20190906T1246532096_d_img_d18,ch2_tmc_ncn_20220518T1459006639_g_grd_d18
07-1-051361,-14.3951,70.1316,3.41982,ch2_ohr_ncp_20190906T1246532096_d_img_d18,ch2_tmc_ncn_20220609T1621036061_g_grd_d32
07-1-051362,-14.349,70.06,1.69432,ch2_ohr_ncp_20190906T1246532096_d_img_d18,ch2_tmc_ncn_20201126T1808573675_g_grd_d32
07-1-051362,-14.349,70.06,1.69432,ch2_ohr_ncp_20190906T1246532096_d_img_d18,ch2_tmc_ncn_20210514T0803114100_g_grd_d18
07-1-051362,-14.349,70.06,1.69432,ch2_ohr_ncp_20190906T1246532096_d_img_d18,ch2_tmc_ncn_20210514T1200279624_g_grd_d18
07-1-051362,-14.349,70.06,1.69432,ch2_ohr_ncp_20190906T1246532096_d_img_d18,ch2_tmc_ncn_20211113T1650236492_g_grd_d18
07-1-051362,-14.349,70.06,1.69432,ch2_ohr_ncp_20190906T1246532096_d_img_d18,ch2_tmc_ncn_20220518T1459006639_g_grd_d18
07-1-051362,-14.349,70.06,1.69432,ch2_ohr_ncp_20190906T1246532096_d_img_d18,ch2_tmc_ncn_20220609T1621036061_g_grd_d32
07-1-051364,-14.4482,70.3275,8.83903,ch2_ohr_ncp_20190906T1246532096_d_img_d18,ch2_tmc_ncn_20201126T1610528086_g_grd_d32
07-1-051364,-14.4482,70.3275,8.83903,ch2_ohr_ncp_20190906T1246532096_d_img_d18,ch2_tmc_ncn_20210514T0803114100_g_grd_d18
07-1-051364,-14.4482,70.3275,8.83903,ch2_ohr_ncp_20190906T1246532096_d_img_d18,ch2_tmc_ncn_20210514T1200279624_g_grd_d18
07-1-051364,-14.4482,70.3275,8.83903,ch2_ohr_ncp_20190906T1246532096_d_img_d18,ch2_tmc_ncn_20211113T1650236492_g_grd_d18
07-1-051364,-14.4482,70.3275,8.83903,ch2_ohr_ncp_20190906T1246532096_d_img_d18,ch2_tmc_ncn_20220518T1459006639_g_grd_d18
07-1-051365,-14.6166,70.5583,12.6867,ch2_ohr_ncp_20190906T1246532096_d_img_d18,ch2_tmc_ncn_20201126T1610528086_g_grd_d32
07-1-051365,-14.6166,70.5583,12.6867,ch2_ohr_ncp_20190906T1246532096_d_img_d18,ch2_tmc_ncn_20210514T0803114100_g_grd_d18
07-1-051365,-14.6166,70.5583,12.6867,ch2_ohr_ncp_20190906T1246532096_d_img_d18,ch2_tmc_ncn_20210514T1200279624_g_grd_d18
07-1-051365,-14.6166,70.5583,12.6867,ch2_ohr_ncp_20190906T1246532096_d_img_d18,ch2_tmc_ncn_20211113T1650236492_g_grd_d18
07-1-051365,-14.6166,70.5583,12.6867,ch2_ohr_ncp_20190906T1246532096_d_img_d18,ch2_tmc_ncn_20220518T1459006639_g_grd_d18
07-1-051366,-14.3571,70.4668,1.23731,ch2_ohr_ncp_20190906T1246532096_d_img_d18,ch2_tmc_ncn_20201126T1610528086_g_grd_d32
07-1-051366,-14.3571,70.4668,1.23731,ch2_ohr_ncp_20190906T1246532096_d_img_d18,ch2_tmc_ncn_20210514T0803114100_g_grd_d18
07-1-051366,-14.3571,70.4668,1.23731,ch2_ohr_ncp_20190906T1246532096_d_img_d18,ch2_tmc_ncn_20210514T1200279624_g_grd_d18
07-1-051366,-14.3571,70.4668,1.23731,ch2_ohr_ncp_20190906T1246532096_d_img_d18,ch2_tmc_ncn_20211113T1650236492_g_grd_d18
07-1-051366,-14.3571,70.4668,1.23731,ch2_ohr_ncp_20190906T1246532096_d_img_d18,ch2_tmc_ncn_20220518T1459006639_g_grd_d18
07-1-051367,-14.6466,70.7953,1.23406,ch2_ohr_ncp_20190906T1246532096_d_img_d18,ch2_tmc_ncn_20201126T1610528086_g_grd_d32
07-1-051367,-14.6466,70.7953,1.23406,ch2_ohr_ncp_20190906T1246532096_d_img_d18,ch2_tmc_ncn_20210514T0803114100_g_grd_d18
07-1-051367,-14.6466,70.7953,1.23406,ch2_ohr_ncp_20190906T1246532096_d_img_d18,ch2_tmc_ncn_20210514T1200279624_g_grd_d18
07-1-051367,-14.6466,70.7953,1.23406,ch2_ohr_ncp_20190906T1246532096_d_img_d18,ch2_tmc_ncn_20211113T1650236492_g_grd_d18
07-1-051367,-14.6466,70.7953,1.23406,ch2_ohr_ncp_20190906T1246532096_d_img_d18,ch2_tmc_ncn_20220518T1459006639_g_grd_d18
07-1-051368,-14.7575,71.0374,2.02107,ch2_ohr_ncp_20190906T1246532096_d_img_d18,ch2_tmc_ncn_20201126T1610528086_g_grd_d32
07-1-051368,-14.7575,71.0374,2.02107,ch2_ohr_ncp_20190906T1246532096_d_img_d18,ch2_tmc_ncn_20210514T0803114100_g_grd_d18
07-1-051368,-14.7575,71.0374,2.02107,ch2_ohr_ncp_20190906T1246532096_d_img_d18,ch2_tmc_ncn_20210514T1200279624_g_grd_d18
07-1-051368,-14.7575,71.0374,2.02107,ch2_ohr_ncp_20190906T1246532096_d_img_d18,ch2_tmc_ncn_20211113T1650236492_g_grd_d18
07-1-051368,-14.7575,71.0374,2.02107,ch2_ohr_ncp_20190906T1246532096_d_img_d18,ch2_tmc_ncn_20220518T1459006639_g_grd_d18
07-1-051373,-14.9334,70.8518,1.11658,ch2_ohr_ncp_20190906T1246532096_d_img_d18,ch2_tmc_ncn_20201126T1610528086_g_grd_d32
07-1-051373,-14.9334,70.8518,1.11658,ch2_ohr_ncp_20190906T1246532096_d_img_d18,ch2_tmc_ncn_20210514T0803114100_g_grd_d18
07-1-051373,-14.9334,70.8518,1.11658,ch2_ohr_ncp_20190906T1246532096_d_img_d18,ch2_tmc_ncn_20210514T1200279624_g_grd_d18
07-1-051373,-14.9334,70.8518,1.11658,ch2_ohr_ncp_20190906T1246532096_d_img_d18,ch2_tmc_ncn_20211113T1650236492_g_grd_d18
07-1-051373,-14.9334,70.8518,1.11658,ch2_ohr_ncp_20190906T1246532096_d_img_d18,ch2_tmc_ncn_20220518T1459006639_g_grd_d18
07-1-051379,-14.7662,70.0913,2.12977,ch2_ohr_ncp_20190906T1246532096_d_img_d18,ch2_tmc_ncn_20201126T1808573675_g_grd_d32
07-1-051379,-14.7662,70.0913,2.12977,ch2_ohr_ncp_20190906T1246532096_d_img_d18,ch2_tmc_ncn_20210514T0803114100_g_grd_d18
07-1-051379,-14.7662,70.0913,2.12977,ch2_ohr_ncp_20190906T1246532096_d_img_d18,ch2_tmc_ncn_20210514T1200279624_g_grd_d18
07-1-051379,-14.7662,70.0913,2.12977,ch2_ohr_ncp_20190906T1246532096_d_img_d18,ch2_tmc_ncn_20211113T1650236492_g_grd_d18
07-1-051379,-14.7662,70.0913,2.12977,ch2_ohr_ncp_20190906T1246532096_d_img_d18,ch2_tmc_ncn_20220518T1459006639_g_grd_d18
07-1-051379,-14.7662,70.0913,2.12977,ch2_ohr_ncp_20190906T1246532096_d_img_d18,ch2_tmc_ncn_20220609T1621036061_g_grd_d32
07-1-051380,-14.9007,70.114,1.26463,ch2_ohr_ncp_20190906T1246532096_d_img_d18,ch2_tmc_ncn_20201126T1808573675_g_grd_d32
07-1-051380,-14.9007,70.114,1.26463,ch2_ohr_ncp_20190906T1246532096_d_img_d18,ch2_tmc_ncn_20210514T0803114100_g_grd_d18
07-1-051380,-14.9007,70.114,1.26463,ch2_ohr_ncp_20190906T1246532096_d_img_d18,ch2_tmc_ncn_20210514T1200279624_g_grd_d18
07-1-051380,-14.9007,70.114,1.26463,ch2_ohr_ncp_20190906T1246532096_d_img_d18,ch2_tmc_ncn_20211113T1650236492_g_grd_d18
07-1-051380,-14.9007,70.114,1.26463,ch2_ohr_ncp_20190906T1246532096_d_img_d18,ch2_tmc_ncn_20220518T1459006639_g_grd_d18
07-1-051380,-14.9007,70.114,1.26463,ch2_ohr_ncp_20190906T1246532096_d_img_d18,ch2_tmc_ncn_20220609T1621036061_g_grd_d32
07-1-051382,-14.6682,71.0989,1.27457,ch2_ohr_ncp_20190906T1246532096_d_img_d18,ch2_tmc_ncn_20201126T1610528086_g_grd_d32
07-1-051382,-14.6682,71.0989,1.27457,ch2_ohr_ncp_20190906T1246532096_d_img_d18,ch2_tmc_ncn_20210514T0803114100_g_grd_d18
07-1-051382,-14.6682,71.0989,1.27457,ch2_ohr_ncp_20190906T1246532096_d_img_d18,ch2_tmc_ncn_20210514T1200279624_g_grd_d18
07-1-051382,-14.6682,71.0989,1.27457,ch2_ohr_ncp_20190906T1246532096_d_img_d18,ch2_tmc_ncn_20211113T1650236492_g_grd_d18
07-1-051382,-14.6682,71.0989,1.27457,ch2_ohr_ncp_20190906T1246532096_d_img_d18,ch2_tmc_ncn_20220518T1459006639_g_grd_d18
07-1-051384,-14.7246,71.1549,1.47265,ch2_ohr_ncp_20190906T1246532096_d_img_d18,ch2_tmc_ncn_20201126T1610528086_g_grd_d32
07-1-051384,-14.7246,71.1549,1.47265,ch2_ohr_ncp_20190906T1246532096_d_img_d18,ch2_tmc_ncn_20210514T0803114100_g_grd_d18
07-1-051384,-14.7246,71.1549,1.47265,ch2_ohr_ncp_20190906T1246532096_d_img_d18,ch2_tmc_ncn_20210514T1200279624_g_grd_d18
07-1-051384,-14.7246,71.1549,1.47265,ch2_ohr_ncp_20190906T1246532096_d_img_d18,ch2_tmc_ncn_20211113T1650236492_g_grd_d18
07-1-051384,-14.7246,71.1549,1.47265,ch2_ohr_ncp_20190906T1246532096_d_img_d18,ch2_tmc_ncn_20220518T1459006639_g_grd_d18
07-1-051386,-14.7548,71.158,1.0971,ch2_ohr_ncp_20190906T1246532096_d_img_d18,ch2_tmc_ncn_20201126T1610528086_g_grd_d32
07-1-051386,-14.7548,71.158,1.0971,ch2_ohr_ncp_20190906T1246532096_d_img_d18,ch2_tmc_ncn_20210514T0803114100_g_grd_d18
07-1-051386,-14.7548,71.158,1.0971,ch2_ohr_ncp_20190906T1246532096_d_img_d18,ch2_tmc_ncn_20210514T1200279624_g_grd_d18
07-1-051386,-14.7548,71.158,1.0971,ch2_ohr_ncp_20190906T1246532096_d_img_d18,ch2_tmc_ncn_20211113T1650236492_g_grd_d18
07-1-051386,-14.7548,71.158,1.0971,ch2_ohr_ncp_20190906T1246532096_d_img_d18,ch2_tmc_ncn_20220518T1459006639_g_grd_d18
07-1-051387,-14.7804,71.159,1.29528,ch2_ohr_ncp_20190906T1246532096_d_img_d18,ch2_tmc_ncn_20201126T1610528086_g_grd_d32
07-1-051387,-14.7804,71.159,1.29528,ch2_ohr_ncp_20190906T1246532096_d_img_d18,ch2_tmc_ncn_20210514T0803114100_g_grd_d18
07-1-051387,-14.7804,71.159,1.29528,ch2_ohr_ncp_20190906T1246532096_d_img_d18,ch2_tmc_ncn_20210514T1200279624_g_grd_d18
07-1-051387,-14.7804,71.159,1.29528,ch2_ohr_ncp_20190906T1246532096_d_img_d18,ch2_tmc_ncn_20211113T1650236492_g_grd_d18
07-1-051387,-14.7804,71.159,1.29528,ch2_ohr_ncp_20190906T1246532096_d_img_d18,ch2_tmc_ncn_20220518T1459006639_g_grd_d18
07-1-051391,-14.9777,70.4075,1.09698,ch2_ohr_ncp_20190906T1246532096_d_img_d18,ch2_tmc_ncn_20201126T1610528086_g_grd_d32
07-1-051391,-14.9777,70.4075,1.09698,ch2_ohr_ncp_20190906T1246532096_d_img_d18,ch2_tmc_ncn_20210514T0803114100_g_grd_d18
07-1-051391,-14.9777,70.4075,1.09698,ch2_ohr_ncp_20190906T1246532096_d_img_d18,ch2_tmc_ncn_20210514T1200279624_g_grd_d18
07-1-051391,-14.9777,70.4075,1.09698,ch2_ohr_ncp_20190906T1246532096_d_img_d18,ch2_tmc_ncn_20211113T1650236492_g_grd_d18
07-1-051391,-14.9777,70.4075,1.09698,ch2_ohr_ncp_20190906T1246532096_d_img_d18,ch2_tmc_ncn_20220518T1459006639_g_grd_d18
07-1-054065,-14.6945,71.36,1.73471,ch2_ohr_ncp_20190906T1246532096_d_img_d18,ch2_tmc_ncn_20201126T1610528086_g_grd_d32
07-1-054065,-14.6945,71.36,1.73471,ch2_ohr_ncp_20190906T1246532096_d_img_d18,ch2_tmc_ncn_20210514T0803114100_g_grd_d18
07-1-054065,-14.6945,71.36,1.73471,ch2_ohr_ncp_20190906T1246532096_d_img_d18,ch2_tmc_ncn_20210514T1200279624_g_grd_d18
07-1-054065,-14.6945,71.36,1.73471,ch2_ohr_ncp_20190906T1246532096_d_img_d18,ch2_tmc_ncn_20211113T1650236492_g_grd_d18
07-1-054065,-14.6945,71.36,1.73471,ch2_ohr_ncp_20190906T1246532096_d_img_d18,ch2_tmc_ncn_20220518T1459006639_g_grd_d18
07-1-054066,-14.8026,71.2979,2.20397,ch2_ohr_ncp_20190906T1246532096_d_img_d18,ch2_tmc_ncn_20201126T1610528086_g_grd_d32
07-1-054066,-14.8026,71.2979,2.20397,ch2_ohr_ncp_20190906T1246532096_d_img_d18,ch2_tmc_ncn_20210514T0803114100_g_grd_d18
07-1-054066,-14.8026,71.2979,2.20397,ch2_ohr_ncp_20190906T1246532096_d_img_d18,ch2_tmc_ncn_20210514T1200279624_g_grd_d18
07-1-054066,-14.8026,71.2979,2.20397,ch2_ohr_ncp_20190906T1246532096_d_img_d18,ch2_tmc_ncn_20211113T1650236492_g_grd_d18
07-1-054066,-14.8026,71.2979,2.20397,ch2_ohr_ncp_20190906T1246532096_d_img_d18,ch2_tmc_ncn_20220518T1459006639_g_grd_d18
07-1-054068,-15.2425,71.0736,1.04679,ch2_ohr_ncp_20190906T1246532096_d_img_d18,ch2_tmc_ncn_20201126T1610528086_g_grd_d32
07-1-054068,-15.2425,71.0736,1.04679,ch2_ohr_ncp_20190906T1246532096_d_img_d18,ch2_tmc_ncn_20210514T0803114100_g_grd_d18
07-1-054068,-15.2425,71.0736,1.04679,ch2_ohr_ncp_20190906T1246532096_d_img_d18,ch2_tmc_ncn_20210514T1200279624_g_grd_d18
07-1-054068,-15.2425,71.0736,1.04679,ch2_ohr_ncp_20190906T1246532096_d_img_d18,ch2_tmc_ncn_20211113T1650236492_g_grd_d18
07-1-054068,-15.2425,71.0736,1.04679,ch2_ohr_ncp_20190906T1246532096_d_img_d18,ch2_tmc_ncn_20220518T1459006639_g_grd_d18
07-1-054070,-15.5176,71.3988,1.69236,ch2_ohr_ncp_20190906T1246532096_d_img_d18,ch2_tmc_ncn_20201126T1610528086_g_grd_d32
07-1-054070,-15.5176,71.3988,1.69236,ch2_ohr_ncp_20190906T1246532096_d_img_d18,ch2_tmc_ncn_20210514T0803114100_g_grd_d18
07-1-054070,-15.5176,71.3988,1.69236,ch2_ohr_ncp_20190906T1246532096_d_img_d18,ch2_tmc_ncn_20210514T1200279624_g_grd_d18
07-1-054070,-15.5176,71.3988,1.69236,ch2_ohr_ncp_20190906T1246532096_d_img_d18,ch2_tmc_ncn_20211113T1650236492_g_grd_d18
07-1-054070,-15.5176,71.3988,1.69236,ch2_ohr_ncp_20190906T1246532096_d_img_d18,ch2_tmc_ncn_20220518T1459006639_g_grd_d18
07-1-054078,-15.6185,71.3015,1.29233,ch2_ohr_ncp_20190906T1246532096_d_img_d18,ch2_tmc_ncn_20201126T1610528086_g_grd_d32
07-1-054078,-15.6185,71.3015,1.29233,ch2_ohr_ncp_20190906T1246532096_d_img_d18,ch2_tmc_ncn_20210514T0803114100_g_grd_d18
07-1-054078,-15.6185,71.3015,1.29233,ch2_ohr_ncp_20190906T1246532096_d_img_d18,ch2_tmc_ncn_20210514T1200279624_g_grd_d18
07-1-054078,-15.6185,71.3015,1.29233,ch2_ohr_ncp_20190906T1246532096_d_img_d18,ch2_tmc_ncn_20211113T1650236492_g_grd_d18
07-1-054078,-15.6185,71.3015,1.29233,ch2_ohr_ncp_20190906T1246532096_d_img_d18,ch2_tmc_ncn_20220518T1459006639_g_grd_d18
07-1-054079,-15.3659,71.1367,1.41521,ch2_ohr_ncp_20190906T1246532096_d_img_d18,ch2_tmc_ncn_20201126T1610528086_g_grd_d32
07-1-054079,-15.3659,71.1367,1.41521,ch2_ohr_ncp_20190906T1246532096_d_img_d18,ch2_tmc_ncn_20210514T0803114100_g_grd_d18
07-1-054079,-15.3659,71.1367,1.41521,ch2_ohr_ncp_20190906T1246532096_d_img_d18,ch2_tmc_ncn_20210514T1200279624_g_grd_d18
07-1-054079,-15.3659,71.1367,1.41521,ch2_ohr_ncp_20190906T1246532096_d_img_d18,ch2_tmc_ncn_20211113T1650236492_g_grd_d18
07-1-054079,-15.3659,71.1367,1.41521,ch2_ohr_ncp_20190906T1246532096_d_img_d18,ch2_tmc_ncn_20220518T1459006639_g_grd_d18
07-1-054081,-15.4205,71.1398,1.12935,ch2_ohr_ncp_20190906T1246532096_d_img_d18,ch2_tmc_ncn_20201126T1610528086_g_grd_d32
07-1-054081,-15.4205,71.1398,1.12935,ch2_ohr_ncp_20190906T1246532096_d_img_d18,ch2_tmc_ncn_20210514T0803114100_g_grd_d18
07-1-054081,-15.4205,71.1398,1.12935,ch2_ohr_ncp_20190906T1246532096_d_img_d18,ch2_tmc_ncn_20210514T1200279624_g_grd_d18
07-1-054081,-15.4205,71.1398,1.12935,ch2_ohr_ncp_20190906T1246532096_d_img_d18,ch2_tmc_ncn_20211113T1650236492_g_grd_d18
07-1-054081,-15.4205,71.1398,1.12935,ch2_ohr_ncp_20190906T1246532096_d_img_d18,ch2_tmc_ncn_20220518T1459006639_g_grd_d18
07-1-054082,-15.5782,70.7391,3.79923,ch2_ohr_ncp_20190906T1246532096_d_img_d18,ch2_tmc_ncn_20201126T1610528086_g_grd_d32
07-1-054082,-15.5782,70.7391,3.79923,ch2_ohr_ncp_20190906T1246532096_d_img_d18,ch2_tmc_ncn_20210514T0803114100_g_grd_d18
07-1-054082,-15.5782,70.7391,3.79923,ch2_ohr_ncp_20190906T1246532096_d_img_d18,ch2_tmc_ncn_20210514T1200279624_g_grd_d18
07-1-054082,-15.5782,70.7391,3.79923,ch2_ohr_ncp_20190906T1246532096_d_img_d18,ch2_tmc_ncn_20211113T1650236492_g_grd_d18
07-1-054082,-15.5782,70.7391,3.79923,ch2_ohr_ncp_20190906T1246532096_d_img_d18,ch2_tmc_ncn_20220518T1459006639_g_grd_d18
07-1-054084,-14.8134,71.4205,1.55318,ch2_ohr_ncp_20190906T1246532096_d_img_d18,ch2_tmc_ncn_20201126T1610528086_g_grd_d32
07-1-054084,-14.8134,71.4205,1.55318,ch2_ohr_ncp_20190906T1246532096_d_img_d18,ch2_tmc_ncn_20210514T0803114100_g_grd_d18
07-1-054084,-14.8134,71.4205,1.55318,ch2_ohr_ncp_20190906T1246532096_d_img_d18,ch2_tmc_ncn_20210514T1200279624_g_grd_d18
07-1-054084,-14.8134,71.4205,1.55318,ch2_ohr_ncp_20190906T1246532096_d_img_d18,ch2_tmc_ncn_20211113T1650236492_g_grd_d18
07-1-054084,-14.8134,71.4205,1.55318,ch2_ohr_ncp_20190906T1246532096_d_img_d18,ch2_tmc_ncn_20220518T1459006639_g_grd_d18
07-1-054085,-15.0813,70.8012,2.26583,ch2_ohr_ncp_20190906T1246532096_d_img_d18,ch2_tmc_ncn_20201126T1610528086_g_grd_d32
07-1-054085,-15.0813,70.8012,2.26583,ch2_ohr_ncp_20190906T1246532096_d_img_d18,ch2_tmc_ncn_20210514T0803114100_g_grd_d18
07-1-054085,-15.0813,70.8012,2.26583,ch2_ohr_ncp_20190906T1246532096_d_img_d18,ch2_tmc_ncn_20210514T1200279624_g_grd_d18
07-1-054085,-15.0813,70.8012,2.26583,ch2_ohr_ncp_20190906T1246532096_d_img_d18,ch2_tmc_ncn_20211113T1650236492_g_grd_d18
07-1-054085,-15.0813,70.8012,2.26583,ch2_ohr_ncp_20190906T1246532096_d_img_d18,ch2_tmc_ncn_20220518T1459006639_g_grd_d18
07-1-054088,-15.3268,70.7798,1.14064,ch2_ohr_ncp_20190906T1246532096_d_img_d18,ch2_tmc_ncn_20201126T1610528086_g_grd_d32
07-1-054088,-15.3268,70.7798,1.14064,ch2_ohr_ncp_20190906T1246532096_d_img_d18,ch2_tmc_ncn_20210514T0803114100_g_grd_d18
07-1-054088,-15.3268,70.7798,1.14064,ch2_ohr_ncp_20190906T1246532096_d_img_d18,ch2_tmc_ncn_20210514T1200279624_g_grd_d18
07-1-054088,-15.3268,70.7798,1.14064,ch2_ohr_ncp_20190906T1246532096_d_img_d18,ch2_tmc_ncn_20211113T1650236492_g_grd_d18
07-1-054088,-15.3268,70.7798,1.14064,ch2_ohr_ncp_20190906T1246532096_d_img_d18,ch2_tmc_ncn_20220518T1459006639_g_grd_d18
07-1-054090,-14.6743,69.975,2.51681,ch2_ohr_ncp_20190906T1246532096_d_img_d18,ch2_tmc_ncn_20201126T1808573675_g_grd_d32
07-1-054090,-14.6743,69.975,2.51681,ch2_ohr_ncp_20190906T1246532096_d_img_d18,ch2_tmc_ncn_20210514T0803114100_g_grd_d18
07-1-054090,-14.6743,69.975,2.51681,ch2_ohr_ncp_20190906T1246532096_d_img_d18,ch2_tmc_ncn_20210514T1200279624_g_grd_d18
07-1-054090,-14.6743,69.975,2.51681,ch2_ohr_ncp_20190906T1246532096_d_img_d18,ch2_tmc_ncn_20211113T1650236492_g_grd_d18
07-1-054090,-14.6743,69.975,2.51681,ch2_ohr_ncp_20190906T1246532096_d_img_d18,ch2_tmc_ncn_20220518T1459006639_g_grd_d18
07-1-054090,-14.6743,69.975,2.51681,ch2_ohr_ncp_20190906T1246532096_d_img_d18,ch2_tmc_ncn_20220609T1621036061_g_grd_d32
07-1-054091,-14.6296,69.9176,2.45815,ch2_ohr_ncp_20190906T1246532096_d_img_d18,ch2_tmc_ncn_20200131T1010006367_g_grd_d18
07-1-054091,-14.6296,69.9176,2.45815,ch2_ohr_ncp_20190906T1246532096_d_img_d18,ch2_tmc_ncn_20201126T1808573675_g_grd_d32
07-1-054091,-14.6296,69.9176,2.45815,ch2_ohr_ncp_20190906T1246532096_d_img_d18,ch2_tmc_ncn_20210514T0803114100_g_grd_d18
07-1-054091,-14.6296,69.9176,2.45815,ch2_ohr_ncp_20190906T1246532096_d_img_d18,ch2_tmc_ncn_20210514T1200279624_g_grd_d18
07-1-054091,-14.6296,69.9176,2.45815,ch2_ohr_ncp_20190906T1246532096_d_img_d18,ch2_tmc_ncn_20211113T1650236492_g_grd_d18
07-1-054091,-14.6296,69.9176,2.45815,ch2_ohr_ncp_20190906T1246532096_d_img_d18,ch2_tmc_ncn_20220518T1459006639_g_grd_d18
07-1-054091,-14.6296,69.9176,2.45815,ch2_ohr_ncp_20190906T1246532096_d_img_d18,ch2_tmc_ncn_20220609T1621036061_g_grd_d32
07-1-054092,-14.5326,69.8379,1.59746,ch2_ohr_ncp_20190906T1246532096_d_img_d18,ch2_tmc_ncn_20200131T1010006367_g_grd_d18
07-1-054092,-14.5326,69.8379,1.59746,ch2_ohr_ncp_20190906T1246532096_d_img_d18,ch2_tmc_ncn_20201126T1808573675_g_grd_d32
07-1-054092,-14.5326,69.8379,1.59746,ch2_ohr_ncp_20190906T1246532096_d_img_d18,ch2_tmc_ncn_20210514T0803114100_g_grd_d18
07-1-054092,-14.5326,69.8379,1.59746,ch2_ohr_ncp_20190906T1246532096_d_img_d18,ch2_tmc_ncn_20210514T1200279624_g_grd_d18
07-1-054092,-14.5326,69.8379,1.59746,ch2_ohr_ncp_20190906T1246532096_d_img_d18,ch2_tmc_ncn_20211113T1650236492_g_grd_d18
07-1-054092,-14.5326,69.8379,1.59746,ch2_ohr_ncp_20190906T1246532096_d_img_d18,ch2_tmc_ncn_20220518T1459006639_g_grd_d18
07-1-054092,-14.5326,69.8379,1.59746,ch2_ohr_ncp_20190906T1246532096_d_img_d18,ch2_tmc_ncn_20220609T1621036061_g_grd_d32
07-1-054093,-14.5724,69.8671,1.94856,ch2_ohr_ncp_20190906T1246532096_d_img_d18,ch2_tmc_ncn_20200131T1010006367_g_grd_d18
07-1-054093,-14.5724,69.8671,1.94856,ch2_ohr_ncp_20190906T1246532096_d_img_d18,ch2_tmc_ncn_20201126T1808573675_g_grd_d32
07-1-054093,-14.5724,69.8671,1.94856,ch2_ohr_ncp_20190906T1246532096_d_img_d18,ch2_tmc_ncn_20210514T0803114100_g_grd_d18
07-1-054093,-14.5724,69.8671,1.94856,ch2_ohr_ncp_20190906T1246532096_d_img_d18,ch2_tmc_ncn_20210514T1200279624_g_grd_d18
07-1-054093,-14.5724,69.8671,1.94856,ch2_ohr_ncp_20190906T1246532096_d_img_d18,ch2_tmc_ncn_20211113T1650236492_g_grd_d18
07-1-054093,-14.5724,69.8671,1.94856,ch2_ohr_ncp_20190906T1246532096_d_img_d18,ch2_tmc_ncn_20220518T1459006639_g_grd_d18
07-1-054093,-14.5724,69.8671,1.94856,ch2_ohr_ncp_20190906T1246532096_d_img_d18,ch2_tmc_ncn_20220609T1621036061_g_grd_d32
07-1-054094,-14.7229,69.9484,1.35078,ch2_ohr_ncp_20190906T1246532096_d_img_d18,ch2_tmc_ncn_20200131T1010006367_g_grd_d18
07-1-054094,-14.7229,69.9484,1.35078,ch2_ohr_ncp_20190906T1246532096_d_img_d18,ch2_tmc_ncn_20201126T1808573675_g_grd_d32
07-1-054094,-14.7229,69.9484,1.35078,ch2_ohr_ncp_20190906T1246532096_d_img_d18,ch2_tmc_ncn_20210514T0803114100_g_grd_d18
07-1-054094,-14.7229,69.9484,1.35078,ch2_ohr_ncp_20190906T1246532096_d_img_d18,ch2_tmc_ncn_20210514T1200279624_g_grd_d18
07-1-054094,-14.7229,69.9484,1.35078,ch2_ohr_ncp_20190906T1246532096_d_img_d18,ch2_tmc_ncn_20211113T1650236492_g_grd_d18
07-1-054094,-14.7229,69.9484,1.35078,ch2_ohr_ncp_20190906T1246532096_d_img_d18,ch2_tmc_ncn_20220518T1459006639_g_grd_d18
07-1-054094,-14.7229,69.9484,1.35078,ch2_ohr_ncp_20190906T1246532096_d_img_d18,ch2_tmc_ncn_20220609T1621036061_g_grd_d32
07-1-054095,-14.7769,69.8863,1.27807,ch2_ohr_ncp_20190906T1246532096_d_img_d18,ch2_tmc_ncn_20200131T1010006367_g_grd_d18
07-1-054095,-14.7769,69.8863,1.27807,ch2_ohr_ncp_20190906T1246532096_d_img_d18,ch2_tmc_ncn_20201126T1808573675_g_grd_d32
07-1-054095,-14.7769,69.8863,1.27807,ch2_ohr_ncp_20190906T1246532096_d_img_d18,ch2_tmc_ncn_20210514T0803114100_g_grd_d18
07-1-054095,-14.7769,69.8863,1.27807,ch2_ohr_ncp_20190906T1246532096_d_img_d18,ch2_tmc_ncn_20210514T1200279624_g_grd_d18
07-1-054095,-14.7769,69.8863,1.27807,ch2_ohr_ncp_20190906T1246532096_d_img_d18,ch2_tmc_ncn_20211113T1650236492_g_grd_d18
07-1-054095,-14.7769,69.8863,1.27807,ch2_ohr_ncp_20190906T1246532096_d_img_d18,ch2_tmc_ncn_20220518T1459006639_g_grd_d18
07-1-054095,-14.7769,69.8863,1.27807,ch2_ohr_ncp_20190906T1246532096_d_img_d18,ch2_tmc_ncn_20220609T1621036061_g_grd_d32
07-1-054096,-14.8101,69.8823,1.29555,ch2_ohr_ncp_20190906T1246532096_d_img_d18,ch2_tmc_ncn_20200131T1010006367_g_grd_d18
07-1-054096,-14.8101,69.8823,1.29555,ch2_ohr_ncp_20190906T1246532096_d_img_d18,ch2_tmc_ncn_20201126T1808573675_g_grd_d32
07-1-054096,-14.8101,69.8823,1.29555,ch2_ohr_ncp_20190906T1246532096_d_img_d18,ch2_tmc_ncn_20210514T0803114100_g_grd_d18
07-1-054096,-14.8101,69.8823,1.29555,ch2_ohr_ncp_20190906T1246532096_d_img_d18,ch2_tmc_ncn_20210514T1200279624_g_grd_d18
07-1-054096,-14.8101,69.8823,1.29555,ch2_ohr_ncp_20190906T1246532096_d_img_d18,ch2_tmc_ncn_20211113T1650236492_g_grd_d18
07-1-054096,-14.8101,69.8823,1.29555,ch2_ohr_ncp_20190906T1246532096_d_img_d18,ch2_tmc_ncn_20220518T1459006639_g_grd_d18
07-1-054096,-14.8101,69.8823,1.29555,ch2_ohr_ncp_20190906T1246532096_d_img_d18,ch2_tmc_ncn_20220609T1621036061_g_grd_d32
07-1-054097,-14.7604,69.9783,1.28762,ch2_ohr_ncp_20190906T1246532096_d_img_d18,ch2_tmc_ncn_20201126T1808573675_g_grd_d32
07-1-054097,-14.7604,69.9783,1.28762,ch2_ohr_ncp_20190906T1246532096_d_img_d18,ch2_tmc_ncn_20210514T0803114100_g_grd_d18
07-1-054097,-14.7604,69.9783,1.28762,ch2_ohr_ncp_20190906T1246532096_d_img_d18,ch2_tmc_ncn_20210514T1200279624_g_grd_d18
07-1-054097,-14.7604,69.9783,1.28762,ch2_ohr_ncp_20190906T1246532096_d_img_d18,ch2_tmc_ncn_20211113T1650236492_g_grd_d18
07-1-054097,-14.7604,69.9783,1.28762,ch2_ohr_ncp_20190906T1246532096_d_img_d18,ch2_tmc_ncn_20220518T1459006639_g_grd_d18
07-1-054097,-14.7604,69.9783,1.28762,ch2_ohr_ncp_20190906T1246532096_d_img_d18,ch2_tmc_ncn_20220609T1621036061_g_grd_d32
07-1-054098,-14.7726,69.9396,1.65999,ch2_ohr_ncp_20190906T1246532096_d_img_d18,ch2_tmc_ncn_20200131T1010006367_g_grd_d18
07-1-054098,-14.7726,69.9396,1.65999,ch2_ohr_ncp_20190906T1246532096_d_img_d18,ch2_tmc_ncn_20201126T1808573675_g_grd_d32
07-1-054098,-14.7726,69.9396,1.65999,ch2_ohr_ncp_20190906T1246532096_d_img_d18,ch2_tmc_ncn_20210514T0803114100_g_grd_d18
07-1-054098,-14.7726,69.9396,1.65999,ch2_ohr_ncp_20190906T1246532096_d_img_d18,ch2_tmc_ncn_20210514T1200279624_g_grd_d18
07-1-054098,-14.7726,69.9396,1.65999,ch2_ohr_ncp_20190906T1246532096_d_img_d18,ch2_tmc_ncn_20211113T1650236492_g_grd_d18
07-1-054098,-14.7726,69.9396,1.65999,ch2_ohr_ncp_20190906T1246532096_d_img_d18,ch2_tmc_ncn_20220518T1459006639_g_grd_d18
07-1-054098,-14.7726,69.9396,1.65999,ch2_ohr_ncp_20190906T1246532096_d_img_d18,ch2_tmc_ncn_20220609T1621036061_g_grd_d32
07-1-054099,-14.4561,69.9397,1.39538,ch2_ohr_ncp_20190906T1246532096_d_img_d18,ch2_tmc_ncn_20200131T1010006367_g_grd_d18
07-1-054099,-14.4561,69.9397,1.39538,ch2_ohr_ncp_20190906T1246532096_d_img_d18,ch2_tmc_ncn_20201126T1808573675_g_grd_d32
07-1-054099,-14.4561,69.9397,1.39538,ch2_ohr_ncp_20190906T1246532096_d_img_d18,ch2_tmc_ncn_20210514T0803114100_g_grd_d18
07-1-054099,-14.4561,69.9397,1.39538,ch2_ohr_ncp_20190906T1246532096_d_img_d18,ch2_tmc_ncn_20210514T1200279624_g_grd_d18
07-1-054099,-14.4561,69.9397,1.39538,ch2_ohr_ncp_20190906T1246532096_d_img_d18,ch2_tmc_ncn_20211113T1650236492_g_grd_d18
07-1-054099,-14.4561,69.9397,1.39538,ch2_ohr_ncp_20190906T1246532096_d_img_d18,ch2_tmc_ncn_20220518T1459006639_g_grd_d18
07-1-054099,-14.4561,69.9397,1.39538,ch2_ohr_ncp_20190906T1246532096_d_img_d18,ch2_tmc_ncn_20220609T1621036061_g_grd_d32
07-1-054100,-14.5041,69.9564,1.85704,ch2_ohr_ncp_20190906T1246532096_d_img_d18,ch2_tmc_ncn_20201126T1808573675_g_grd_d32
07-1-054100,-14.5041,69.9564,1.85704,ch2_ohr_ncp_20190906T1246532096_d_img_d18,ch2_tmc_ncn_20210514T0803114100_g_grd_d18
07-1-054100,-14.5041,69.9564,1.85704,ch2_ohr_ncp_20190906T1246532096_d_img_d18,ch2_tmc_ncn_20210514T1200279624_g_grd_d18
07-1-054100,-14.5041,69.9564,1.85704,ch2_ohr_ncp_20190906T1246532096_d_img_d18,ch2_tmc_ncn_20211113T1650236492_g_grd_d18
07-1-054100,-14.5041,69.9564,1.85704,ch2_ohr_ncp_20190906T1246532096_d_img_d18,ch2_tmc_ncn_20220518T1459006639_g_grd_d18
07-1-054100,-14.5041,69.9564,1.85704,ch2_ohr_ncp_20190906T1246532096_d_img_d18,ch2_tmc_ncn_20220609T1621036061_g_grd_d32
07-1-054102,-14.3263,70.1193,1.15026,ch2_ohr_ncp_20190906T1246532096_d_img_d18,ch2_tmc_ncn_20201126T1808573675_g_grd_d32
07-1-054102,-14.3263,70.1193,1.15026,ch2_ohr_ncp_20190906T1246532096_d_img_d18,ch2_tmc_ncn_20210514T0803114100_g_grd_d18
07-1-054102,-14.3263,70.1193,1.15026,ch2_ohr_ncp_20190906T1246532096_d_img_d18,ch2_tmc_ncn_20210514T1200279624_g_grd_d18
07-1-054102,-14.3263,70.1193,1.15026,ch2_ohr_ncp_20190906T1246532096_d_img_d18,ch2_tmc_ncn_20211113T1650236492_g_grd_d18
07-1-054102,-14.3263,70.1193,1.15026,ch2_ohr_ncp_20190906T1246532096_d_img_d18,ch2_tmc_ncn_20220518T1459006639_g_grd_d18
07-1-054102,-14.3263,70.1193,1.15026,ch2_ohr_ncp_20190906T1246532096_d_img_d18,ch2_tmc_ncn_20220609T1621036061_g_grd_d32
07-1-054104,-14.3239,69.6034,1.00744,ch2_ohr_ncp_20190906T1246532096_d_img_d18,ch2_tmc_ncn_20200131T1010006367_g_grd_d18
07-1-054104,-14.3239,69.6034,1.00744,ch2_ohr_ncp_20190906T1246532096_d_img_d18,ch2_tmc_ncn_20201126T1808573675_g_grd_d32
07-1-054104,-14.3239,69.6034,1.00744,ch2_ohr_ncp_20190906T1246532096_d_img_d18,ch2_tmc_ncn_20210514T0803114100_g_grd_d18
07-1-054104,-14.3239,69.6034,1.00744,ch2_ohr_ncp_20190906T1246532096_d_img_d18,ch2_tmc_ncn_20210514T1200279624_g_grd_d18
07-1-054104,-14.3239,69.6034,1.00744,ch2_ohr_ncp_20190906T1246532096_d_img_d18,ch2_tmc_ncn_20211113T1650236492_g_grd_d18
07-1-054104,-14.3239,69.6034,1.00744,ch2_ohr_ncp_20190906T1246532096_d_img_d18,ch2_tmc_ncn_20220518T1459006639_g_grd_d18
07-1-054104,-14.3239,69.6034,1.00744,ch2_ohr_ncp_20190906T1246532096_d_img_d18,ch2_tmc_ncn_20220609T1621036061_g_grd_d32
07-1-054105,-14.5576,69.6843,1.11605,ch2_ohr_ncp_20190906T1246532096_d_img_d18,ch2_tmc_ncn_20200131T1010006367_g_grd_d18
07-1-054105,-14.5576,69.6843,1.11605,ch2_ohr_ncp_20190906T1246532096_d_img_d18,ch2_tmc_ncn_20201126T1808573675_g_grd_d32
07-1-054105,-14.5576,69.6843,1.11605,ch2_ohr_ncp_20190906T1246532096_d_img_d18,ch2_tmc_ncn_20210514T0803114100_g_grd_d18
07-1-054105,-14.5576,69.6843,1.11605,ch2_ohr_ncp_20190906T1246532096_d_img_d18,ch2_tmc_ncn_20210514T1200279624_g_grd_d18
07-1-054105,-14.5576,69.6843,1.11605,ch2_ohr_ncp_20190906T1246532096_d_img_d18,ch2_tmc_ncn_20211113T1650236492_g_grd_d18
07-1-054105,-14.5576,69.6843,1.11605,ch2_ohr_ncp_20190906T1246532096_d_img_d18,ch2_tmc_ncn_20220518T1459006639_g_grd_d18
07-1-054105,-14.5576,69.6843,1.11605,ch2_ohr_ncp_20190906T1246532096_d_img_d18,ch2_tmc_ncn_20220609T1621036061_g_grd_d32
07-1-054109,-14.775,69.6638,1.35634,ch2_ohr_ncp_20190906T1246532096_d_img_d18,ch2_tmc_ncn_20200131T1010006367_g_grd_d18
07-1-054109,-14.775,69.6638,1.35634,ch2_ohr_ncp_20190906T1246532096_d_img_d18,ch2_tmc_ncn_20201126T1808573675_g_grd_d32
07-1-054109,-14.775,69.6638,1.35634,ch2_ohr_ncp_20190906T1246532096_d_img_d18,ch2_tmc_ncn_20210514T0803114100_g_grd_d18
07-1-054109,-14.775,69.6638,1.35634,ch2_ohr_ncp_20190906T1246532096_d_img_d18,ch2_tmc_ncn_20210514T1200279624_g_grd_d18
07-1-054109,-14.775,69.6638,1.35634,ch2_ohr_ncp_20190906T1246532096_d_img_d18,ch2_tmc_ncn_20211113T1650236492_g_grd_d18
07-1-054109,-14.775,69.6638,1.35634,ch2_ohr_ncp_20190906T1246532096_d_img_d18,ch2_tmc_ncn_20220518T1459006639_g_grd_d18
07-1-054109,-14.775,69.6638,1.35634,ch2_ohr_ncp_20190906T1246532096_d_img_d18,ch2_tmc_ncn_20220609T1621036061_g_grd_d32
07-1-054111,-14.8093,69.6073,1.43458,ch2_ohr_ncp_20190906T1246532096_d_img_d18,ch2_tmc_ncn_20200131T1010006367_g_grd_d18
07-1-054111,-14.8093,69.6073,1.43458,ch2_ohr_ncp_20190906T1246532096_d_img_d18,ch2_tmc_ncn_20201126T1808573675_g_grd_d32
07-1-054111,-14.8093,69.6073,1.43458,ch2_ohr_ncp_20190906T1246532096_d_img_d18,ch2_tmc_ncn_20210514T0803114100_g_grd_d18
07-1-054111,-14.8093,69.6073,1.43458,ch2_ohr_ncp_20190906T1246532096_d_img_d18,ch2_tmc_ncn_20210514T1200279624_g_grd_d18
07-1-054111,-14.8093,69.6073,1.43458,ch2_ohr_ncp_20190906T1246532096_d_img_d18,ch2_tmc_ncn_20211113T1650236492_g_grd_d18
07-1-054111,-14.8093,69.6073,1.43458,ch2_ohr_ncp_20190906T1246532096_d_img_d18,ch2_tmc_ncn_20220518T1459006639_g_grd_d18
07-1-054111,-14.8093,69.6073,1.43458,ch2_ohr_ncp_20190906T1246532096_d_img_d18,ch2_tmc_ncn_20220609T1621036061_g_grd_d32
07-1-054112,-14.8281,69.6448,1.15165,ch2_ohr_ncp_20190906T1246532096_d_img_d18,ch2_tmc_ncn_20200131T1010006367_g_grd_d18
07-1-054112,-14.8281,69.6448,1.15165,ch2_ohr_ncp_20190906T1246532096_d_img_d18,ch2_tmc_ncn_20201126T1808573675_g_grd_d32
07-1-054112,-14.8281,69.6448,1.15165,ch2_ohr_ncp_20190906T1246532096_d_img_d18,ch2_tmc_ncn_20210514T0803114100_g_grd_d18
07-1-054112,-14.8281,69.6448,1.15165,ch2_ohr_ncp_20190906T1246532096_d_img_d18,ch2_tmc_ncn_20210514T1200279624_g_grd_d18
07-1-054112,-14.8281,69.6448,1.15165,ch2_ohr_ncp_20190906T1246532096_d_img_d18,ch2_tmc_ncn_20211113T1650236492_g_grd_d18
07-1-054112,-14.8281,69.6448,1.15165,ch2_ohr_ncp_20190906T1246532096_d_img_d18,ch2_tmc_ncn_20220518T1459006639_g_grd_d18
07-1-054112,-14.8281,69.6448,1.15165,ch2_ohr_ncp_20190906T1246532096_d_img_d18,ch2_tmc_ncn_20220609T1621036061_g_grd_d32
07-1-054114,-14.9705,70.2233,1.05034,ch2_ohr_ncp_20190906T1246532096_d_img_d18,ch2_tmc_ncn_20201126T1610528086_g_grd_d32
07-1-054114,-14.9705,70.2233,1.05034,ch2_ohr_ncp_20190906T1246532096_d_img_d18,ch2_tmc_ncn_20201126T1808573675_g_grd_d32
07-1-054114,-14.9705,70.2233,1.05034,ch2_ohr_ncp_20190906T1246532096_d_img_d18,ch2_tmc_ncn_20210514T0803114100_g_grd_d18
07-1-054114,-14.9705,70.2233,1.05034,ch2_ohr_ncp_20190906T1246532096_d_img_d18,ch2_tmc_ncn_20210514T1200279624_g_grd_d18
07-1-054114,-14.9705,70.2233,1.05034,ch2_ohr_ncp_20190906T1246532096_d_img_d18,ch2_tmc_ncn_20211113T1650236492_g_grd_d18
07-1-054114,-14.9705,70.2233,1.05034,ch2_ohr_ncp_20190906T1246532096_d_img_d18,ch2_tmc_ncn_20220518T1459006639_g_grd_d18
07-1-054114,-14.9705,70.2233,1.05034,ch2_ohr_ncp_20190906T1246532096_d_img_d18,ch2_tmc_ncn_20220609T1621036061_g_grd_d32
07-1-054115,-15.1618,70.259,1.62303,ch2_ohr_ncp_20190906T1246532096_d_img_d18,ch2_tmc_ncn_20201126T1610528086_g_grd_d32
07-1-054115,-15.1618,70.259,1.62303,ch2_ohr_ncp_20190906T1246532096_d_img_d18,ch2_tmc_ncn_20210514T0803114100_g_grd_d18
07-1-054115,-15.1618,70.259,1.62303,ch2_ohr_ncp_20190906T1246532096_d_img_d18,ch2_tmc_ncn_20210514T1200279624_g_grd_d18
07-1-054115,-15.1618,70.259,1.62303,ch2_ohr_ncp_20190906T1246532096_d_img_d18,ch2_tmc_ncn_20211113T1650236492_g_grd_d18
07-1-054115,-15.1618,70.259,1.62303,ch2_ohr_ncp_20190906T1246532096_d_img_d18,ch2_tmc_ncn_20220518T1459006639_g_grd_d18
07-1-054115,-15.1618,70.259,1.62303,ch2_ohr_ncp_20190906T1246532096_d_img_d18,ch2_tmc_ncn_20220609T1621036061_g_grd_d32
07-1-054116,-15.2664,70.1172,2.01581,ch2_ohr_ncp_20190906T1246532096_d_img_d18,ch2_tmc_ncn_20201126T1808573675_g_grd_d32
07-1-054116,-15.2664,70.1172,2.01581,ch2_ohr_ncp_20190906T1246532096_d_img_d18,ch2_tmc_ncn_20210514T0803114100_g_grd_d18
07-1-054116,-15.2664,70.1172,2.01581,ch2_ohr_ncp_20190906T1246532096_d_img_d18,ch2_tmc_ncn_20210514T1200279624_g_grd_d18
07-1-054116,-15.2664,70.1172,2.01581,ch2_ohr_ncp_20190906T1246532096_d_img_d18,ch2_tmc_ncn_20211113T1650236492_g_grd_d18
07-1-054116,-15.2664,70.1172,2.01581,ch2_ohr_ncp_20190906T1246532096_d_img_d18,ch2_tmc_ncn_20220518T1459006639_g_grd_d18
07-1-054116,-15.2664,70.1172,2.01581,ch2_ohr_ncp_20190906T1246532096_d_img_d18,ch2_tmc_ncn_20220609T1621036061_g_grd_d32
07-1-054117,-15.2716,70.1771,1.67035,ch2_ohr_ncp_20190906T1246532096_d_img_d18,ch2_tmc_ncn_20201126T1610528086_g_grd_d32
07-1-054117,-15.2716,70.1771,1.67035,ch2_ohr_ncp_20190906T1246532096_d_img_d18,ch2_tmc_ncn_20201126T1808573675_g_grd_d32
07-1-054117,-15.2716,70.1771,1.67035,ch2_ohr_ncp_20190906T1246532096_d_img_d18,ch2_tmc_ncn_20210514T0803114100_g_grd_d18
07-1-054117,-15.2716,70.1771,1.67035,ch2_ohr_ncp_20190906T1246532096_d_img_d18,ch2_tmc_ncn_20210514T1200279624_g_grd_d18
07-1-054117,-15.2716,70.1771,1.67035,ch2_ohr_ncp_20190906T1246532096_d_img_d18,ch2_tmc_ncn_20211113T1650236492_g_grd_d18
07-1-054117,-15.2716,70.1771,1.67035,ch2_ohr_ncp_20190906T1246532096_d_img_d18,ch2_tmc_ncn_20220518T1459006639_g_grd_d18
07-1-054117,-15.2716,70.1771,1.67035,ch2_ohr_ncp_20190906T1246532096_d_img_d18,ch2_tmc_ncn_20220609T1621036061_g_grd_d32
07-1-054123,-15.5597,70.114,1.09971,ch2_ohr_ncp_20190906T1246532096_d_img_d18,ch2_tmc_ncn_20201126T1808573675_g_grd_d32
07-1-054123,-15.5597,70.114,1.09971,ch2_ohr_ncp_20190906T1246532096_d_img_d18,ch2_tmc_ncn_20210514T0803114100_g_grd_d18
07-1-054123,-15.5597,70.114,1.09971,ch2_ohr_ncp_20190906T1246532096_d_img_d18,ch2_tmc_ncn_20210514T1200279624_g_grd_d18
07-1-054123,-15.5597,70.114,1.09971,ch2_ohr_ncp_20190906T1246532096_d_img_d18,ch2_tmc_ncn_20211113T1650236492_g_grd_d18
07-1-054123,-15.5597,70.114,1.09971,ch2_ohr_ncp_20190906T1246532096_d_img_d18,ch2_tmc_ncn_20220518T1459006639_g_grd_d18
07-1-054123,-15.5597,70.114,1.09971,ch2_ohr_ncp_20190906T1246532096_d_img_d18,ch2_tmc_ncn_20220609T1621036061_g_grd_d32
07-1-054126,-15.242,70.0115,2.6475,ch2_ohr_ncp_20190906T1246532096_d_img_d18,ch2_tmc_ncn_20201126T1808573675_g_grd_d32
07-1-054126,-15.242,70.0115,2.6475,ch2_ohr_ncp_20190906T1246532096_d_img_d18,ch2_tmc_ncn_20210514T0803114100_g_grd_d18
07-1-054126,-15.242,70.0115,2.6475,ch2_ohr_ncp_20190906T1246532096_d_img_d18,ch2_tmc_ncn_20210514T1200279624_g_grd_d18
07-1-054126,-15.242,70.0115,2.6475,ch2_ohr_ncp_20190906T1246532096_d_img_d18,ch2_tmc_ncn_20211113T1650236492_g_grd_d18
07-1-054126,-15.242,70.0115,2.6475,ch2_ohr_ncp_20190906T1246532096_d_img_d18,ch2_tmc_ncn_20220518T1459006639_g_grd_d18
07-1-054126,-15.242,70.0115,2.6475,ch2_ohr_ncp_20190906T1246532096_d_img_d18,ch2_tmc_ncn_20220609T1621036061_g_grd_d32
07-1-054127,-15.3309,69.9859,1.75013,ch2_ohr_ncp_20190906T1246532096_d_img_d18,ch2_tmc_ncn_20201126T1808573675_g_grd_d32
07-1-054127,-15.3309,69.9859,1.75013,ch2_ohr_ncp_20190906T1246532096_d_img_d18,ch2_tmc_ncn_20210514T0803114100_g_grd_d18
07-1-054127,-15.3309,69.9859,1.75013,ch2_ohr_ncp_20190906T1246532096_d_img_d18,ch2_tmc_ncn_20210514T1200279624_g_grd_d18
07-1-054127,-15.3309,69.9859,1.75013,ch2_ohr_ncp_20190906T1246532096_d_img_d18,ch2_tmc_ncn_20211113T1650236492_g_grd_d18
07-1-054127,-15.3309,69.9859,1.75013,ch2_ohr_ncp_20190906T1246532096_d_img_d18,ch2_tmc_ncn_20220518T1459006639_g_grd_d18
07-1-054127,-15.3309,69.9859,1.75013,ch2_ohr_ncp_20190906T1246532096_d_img_d18,ch2_tmc_ncn_20220609T1621036061_g_grd_d32
07-1-054128,-15.3725,69.9411,2.88126,ch2_ohr_ncp_20190906T1246532096_d_img_d18,ch2_tmc_ncn_20200131T1010006367_g_grd_d18
07-1-054128,-15.3725,69.9411,2.88126,ch2_ohr_ncp_20190906T1246532096_d_img_d18,ch2_tmc_ncn_20201126T1808573675_g_grd_d32
07-1-054128,-15.3725,69.9411,2.88126,ch2_ohr_ncp_20190906T1246532096_d_img_d18,ch2_tmc_ncn_20210514T0803114100_g_grd_d18
07-1-054128,-15.3725,69.9411,2.88126,ch2_ohr_ncp_20190906T1246532096_d_img_d18,ch2_tmc_ncn_20210514T1200279624_g_grd_d18
07-1-054128,-15.3725,69.9411,2.88126,ch2_ohr_ncp_20190906T1246532096_d_img_d18,ch2_tmc_ncn_20211113T1650236492_g_grd_d18
07-1-054128,-15.3725,69.9411,2.88126,ch2_ohr_ncp_20190906T1246532096_d_img_d18,ch2_tmc_ncn_20220518T1459006639_g_grd_d18
07-1-054128,-15.3725,69.9411,2.88126,ch2_ohr_ncp_20190906T1246532096_d_img_d18,ch2_tmc_ncn_20220609T1621036061_g_grd_d32
07-1-054129,-15.2597,69.9409,1.45158,ch2_ohr_ncp_20190906T1246532096_d_img_d18,ch2_tmc_ncn_20200131T1010006367_g_grd_d18
07-1-054129,-15.2597,69.9409,1.45158,ch2_ohr_ncp_20190906T1246532096_d_img_d18,ch2_tmc_ncn_20201126T1808573675_g_grd_d32
07-1-054129,-15.2597,69.9409,1.45158,ch2_ohr_ncp_20190906T1246532096_d_img_d18,ch2_tmc_ncn_20210514T0803114100_g_grd_d18
07-1-054129,-15.2597,69.9409,1.45158,ch2_ohr_ncp_20190906T1246532096_d_img_d18,ch2_tmc_ncn_20210514T1200279624_g_grd_d18
07-1-054129,-15.2597,69.9409,1.45158,ch2_ohr_ncp_20190906T1246532096_d_img_d18,ch2_tmc_ncn_20211113T1650236492_g_grd_d18
07-1-054129,-15.2597,69.9409,1.45158,ch2_ohr_ncp_20190906T1246532096_d_img_d18,ch2_tmc_ncn_20220518T1459006639_g_grd_d18
07-1-054129,-15.2597,69.9409,1.45158,ch2_ohr_ncp_20190906T1246532096_d_img_d18,ch2_tmc_ncn_20220609T1621036061_g_grd_d32
07-1-054130,-15.4115,69.7536,1.14435,ch2_ohr_ncp_20190906T1246532096_d_img_d18,ch2_tmc_ncn_20200131T1010006367_g_grd_d18
07-1-054130,-15.4115,69.7536,1.14435,ch2_ohr_ncp_20190906T1246532096_d_img_d18,ch2_tmc_ncn_20201126T1808573675_g_grd_d32
07-1-054130,-15.4115,69.7536,1.14435,ch2_ohr_ncp_20190906T1246532096_d_img_d18,ch2_tmc_ncn_20210514T0803114100_g_grd_d18
07-1-054130,-15.4115,69.7536,1.14435,ch2_ohr_ncp_20190906T1246532096_d_img_d18,ch2_tmc_ncn_20210514T1200279624_g_grd_d18
07-1-054130,-15.4115,69.7536,1.14435,ch2_ohr_ncp_20190906T1246532096_d_img_d18,ch2_tmc_ncn_20211113T1650236492_g_grd_d18
07-1-054130,-15.4115,69.7536,1.14435,ch2_ohr_ncp_20190906T1246532096_d_img_d18,ch2_tmc_ncn_20220518T1459006639_g_grd_d18
07-1-054130,-15.4115,69.7536,1.14435,ch2_ohr_ncp_20190906T1246532096_d_img_d18,ch2_tmc_ncn_20220609T1621036061_g_grd_d32
07-1-054131,-15.4583,69.8434,3.01326,ch2_ohr_ncp_20190906T1246532096_d_img_d18,ch2_tmc_ncn_20200131T1010006367_g_grd_d18
07-1-054131,-15.4583,69.8434,3.01326,ch2_ohr_ncp_20190906T1246532096_d_img_d18,ch2_tmc_ncn_20201126T1808573675_g_grd_d32
07-1-054131,-15.4583,69.8434,3.01326,ch2_ohr_ncp_20190906T1246532096_d_img_d18,ch2_tmc_ncn_20210514T0803114100_g_grd_d18
07-1-054131,-15.4583,69.8434,3.01326,ch2_ohr_ncp_20190906T1246532096_d_img_d18,ch2_tmc_ncn_20210514T1200279624_g_grd_d18
07-1-054131,-15.4583,69.8434,3.01326,ch2_ohr_ncp_20190906T1246532096_d_img_d18,ch2_tmc_ncn_20211113T1650236492_g_grd_d18
07-1-054131,-15.4583,69.8434,3.01326,ch2_ohr_ncp_20190906T1246532096_d_img_d18,ch2_tmc_ncn_20220518T1459006639_g_grd_d18
07-1-054131,-15.4583,69.8434,3.01326,ch2_ohr_ncp_20190906T1246532096_d_img_d18,ch2_tmc_ncn_20220609T1621036061_g_grd_d32
07-1-054132,-15.5155,69.6737,2.565,ch2_ohr_ncp_20190906T1246532096_d_img_d18,ch2_tmc_ncn_20200131T1010006367_g_grd_d18
07-1-054132,-15.5155,69.6737,2.565,ch2_ohr_ncp_20190906T1246532096_d_img_d18,ch2_tmc_ncn_20201126T1808573675_g_grd_d32
07-1-054132,-15.5155,69.6737,2.565,ch2_ohr_ncp_20190906T1246532096_d_img_d18,ch2_tmc_ncn_20210514T0803114100_g_grd_d18
07-1-054132,-15.5155,69.6737,2.565,ch2_ohr_ncp_20190906T1246532096_d_img_d18,ch2_tmc_ncn_20210514T1200279624_g_grd_d18
07-1-054132,-15.5155,69.6737,2.565,ch2_ohr_ncp_20190906T1246532096_d_img_d18,ch2_tmc_ncn_20211113T1650236492_g_grd_d18
07-1-054132,-15.5155,69.6737,2.565,ch2_ohr_ncp_20190906T1246532096_d_img_d18,ch2_tmc_ncn_20220518T1459006639_g_grd_d18
07-1-054132,-15.5155,69.6737,2.565,ch2_ohr_ncp_20190906T1246532096_d_img_d18,ch2_tmc_ncn_20220609T1621036061_g_grd_d32
07-1-054133,-15.316,69.6779,1.13076,ch2_ohr_ncp_20190906T1246532096_d_img_d18,ch2_tmc_ncn_20200131T1010006367_g_grd_d18
07-1-054133,-15.316,69.6779,1.13076,ch2_ohr_ncp_20190906T1246532096_d_img_d18,ch2_tmc_ncn_20201126T1808573675_g_grd_d32
07-1-054133,-15.316,69.6779,1.13076,ch2_ohr_ncp_20190906T1246532096_d_img_d18,ch2_tmc_ncn_20210514T0803114100_g_grd_d18
07-1-054133,-15.316,69.6779,1.13076,ch2_ohr_ncp_20190906T1246532096_d_img_d18,ch2_tmc_ncn_20210514T1200279624_g_grd_d18
07-1-054133,-15.316,69.6779,1.13076,ch2_ohr_ncp_20190906T1246532096_d_img_d18,ch2_tmc_ncn_20211113T1650236492_g_grd_d18
07-1-054133,-15.316,69.6779,1.13076,ch2_ohr_ncp_20190906T1246532096_d_img_d18,ch2_tmc_ncn_20220518T1459006639_g_grd_d18
07-1-054133,-15.316,69.6779,1.13076,ch2_ohr_ncp_20190906T1246532096_d_img_d18,ch2_tmc_ncn_20220609T1621036061_g_grd_d32
07-1-054135,-15.5354,69.4694,1.36805,ch2_ohr_ncp_20190906T1246532096_d_img_d18,ch2_tmc_ncn_20200104T0343214194_g_grd_gds
07-1-054135,-15.5354,69.4694,1.36805,ch2_ohr_ncp_20190906T1246532096_d_img_d18,ch2_tmc_ncn_20200131T1010006367_g_grd_d18
07-1-054135,-15.5354,69.4694,1.36805,ch2_ohr_ncp_20190906T1246532096_d_img_d18,ch2_tmc_ncn_20201126T1808573675_g_grd_d32
07-1-054135,-15.5354,69.4694,1.36805,ch2_ohr_ncp_20190906T1246532096_d_img_d18,ch2_tmc_ncn_20210514T0803114100_g_grd_d18
07-1-054135,-15.5354,69.4694,1.36805,ch2_ohr_ncp_20190906T1246532096_d_img_d18,ch2_tmc_ncn_20210514T1200279624_g_grd_d18
07-1-054135,-15.5354,69.4694,1.36805,ch2_ohr_ncp_20190906T1246532096_d_img_d18,ch2_tmc_ncn_20211113T1650236492_g_grd_d18
07-1-054135,-15.5354,69.4694,1.36805,ch2_ohr_ncp_20190906T1246532096_d_img_d18,ch2_tmc_ncn_20220518T1459006639_g_grd_d18
07-1-054135,-15.5354,69.4694,1.36805,ch2_ohr_ncp_20190906T1246532096_d_img_d18,ch2_tmc_ncn_20220609T1621036061_g_grd_d32
07-1-054137,-15.2632,69.5578,1.03512,ch2_ohr_ncp_20190906T1246532096_d_img_d18,ch2_tmc_ncn_20200104T0343214194_g_grd_gds
07-1-054137,-15.2632,69.5578,1.03512,ch2_ohr_ncp_20190906T1246532096_d_img_d18,ch2_tmc_ncn_20200131T1010006367_g_grd_d18
07-1-054137,-15.2632,69.5578,1.03512,ch2_ohr_ncp_20190906T1246532096_d_img_d18,ch2_tmc_ncn_20201126T1808573675_g_grd_d32
07-1-054137,-15.2632,69.5578,1.03512,ch2_ohr_ncp_20190906T1246532096_d_img_d18,ch2_tmc_ncn_20210514T0803114100_g_grd_d18
07-1-054137,-15.2632,69.5578,1.03512,ch2_ohr_ncp_20190906T1246532096_d_img_d18,ch2_tmc_ncn_20210514T1200279624_g_grd_d18
07-1-054137,-15.2632,69.5578,1.03512,ch2_ohr_ncp_20190906T1246532096_d_img_d18,ch2_tmc_ncn_20211113T1650236492_g_grd_d18
07-1-054137,-15.2632,69.5578,1.03512,ch2_ohr_ncp_20190906T1246532096_d_img_d18,ch2_tmc_ncn_20220518T1459006639_g_grd_d18
07-1-054137,-15.2632,69.5578,1.03512,ch2_ohr_ncp_20190906T1246532096_d_img_d18,ch2_tmc_ncn_20220609T1621036061_g_grd_d32
07-1-054138,-15.1707,69.463,1.09612,ch2_ohr_ncp_20190906T1246532096_d_img_d18,ch2_tmc_ncn_20200104T0343214194_g_grd_gds
07-1-054138,-15.1707,69.463,1.09612,ch2_ohr_ncp_20190906T1246532096_d_img_d18,ch2_tmc_ncn_20200131T1010006367_g_grd_d18
07-1-054138,-15.1707,69.463,1.09612,ch2_ohr_ncp_20190906T1246532096_d_img_d18,ch2_tmc_ncn_20201126T1808573675_g_grd_d32
07-1-054138,-15.1707,69.463,1.09612,ch2_ohr_ncp_20190906T1246532096_d_img_d18,ch2_tmc_ncn_20210514T0803114100_g_grd_d18
07-1-054138,-15.1707,69.463,1.09612,ch2_ohr_ncp_20190906T1246532096_d_img_d18,ch2_tmc_ncn_20210514T1200279624_g_grd_d18
07-1-054138,-15.1707,69.463,1.09612,ch2_ohr_ncp_20190906T1246532096_d_img_d18,ch2_tmc_ncn_20211113T1650236492_g_grd_d18
07-1-054138,-15.1707,69.463,1.09612,ch2_ohr_ncp_20190906T1246532096_d_img_d18,ch2_tmc_ncn_20220518T1459006639_g_grd_d18
07-1-054138,-15.1707,69.463,1.09612,ch2_ohr_ncp_20190906T1246532096_d_img_d18,ch2_tmc_ncn_20220609T1621036061_g_grd_d32
07-1-054140,-15.1232,69.9138,1.06989,ch2_ohr_ncp_20190906T1246532096_d_img_d18,ch2_tmc_ncn_20200131T1010006367_g_grd_d18
07-1-054140,-15.1232,69.9138,1.06989,ch2_ohr_ncp_20190906T1246532096_d_img_d18,ch2_tmc_ncn_20201126T1808573675_g_grd_d32
07-1-054140,-15.1232,69.9138,1.06989,ch2_ohr_ncp_20190906T1246532096_d_img_d18,ch2_tmc_ncn_20210514T0803114100_g_grd_d18
07-1-054140,-15.1232,69.9138,1.06989,ch2_ohr_ncp_20190906T1246532096_d_img_d18,ch2_tmc_ncn_20210514T1200279624_g_grd_d18
07-1-054140,-15.1232,69.9138,1.06989,ch2_ohr_ncp_20190906T1246532096_d_img_d18,ch2_tmc_ncn_20211113T1650236492_g_grd_d18
07-1-054140,-15.1232,69.9138,1.06989,ch2_ohr_ncp_20190906T1246532096_d_img_d18,ch2_tmc_ncn_20220518T1459006639_g_grd_d18
07-1-054140,-15.1232,69.9138,1.06989,ch2_ohr_ncp_20190906T1246532096_d_img_d18,ch2_tmc_ncn_20220609T1621036061_g_grd_d32
07-1-054142,-15.1259,69.7866,1.05706,ch2_ohr_ncp_20190906T1246532096_d_img_d18,ch2_tmc_ncn_20200131T1010006367_g_grd_d18
07-1-054142,-15.1259,69.7866,1.05706,ch2_ohr_ncp_20190906T1246532096_d_img_d18,ch2_tmc_ncn_20201126T1808573675_g_grd_d32
07-1-054142,-15.1259,69.7866,1.05706,ch2_ohr_ncp_20190906T1246532096_d_img_d18,ch2_tmc_ncn_20210514T0803114100_g_grd_d18
07-1-054142,-15.1259,69.7866,1.05706,ch2_ohr_ncp_20190906T1246532096_d_img_d18,ch2_tmc_ncn_20210514T1200279624_g_grd_d18
07-1-054142,-15.1259,69.7866,1.05706,ch2_ohr_ncp_20190906T1246532096_d_img_d18,ch2_tmc_ncn_20211113T1650236492_g_grd_d18
07-1-054142,-15.1259,69.7866,1.05706,ch2_ohr_ncp_20190906T1246532096_d_img_d18,ch2_tmc_ncn_20220518T1459006639_g_grd_d18
07-1-054142,-15.1259,69.7866,1.05706,ch2_ohr_ncp_20190906T1246532096_d_img_d18,ch2_tmc_ncn_20220609T1621036061_g_grd_d32
07-1-054143,-15.1442,69.8848,2.15271,ch2_ohr_ncp_20190906T1246532096_d_img_d18,ch2_tmc_ncn_20200131T1010006367_g_grd_d18
07-1-054143,-15.1442,69.8848,2.15271,ch2_ohr_ncp_20190906T1246532096_d_img_d18,ch2_tmc_ncn_20201126T1808573675_g_grd_d32
07-1-054143,-15.1442,69.8848,2.15271,ch2_ohr_ncp_20190906T1246532096_d_img_d18,ch2_tmc_ncn_20210514T0803114100_g_grd_d18
07-1-054143,-15.1442,69.8848,2.15271,ch2_ohr_ncp_20190906T1246532096_d_img_d18,ch2_tmc_ncn_20210514T1200279624_g_grd_d18
07-1-054143,-15.1442,69.8848,2.15271,ch2_ohr_ncp_20190906T1246532096_d_img_d18,ch2_tmc_ncn_20211113T1650236492_g_grd_d18
07-1-054143,-15.1442,69.8848,2.15271,ch2_ohr_ncp_20190906T1246532096_d_img_d18,ch2_tmc_ncn_20220518T1459006639_g_grd_d18
07-1-054143,-15.1442,69.8848,2.15271,ch2_ohr_ncp_20190906T1246532096_d_img_d18,ch2_tmc_ncn_20220609T1621036061_g_grd_d32
07-1-054144,-15.0878,69.9993,1.0351,ch2_ohr_ncp_20190906T1246532096_d_img_d18,ch2_tmc_ncn_20201126T1808573675_g_grd_d32
07-1-054144,-15.0878,69.9993,1.0351,ch2_ohr_ncp_20190906T1246532096_d_img_d18,ch2_tmc_ncn_20210514T0803114100_g_grd_d18
07-1-054144,-15.0878,69.9993,1.0351,ch2_ohr_ncp_20190906T1246532096_d_img_d18,ch2_tmc_ncn_20210514T1200279624_g_grd_d18
07-1-054144,-15.0878,69.9993,1.0351,ch2_ohr_ncp_20190906T1246532096_d_img_d18,ch2_tmc_ncn_20211113T1650236492_g_grd_d18
07-1-054144,-15.0878,69.9993,1.0351,ch2_ohr_ncp_20190906T1246532096_d_img_d18,ch2_tmc_ncn_20220518T1459006639_g_grd_d18
07-1-054144,-15.0878,69.9993,1.0351,ch2_ohr_ncp_20190906T1246532096_d_img_d18,ch2_tmc_ncn_20220609T1621036061_g_grd_d32
07-1-054146,-15.1868,70.0669,2.40909,ch2_ohr_ncp_20190906T1246532096_d_img_d18,ch2_tmc_ncn_20201126T1808573675_g_grd_d32
07-1-054146,-15.1868,70.0669,2.40909,ch2_ohr_ncp_20190906T1246532096_d_img_d18,ch2_tmc_ncn_20210514T0803114100_g_grd_d18
07-1-054146,-15.1868,70.0669,2.40909,ch2_ohr_ncp_20190906T1246532096_d_img_d18,ch2_tmc_ncn_20210514T1200279624_g_grd_d18
07-1-054146,-15.1868,70.0669,2.40909,ch2_ohr_ncp_20190906T1246532096_d_img_d18,ch2_tmc_ncn_20211113T1650236492_g_grd_d18
07-1-054146,-15.1868,70.0669,2.40909,ch2_ohr_ncp_20190906T1246532096_d_img_d18,ch2_tmc_ncn_20220518T1459006639_g_grd_d18
07-1-054146,-15.1868,70.0669,2.40909,ch2_ohr_ncp_20190906T1246532096_d_img_d18,ch2_tmc_ncn_20220609T1621036061_g_grd_d32
07-1-054147,-15.3219,70.2485,2.39361,ch2_ohr_ncp_20190906T1246532096_d_img_d18,ch2_tmc_ncn_20201126T1610528086_g_grd_d32
07-1-054147,-15.3219,70.2485,2.39361,ch2_ohr_ncp_20190906T1246532096_d_img_d18,ch2_tmc_ncn_20210514T0803114100_g_grd_d18
07-1-054147,-15.3219,70.2485,2.39361,ch2_ohr_ncp_20190906T1246532096_d_img_d18,ch2_tmc_ncn_20210514T1200279624_g_grd_d18
07-1-054147,-15.3219,70.2485,2.39361,ch2_ohr_ncp_20190906T1246532096_d_img_d18,ch2_tmc_ncn_20211113T1650236492_g_grd_d18
07-1-054147,-15.3219,70.2485,2.39361,ch2_ohr_ncp_20190906T1246532096_d_img_d18,ch2_tmc_ncn_20220518T1459006639_g_grd_d18
07-1-054147,-15.3219,70.2485,2.39361,ch2_ohr_ncp_20190906T1246532096_d_img_d18,ch2_tmc_ncn_20220609T1621036061_g_grd_d32
07-1-054149,-15.6004,69.9819,1.26975,ch2_ohr_ncp_20190906T1246532096_d_img_d18,ch2_tmc_ncn_20201126T1808573675_g_grd_d32
07-1-054149,-15.6004,69.9819,1.26975,ch2_ohr_ncp_20190906T1246532096_d_img_d18,ch2_tmc_ncn_20210514T0803114100_g_grd_d18
07-1-054149,-15.6004,69.9819,1.26975,ch2_ohr_ncp_20190906T1246532096_d_img_d18,ch2_tmc_ncn_20210514T1200279624_g_grd_d18
07-1-054149,-15.6004,69.9819,1.26975,ch2_ohr_ncp_20190906T1246532096_d_img_d18,ch2_tmc_ncn_20211113T1650236492_g_grd_d18
07-1-054149,-15.6004,69.9819,1.26975,ch2_ohr_ncp_20190906T1246532096_d_img_d18,ch2_tmc_ncn_20220518T1459006639_g_grd_d18
07-1-054149,-15.6004,69.9819,1.26975,ch2_ohr_ncp_20190906T1246532096_d_img_d18,ch2_tmc_ncn_20220609T1621036061_g_grd_d32
07-1-054150,-15.655,69.8351,5.51893,ch2_ohr_ncp_20190906T1246532096_d_img_d18,ch2_tmc_ncn_20200131T1010006367_g_grd_d18
07-1-054150,-15.655,69.8351,5.51893,ch2_ohr_ncp_20190906T1246532096_d_img_d18,ch2_tmc_ncn_20201126T1808573675_g_grd_d32
07-1-054150,-15.655,69.8351,5.51893,ch2_ohr_ncp_20190906T1246532096_d_img_d18,ch2_tmc_ncn_20210514T0803114100_g_grd_d18
07-1-054150,-15.655,69.8351,5.51893,ch2_ohr_ncp_20190906T1246532096_d_img_d18,ch2_tmc_ncn_20210514T1200279624_g_grd_d18
07-1-054150,-15.655,69.8351,5.51893,ch2_ohr_ncp_20190906T1246532096_d_img_d18,ch2_tmc_ncn_20211113T1650236492_g_grd_d18
07-1-054150,-15.655,69.8351,5.51893,ch2_ohr_ncp_20190906T1246532096_d_img_d18,ch2_tmc_ncn_20220518T1459006639_g_grd_d18
07-1-054150,-15.655,69.8351,5.51893,ch2_ohr_ncp_20190906T1246532096_d_img_d18,ch2_tmc_ncn_20220609T1621036061_g_grd_d32
07-1-054151,-15.806,69.7682,5.08016,ch2_ohr_ncp_20190906T1246532096_d_img_d18,ch2_tmc_ncn_20200131T1010006367_g_grd_d18
07-1-054151,-15.806,69.7682,5.08016,ch2_ohr_ncp_20190906T1246532096_d_img_d18,ch2_tmc_ncn_20201126T1808573675_g_grd_d32
07-1-054151,-15.806,69.7682,5.08016,ch2_ohr_ncp_20190906T1246532096_d_img_d18,ch2_tmc_ncn_20210514T0803114100_g_grd_d18
07-1-054151,-15.806,69.7682,5.08016,ch2_ohr_ncp_20190906T1246532096_d_img_d18,ch2_tmc_ncn_20210514T1200279624_g_grd_d18
07-1-054151,-15.806,69.7682,5.08016,ch2_ohr_ncp_20190906T1246532096_d_img_d18,ch2_tmc_ncn_20211113T1650236492_g_grd_d18
07-1-054151,-15.806,69.7682,5.08016,ch2_ohr_ncp_20190906T1246532096_d_img_d18,ch2_tmc_ncn_20220518T1459006639_g_grd_d18
07-1-054151,-15.806,69.7682,5.08016,ch2_ohr_ncp_20190906T1246532096_d_img_d18,ch2_tmc_ncn_20220609T1621036061_g_grd_d32
07-1-054152,-15.8101,69.8763,2.43155,ch2_ohr_ncp_20190906T1246532096_d_img_d18,ch2_tmc_ncn_20200131T1010006367_g_grd_d18
07-1-054152,-15.8101,69.8763,2.43155,ch2_ohr_ncp_20190906T1246532096_d_img_d18,ch2_tmc_ncn_20201126T1808573675_g_grd_d32
07-1-054152,-15.8101,69.8763,2.43155,ch2_ohr_ncp_20190906T1246532096_d_img_d18,ch2_tmc_ncn_20210514T0803114100_g_grd_d18
07-1-054152,-15.8101,69.8763,2.43155,ch2_ohr_ncp_20190906T1246532096_d_img_d18,ch2_tmc_ncn_20210514T1200279624_g_grd_d18
07-1-054152,-15.8101,69.8763,2.43155,ch2_ohr_ncp_20190906T1246532096_d_img_d18,ch2_tmc_ncn_20211113T1650236492_g_grd_d18
07-1-054152,-15.8101,69.8763,2.43155,ch2_ohr_ncp_20190906T1246532096_d_img_d18,ch2_tmc_ncn_20220518T1459006639_g_grd_d18
07-1-054152,-15.8101,69.8763,2.43155,ch2_ohr_ncp_20190906T1246532096_d_img_d18,ch2_tmc_ncn_20220609T1621036061_g_grd_d32
07-1-054154,-15.7958,69.9418,1.53282,ch2_ohr_ncp_20190906T1246532096_d_img_d18,ch2_tmc_ncn_20200131T1010006367_g_grd_d18
07-1-054154,-15.7958,69.9418,1.53282,ch2_ohr_ncp_20190906T1246532096_d_img_d18,ch2_tmc_ncn_20201126T1808573675_g_grd_d32
07-1-054154,-15.7958,69.9418,1.53282,ch2_ohr_ncp_20190906T1246532096_d_img_d18,ch2_tmc_ncn_20210514T0803114100_g_grd_d18
07-1-054154,-15.7958,69.9418,1.53282,ch2_ohr_ncp_20190906T1246532096_d_img_d18,ch2_tmc_ncn_20210514T1200279624_g_grd_d18
07-1-054154,-15.7958,69.9418,1.53282,ch2_ohr_ncp_20190906T1246532096_d_img_d18,ch2_tmc_ncn_20211113T1650236492_g_grd_d18
07-1-054154,-15.7958,69.9418,1.53282,ch2_ohr_ncp_20190906T1246532096_d_img_d18,ch2_tmc_ncn_20220518T1459006639_g_grd_d18
07-1-054154,-15.7958,69.9418,1.53282,ch2_ohr_ncp_20190906T1246532096_d_img_d18,ch2_tmc_ncn_20220609T1621036061_g_grd_d32
07-1-054155,-15.8746,69.9902,1.90703,ch2_ohr_ncp_20190906T1246532096_d_img_d18,ch2_tmc_ncn_20201126T1808573675_g_grd_d32
07-1-054155,-15.8746,69.9902,1.90703,ch2_ohr_ncp_20190906T1246532096_d_img_d18,ch2_tmc_ncn_20210514T0803114100_g_grd_d18
07-1-054155,-15.8746,69.9902,1.90703,ch2_ohr_ncp_20190906T1246532096_d_img_d18,ch2_tmc_ncn_20210514T1200279624_g_grd_d18
07-1-054155,-15.8746,69.9902,1.90703,ch2_ohr_ncp_20190906T1246532096_d_img_d18,ch2_tmc_ncn_20211113T1650236492_g_grd_d18
07-1-054155,-15.8746,69.9902,1.90703,ch2_ohr_ncp_20190906T1246532096_d_img_d18,ch2_tmc_ncn_20220518T1459006639_g_grd_d18
07-1-054155,-15.8746,69.9902,1.90703,ch2_ohr_ncp_20190906T1246532096_d_img_d18,ch2_tmc_ncn_20220609T1621036061_g_grd_d32
07-1-054156,-15.7393,70.028,2.32091,ch2_ohr_ncp_20190906T1246532096_d_img_d18,ch2_tmc_ncn_20201126T1808573675_g_grd_d32
07-1-054156,-15.7393,70.028,2.32091,ch2_ohr_ncp_20190906T1246532096_d_img_d18,ch2_tmc_ncn_20210514T0803114100_g_grd_d18
07-1-054156,-15.7393,70.028,2.32091,ch2_ohr_ncp_20190906T1246532096_d_img_d18,ch2_tmc_ncn_20210514T1200279624_g_grd_d18
07-1-054156,-15.7393,70.028,2.32091,ch2_ohr_ncp_20190906T1246532096_d_img_d18,ch2_tmc_ncn_20211113T1650236492_g_grd_d18
07-1-054156,-15.7393,70.028,2.32091,ch2_ohr_ncp_20190906T1246532096_d_img_d18,ch2_tmc_ncn_20220518T1459006639_g_grd_d18
07-1-054156,-15.7393,70.028,2.32091,ch2_ohr_ncp_20190906T1246532096_d_img_d18,ch2_tmc_ncn_20220609T1621036061_g_grd_d32
07-1-054157,-15.6692,70.0362,6.4637,ch2_ohr_ncp_20190906T1246532096_d_img_d18,ch2_tmc_ncn_20201126T1808573675_g_grd_d32
07-1-054157,-15.6692,70.0362,6.4637,ch2_ohr_ncp_20190906T1246532096_d_img_d18,ch2_tmc_ncn_20210514T0803114100_g_grd_d18
07-1-054157,-15.6692,70.0362,6.4637,ch2_ohr_ncp_20190906T1246532096_d_img_d18,ch2_tmc_ncn_20210514T1200279624_g_grd_d18
07-1-054157,-15.6692,70.0362,6.4637,ch2_ohr_ncp_20190906T1246532096_d_img_d18,ch2_tmc_ncn_20211113T1650236492_g_grd_d18
07-1-054157,-15.6692,70.0362,6.4637,ch2_ohr_ncp_20190906T1246532096_d_img_d18,ch2_tmc_ncn_20220518T1459006639_g_grd_d18
07-1-054157,-15.6692,70.0362,6.4637,ch2_ohr_ncp_20190906T1246532096_d_img_d18,ch2_tmc_ncn_20220609T1621036061_g_grd_d32
07-1-054158,-15.8245,70.2329,1.39829,ch2_ohr_ncp_20190906T1246532096_d_img_d18,ch2_tmc_ncn_20201126T1610528086_g_grd_d32
07-1-054158,-15.8245,70.2329,1.39829,ch2_ohr_ncp_20190906T1246532096_d_img_d18,ch2_tmc_ncn_20210514T0803114100_g_grd_d18
07-1-054158,-15.8245,70.2329,1.39829,ch2_ohr_ncp_20190906T1246532096_d_img_d18,ch2_tmc_ncn_20210514T1200279624_g_grd_d18
07-1-054158,-15.8245,70.2329,1.39829,ch2_ohr_ncp_20190906T1246532096_d_img_d18,ch2_tmc_ncn_20211113T1650236492_g_grd_d18
07-1-054158,-15.8245,70.2329,1.39829,ch2_ohr_ncp_20190906T1246532096_d_img_d18,ch2_tmc_ncn_20220518T1459006639_g_grd_d18
07-1-054158,-15.8245,70.2329,1.39829,ch2_ohr_ncp_20190906T1246532096_d_img_d18,ch2_tmc_ncn_20220609T1621036061_g_grd_d32
07-1-054160,-15.5926,69.6751,1.44312,ch2_ohr_ncp_20190906T1246532096_d_img_d18,ch2_tmc_ncn_20200131T1010006367_g_grd_d18
07-1-054160,-15.5926,69.6751,1.44312,ch2_ohr_ncp_20190906T1246532096_d_img_d18,ch2_tmc_ncn_20201126T1808573675_g_grd_d32
07-1-054160,-15.5926,69.6751,1.44312,ch2_ohr_ncp_20190906T1246532096_d_img_d18,ch2_tmc_ncn_20210514T0803114100_g_grd_d18
07-1-054160,-15.5926,69.6751,1.44312,ch2_ohr_ncp_20190906T1246532096_d_img_d18,ch2_tmc_ncn_20210514T1200279624_g_grd_d18
07-1-054160,-15.5926,69.6751,1.44312,ch2_ohr_ncp_20190906T1246532096_d_img_d18,ch2_tmc_ncn_20211113T1650236492_g_grd_d18
07-1-054160,-15.5926,69.6751,1.44312,ch2_ohr_ncp_20190906T1246532096_d_img_d18,ch2_tmc_ncn_20220518T1459006639_g_grd_d18
07-1-054160,-15.5926,69.6751,1.44312,ch2_ohr_ncp_20190906T1246532096_d_img_d18,ch2_tmc_ncn_20220609T1621036061_g_grd_d32
07-1-054161,-15.554,69.859,3.20771,ch2_ohr_ncp_20190906T1246532096_d_img_d18,ch2_tmc_ncn_20200131T1010006367_g_grd_d18
07-1-054161,-15.554,69.859,3.20771,ch2_ohr_ncp_20190906T1246532096_d_img_d18,ch2_tmc_ncn_20201126T1808573675_g_grd_d32
07-1-054161,-15.554,69.859,3.20771,ch2_ohr_ncp_20190906T1246532096_d_img_d18,ch2_tmc_ncn_20210514T0803114100_g_grd_d18
07-1-054161,-15.554,69.859,3.20771,ch2_ohr_ncp_20190906T1246532096_d_img_d18,ch2_tmc_ncn_20210514T1200279624_g_grd_d18
07-1-054161,-15.554,69.859,3.20771,ch2_ohr_ncp_20190906T1246532096_d_img_d18,ch2_tmc_ncn_20211113T1650236492_g_grd_d18
07-1-054161,-15.554,69.859,3.20771,ch2_ohr_ncp_20190906T1246532096_d_img_d18,ch2_tmc_ncn_20220518T1459006639_g_grd_d18
07-1-054161,-15.554,69.859,3.20771,ch2_ohr_ncp_20190906T1246532096_d_img_d18,ch2_tmc_ncn_20220609T1621036061_g_grd_d32
07-1-054162,-15.574,69.7895,1.17366,ch2_ohr_ncp_20190906T1246532096_d_img_d18,ch2_tmc_ncn_20200131T1010006367_g_grd_d18
07-1-054162,-15.574,69.7895,1.17366,ch2_ohr_ncp_20190906T1246532096_d_img_d18,ch2_tmc_ncn_20201126T1808573675_g_grd_d32
07-1-054162,-15.574,69.7895,1.17366,ch2_ohr_ncp_20190906T1246532096_d_img_d18,ch2_tmc_ncn_20210514T0803114100_g_grd_d18
07-1-054162,-15.574,69.7895,1.17366,ch2_ohr_ncp_20190906T1246532096_d_img_d18,ch2_tmc_ncn_20210514T1200279624_g_grd_d18
07-1-054162,-15.574,69.7895,1.17366,ch2_ohr_ncp_20190906T1246532096_d_img_d18,ch2_tmc_ncn_20211113T1650236492_g_grd_d18
07-1-054162,-15.574,69.7895,1.17366,ch2_ohr_ncp_20190906T1246532096_d_img_d18,ch2_tmc_ncn_20220518T1459006639_g_grd_d18
07-1-054162,-15.574,69.7895,1.17366,ch2_ohr_ncp_20190906T1246532096_d_img_d18,ch2_tmc_ncn_20220609T1621036061_g_grd_d32
07-1-054163,-15.673,69.6475,1.08848,ch2_ohr_ncp_20190906T1246532096_d_img_d18,ch2_tmc_ncn_20200131T1010006367_g_grd_d18
07-1-054163,-15.673,69.6475,1.08848,ch2_ohr_ncp_20190906T1246532096_d_img_d18,ch2_tmc_ncn_20201126T1808573675_g_grd_d32
07-1-054163,-15.673,69.6475,1.08848,ch2_ohr_ncp_20190906T1246532096_d_img_d18,ch2_tmc_ncn_20210514T0803114100_g_grd_d18
07-1-054163,-15.673,69.6475,1.08848,ch2_ohr_ncp_20190906T1246532096_d_img_d18,ch2_tmc_ncn_20210514T1200279624_g_grd_d18
07-1-054163,-15.673,69.6475,1.08848,ch2_ohr_ncp_20190906T1246532096_d_img_d18,ch2_tmc_ncn_20211113T1650236492_g_grd_d18
07-1-054163,-15.673,69.6475,1.08848,ch2_ohr_ncp_20190906T1246532096_d_img_d18,ch2_tmc_ncn_20220518T1459006639_g_grd_d18
07-1-054163,-15.673,69.6475,1.08848,ch2_ohr_ncp_20190906T1246532096_d_img_d18,ch2_tmc_ncn_20220609T1621036061_g_grd_d32
07-1-054169,-15.3599,69.8708,1.25984,ch2_ohr_ncp_20190906T1246532096_d_img_d18,ch2_tmc_ncn_20200131T1010006367_g_grd_d18
07-1-054169,-15.3599,69.8708,1.25984,ch2_ohr_ncp_20190906T1246532096_d_img_d18,ch2_tmc_ncn_20201126T1808573675_g_grd_d32
07-1-054169,-15.3599,69.8708,1.25984,ch2_ohr_ncp_20190906T1246532096_d_img_d18,ch2_tmc_ncn_20210514T0803114100_g_grd_d18
07-1-054169,-15.3599,69.8708,1.25984,ch2_ohr_ncp_20190906T1246532096_d_img_d18,ch2_tmc_ncn_20210514T1200279624_g_grd_d18
07-1-054169,-15.3599,69.8708,1.25984,ch2_ohr_ncp_20190906T1246532096_d_img_d18,ch2_tmc_ncn_20211113T1650236492_g_grd_d18
07-1-054169,-15.3599,69.8708,1.25984,ch2_ohr_ncp_20190906T1246532096_d_img_d18,ch2_tmc_ncn_20220518T1459006639_g_grd_d18
07-1-054169,-15.3599,69.8708,1.25984,ch2_ohr_ncp_20190906T1246532096_d_img_d18,ch2_tmc_ncn_20220609T1621036061_g_grd_d32
07-1-054170,-14.9391,69.9528,1.01018,ch2_ohr_ncp_20190906T1246532096_d_img_d18,ch2_tmc_ncn_20200131T1010006367_g_grd_d18
07-1-054170,-14.9391,69.9528,1.01018,ch2_ohr_ncp_20190906T1246532096_d_img_d18,ch2_tmc_ncn_20201126T1808573675_g_grd_d32
07-1-054170,-14.9391,69.9528,1.01018,ch2_ohr_ncp_20190906T1246532096_d_img_d18,ch2_tmc_ncn_20210514T0803114100_g_grd_d18
07-1-054170,-14.9391,69.9528,1.01018,ch2_ohr_ncp_20190906T1246532096_d_img_d18,ch2_tmc_ncn_20210514T1200279624_g_grd_d18
07-1-054170,-14.9391,69.9528,1.01018,ch2_ohr_ncp_20190906T1246532096_d_img_d18,ch2_tmc_ncn_20211113T1650236492_g_grd_d18
07-1-054170,-14.9391,69.9528,1.01018,ch2_ohr_ncp_20190906T1246532096_d_img_d18,ch2_tmc_ncn_20220518T1459006639_g_grd_d18
07-1-054170,-14.9391,69.9528,1.01018,ch2_ohr_ncp_20190906T1246532096_d_img_d18,ch2_tmc_ncn_20220609T1621036061_g_grd_d32
07-1-054172,-14.9948,70.0059,1.5016,ch2_ohr_ncp_20190906T1246532096_d_img_d18,ch2_tmc_ncn_20201126T1808573675_g_grd_d32
07-1-054172,-14.9948,70.0059,1.5016,ch2_ohr_ncp_20190906T1246532096_d_img_d18,ch2_tmc_ncn_20210514T0803114100_g_grd_d18
07-1-054172,-14.9948,70.0059,1.5016,ch2_ohr_ncp_20190906T1246532096_d_img_d18,ch2_tmc_ncn_20210514T1200279624_g_grd_d18
07-1-054172,-14.9948,70.0059,1.5016,ch2_ohr_ncp_20190906T1246532096_d_img_d18,ch2_tmc_ncn_20211113T1650236492_g_grd_d18
07-1-054172,-14.9948,70.0059,1.5016,ch2_ohr_ncp_20190906T1246532096_d_img_d18,ch2_tmc_ncn_20220518T1459006639_g_grd_d18
07-1-054172,-14.9948,70.0059,1.5016,ch2_ohr_ncp_20190906T1246532096_d_img_d18,ch2_tmc_ncn_20220609T1621036061_g_grd_d32
07-1-054173,-14.953,69.5314,1.13926,ch2_ohr_ncp_20190906T1246532096_d_img_d18,ch2_tmc_ncn_20200104T0343214194_g_grd_gds
07-1-054173,-14.953,69.5314,1.13926,ch2_ohr_ncp_20190906T1246532096_d_img_d18,ch2_tmc_ncn_20200131T1010006367_g_grd_d18
07-1-054173,-14.953,69.5314,1.13926,ch2_ohr_ncp_20190906T1246532096_d_img_d18,ch2_tmc_ncn_20201126T1808573675_g_grd_d32
07-1-054173,-14.953,69.5314,1.13926,ch2_ohr_ncp_20190906T1246532096_d_img_d18,ch2_tmc_ncn_20210514T0803114100_g_grd_d18
07-1-054173,-14.953,69.5314,1.13926,ch2_ohr_ncp_20190906T1246532096_d_img_d18,ch2_tmc_ncn_20210514T1200279624_g_grd_d18
07-1-054173,-14.953,69.5314,1.13926,ch2_ohr_ncp_20190906T1246532096_d_img_d18,ch2_tmc_ncn_20211113T1650236492_g_grd_d18
07-1-054173,-14.953,69.5314,1.13926,ch2_ohr_ncp_20190906T1246532096_d_img_d18,ch2_tmc_ncn_20220518T1459006639_g_grd_d18
07-1-054173,-14.953,69.5314,1.13926,ch2_ohr_ncp_20190906T1246532096_d_img_d18,ch2_tmc_ncn_20220609T1621036061_g_grd_d32
07-1-054174,-14.9608,69.4909,1.39195,ch2_ohr_ncp_20190906T1246532096_d_img_d18,ch2_tmc_ncn_20200104T0343214194_g_grd_gds
07-1-054174,-14.9608,69.4909,1.39195,ch2_ohr_ncp_20190906T1246532096_d_img_d18,ch2_tmc_ncn_20200131T1010006367_g_grd_d18
07-1-054174,-14.9608,69.4909,1.39195,ch2_ohr_ncp_20190906T1246532096_d_img_d18,ch2_tmc_ncn_20201126T1808573675_g_grd_d32
07-1-054174,-14.9608,69.4909,1.39195,ch2_ohr_ncp_20190906T1246532096_d_img_d18,ch2_tmc_ncn_20210514T0803114100_g_grd_d18
07-1-054174,-14.9608,69.4909,1.39195,ch2_ohr_ncp_20190906T1246532096_d_img_d18,ch2_tmc_ncn_20210514T1200279624_g_grd_d18
07-1-054174,-14.9608,69.4909,1.39195,ch2_ohr_ncp_20190906T1246532096_d_img_d18,ch2_tmc_ncn_20211113T1650236492_g_grd_d18
07-1-054174,-14.9608,69.4909,1.39195,ch2_ohr_ncp_20190906T1246532096_d_img_d18,ch2_tmc_ncn_20220518T1459006639_g_grd_d18
07-1-054174,-14.9608,69.4909,1.39195,ch2_ohr_ncp_20190906T1246532096_d_img_d18,ch2_tmc_ncn_20220609T1621036061_g_grd_d32
07-1-054175,-14.9987,69.3965,1.08264,ch2_ohr_ncp_20190906T1246532096_d_img_d18,ch2_tmc_ncn_20200104T0343214194_g_grd_gds
07-1-054175,-14.9987,69.3965,1.08264,ch2_ohr_ncp_20190906T1246532096_d_img_d18,ch2_tmc_ncn_20200131T1010006367_g_grd_d18
07-1-054175,-14.9987,69.3965,1.08264,ch2_ohr_ncp_20190906T1246532096_d_img_d18,ch2_tmc_ncn_20201126T1808573675_g_grd_d32
07-1-054175,-14.9987,69.3965,1.08264,ch2_ohr_ncp_20190906T1246532096_d_img_d18,ch2_tmc_ncn_20210514T0803114100_g_grd_d18
07-1-054175,-14.9987,69.3965,1.08264,ch2_ohr_ncp_20190906T1246532096_d_img_d18,ch2_tmc_ncn_20210514T1200279624_g_grd_d18
07-1-054175,-14.9987,69.3965,1.08264,ch2_ohr_ncp_20190906T1246532096_d_img_d18,ch2_tmc_ncn_20211113T1650236492_g_grd_d18
07-1-054175,-14.9987,69.3965,1.08264,ch2_ohr_ncp_20190906T1246532096_d_img_d18,ch2_tmc_ncn_20220518T1459006639_g_grd_d18
07-1-054175,-14.9987,69.3965,1.08264,ch2_ohr_ncp_20190906T1246532096_d_img_d18,ch2_tmc_ncn_20220609T1621036061_g_grd_d32
07-1-054176,-15.0387,69.3294,1.98896,ch2_ohr_ncp_20190906T1246532096_d_img_d18,ch2_tmc_ncn_20200104T0343214194_g_grd_gds
07-1-054176,-15.0387,69.3294,1.98896,ch2_ohr_ncp_20190906T1246532096_d_img_d18,ch2_tmc_ncn_20200131T1010006367_g_grd_d18
07-1-054176,-15.0387,69.3294,1.98896,ch2_ohr_ncp_20190906T1246532096_d_img_d18,ch2_tmc_ncn_20201126T1808573675_g_grd_d32
07-1-054176,-15.0387,69.3294,1.98896,ch2_ohr_ncp_20190906T1246532096_d_img_d18,ch2_tmc_ncn_20210514T0803114100_g_grd_d18
07-1-054176,-15.0387,69.3294,1.98896,ch2_ohr_ncp_20190906T1246532096_d_img_d18,ch2_tmc_ncn_20210514T1200279624_g_grd_d18
07-1-054176,-15.0387,69.3294,1.98896,ch2_ohr_ncp_20190906T1246532096_d_img_d18,ch2_tmc_ncn_20211113T1650236492_g_grd_d18
07-1-054176,-15.0387,69.3294,1.98896,ch2_ohr_ncp_20190906T1246532096_d_img_d18,ch2_tmc_ncn_20220518T1459006639_g_grd_d18
07-1-054176,-15.0387,69.3294,1.98896,ch2_ohr_ncp_20190906T1246532096_d_img_d18,ch2_tmc_ncn_20220609T1621036061_g_grd_d32
07-1-054178,-15.072,69.2827,1.54066,ch2_ohr_ncp_20190906T1246532096_d_img_d18,ch2_tmc_ncn_20200104T0343214194_g_grd_gds
07-1-054178,-15.072,69.2827,1.54066,ch2_ohr_ncp_20190906T1246532096_d_img_d18,ch2_tmc_ncn_20200131T1010006367_g_grd_d18
07-1-054178,-15.072,69.2827,1.54066,ch2_ohr_ncp_20190906T1246532096_d_img_d18,ch2_tmc_ncn_20201126T1808573675_g_grd_d32
07-1-054178,-15.072,69.2827,1.54066,ch2_ohr_ncp_20190906T1246532096_d_img_d18,ch2_tmc_ncn_20210514T0803114100_g_grd_d18
07-1-054178,-15.072,69.2827,1.54066,ch2_ohr_ncp_20190906T1246532096_d_img_d18,ch2_tmc_ncn_20210514T1200279624_g_grd_d18
07-1-054178,-15.072,69.2827,1.54066,ch2_ohr_ncp_20190906T1246532096_d_img_d18,ch2_tmc_ncn_20211113T1650236492_g_grd_d18
07-1-054178,-15.072,69.2827,1.54066,ch2_ohr_ncp_20190906T1246532096_d_img_d18,ch2_tmc_ncn_20220518T1459006639_g_grd_d18
07-1-054178,-15.072,69.2827,1.54066,ch2_ohr_ncp_20190906T1246532096_d_img_d18,ch2_tmc_ncn_20220609T1621036061_g_grd_d32
07-1-054179,-15.1746,69.3771,1.42144,ch2_ohr_ncp_20190906T1246532096_d_img_d18,ch2_tmc_ncn_20200104T0343214194_g_grd_gds
07-1-054179,-15.1746,69.3771,1.42144,ch2_ohr_ncp_20190906T1246532096_d_img_d18,ch2_tmc_ncn_20200131T1010006367_g_grd_d18
07-1-054179,-15.1746,69.3771,1.42144,ch2_ohr_ncp_20190906T1246532096_d_img_d18,ch2_tmc_ncn_20201126T1808573675_g_grd_d32
07-1-054179,-15.1746,69.3771,1.42144,ch2_ohr_ncp_20190906T1246532096_d_img_d18,ch2_tmc_ncn_20210514T0803114100_g_grd_d18
07-1-054179,-15.1746,69.3771,1.42144,ch2_ohr_ncp_20190906T1246532096_d_img_d18,ch2_tmc_ncn_20210514T1200279624_g_grd_d18
07-1-054179,-15.1746,69.3771,1.42144,ch2_ohr_ncp_20190906T1246532096_d_img_d18,ch2_tmc_ncn_20211113T1650236492_g_grd_d18
07-1-054179,-15.1746,69.3771,1.42144,ch2_ohr_ncp_20190906T1246532096_d_img_d18,ch2_tmc_ncn_20220518T1459006639_g_grd_d18
07-1-054179,-15.1746,69.3771,1.42144,ch2_ohr_ncp_20190906T1246532096_d_img_d18,ch2_tmc_ncn_20220609T1621036061_g_grd_d32
07-1-054181,-15.2228,69.2605,1.08199,ch2_ohr_ncp_20190906T1246532096_d_img_d18,ch2_tmc_ncn_20200104T0343214194_g_grd_gds
07-1-054181,-15.2228,69.2605,1.08199,ch2_ohr_ncp_20190906T1246532096_d_img_d18,ch2_tmc_ncn_20200131T1010006367_g_grd_d18
07-1-054181,-15.2228,69.2605,1.08199,ch2_ohr_ncp_20190906T1246532096_d_img_d18,ch2_tmc_ncn_20201126T1808573675_g_grd_d32
07-1-054181,-15.2228,69.2605,1.08199,ch2_ohr_ncp_20190906T1246532096_d_img_d18,ch2_tmc_ncn_20210514T0803114100_g_grd_d18
07-1-054181,-15.2228,69.2605,1.08199,ch2_ohr_ncp_20190906T1246532096_d_img_d18,ch2_tmc_ncn_20210514T1200279624_g_grd_d18
07-1-054181,-15.2228,69.2605,1.08199,ch2_ohr_ncp_20190906T1246532096_d_img_d18,ch2_tmc_ncn_20211113T1650236492_g_grd_d18
07-1-054181,-15.2228,69.2605,1.08199,ch2_ohr_ncp_20190906T1246532096_d_img_d18,ch2_tmc_ncn_20220518T1459006639_g_grd_d18
07-1-054181,-15.2228,69.2605,1.08199,ch2_ohr_ncp_20190906T1246532096_d_img_d18,ch2_tmc_ncn_20220609T1621036061_g_grd_d32
07-1-054185,-15.0529,69.2306,1.23107,ch2_ohr_ncp_20190906T1246532096_d_img_d18,ch2_tmc_ncn_20200104T0343214194_g_grd_gds
07-1-054185,-15.0529,69.2306,1.23107,ch2_ohr_ncp_20190906T1246532096_d_img_d18,ch2_tmc_ncn_20200131T1010006367_g_grd_d18
07-1-054185,-15.0529,69.2306,1.23107,ch2_ohr_ncp_20190906T1246532096_d_img_d18,ch2_tmc_ncn_20201126T1808573675_g_grd_d32
07-1-054185,-15.0529,69.2306,1.23107,ch2_ohr_ncp_20190906T1246532096_d_img_d18,ch2_tmc_ncn_20210514T0803114100_g_grd_d18
07-1-054185,-15.0529,69.2306,1.23107,ch2_ohr_ncp_20190906T1246532096_d_img_d18,ch2_tmc_ncn_20210514T1200279624_g_grd_d18
07-1-054185,-15.0529,69.2306,1.23107,ch2_ohr_ncp_20190906T1246532096_d_img_d18,ch2_tmc_ncn_20211113T1650236492_g_grd_d18
07-1-054185,-15.0529,69.2306,1.23107,ch2_ohr_ncp_20190906T1246532096_d_img_d18,ch2_tmc_ncn_20220518T1459006639_g_grd_d18
07-1-054185,-15.0529,69.2306,1.23107,ch2_ohr_ncp_20190906T1246532096_d_img_d18,ch2_tmc_ncn_20220609T1621036061_g_grd_d32
07-1-054186,-14.9714,69.1779,2.41359,ch2_ohr_ncp_20190906T1246532096_d_img_d18,ch2_tmc_ncn_20200104T0343214194_g_grd_gds
07-1-054186,-14.9714,69.1779,2.41359,ch2_ohr_ncp_20190906T1246532096_d_img_d18,ch2_tmc_ncn_20200131T1010006367_g_grd_d18
07-1-054186,-14.9714,69.1779,2.41359,ch2_ohr_ncp_20190906T1246532096_d_img_d18,ch2_tmc_ncn_20201126T1808573675_g_grd_d32
07-1-054186,-14.9714,69.1779,2.41359,ch2_ohr_ncp_20190906T1246532096_d_img_d18,ch2_tmc_ncn_20210514T0803114100_g_grd_d18
07-1-054186,-14.9714,69.1779,2.41359,ch2_ohr_ncp_20190906T1246532096_d_img_d18,ch2_tmc_ncn_20210514T1200279624_g_grd_d18
07-1-054186,-14.9714,69.1779,2.41359,ch2_ohr_ncp_20190906T1246532096_d_img_d18,ch2_tmc_ncn_20211113T1650236492_g_grd_d18
07-1-054186,-14.9714,69.1779,2.41359,ch2_ohr_ncp_20190906T1246532096_d_img_d18,ch2_tmc_ncn_20220518T1459006639_g_grd_d18
07-1-054186,-14.9714,69.1779,2.41359,ch2_ohr_ncp_20190906T1246532096_d_img_d18,ch2_tmc_ncn_20220609T1621036061_g_grd_d32
07-1-054190,-14.6867,69.2339,1.64613,ch2_ohr_ncp_20190906T1246532096_d_img_d18,ch2_tmc_ncn_20200104T0343214194_g_grd_gds
07-1-054190,-14.6867,69.2339,1.64613,ch2_ohr_ncp_20190906T1246532096_d_img_d18,ch2_tmc_ncn_20200131T1010006367_g_grd_d18
07-1-054190,-14.6867,69.2339,1.64613,ch2_ohr_ncp_20190906T1246532096_d_img_d18,ch2_tmc_ncn_20201126T1808573675_g_grd_d32
07-1-054190,-14.6867,69.2339,1.64613,ch2_ohr_ncp_20190906T1246532096_d_img_d18,ch2_tmc_ncn_20210514T0803114100_g_grd_d18
07-1-054190,-14.6867,69.2339,1.64613,ch2_ohr_ncp_20190906T1246532096_d_img_d18,ch2_tmc_ncn_20210514T1200279624_g_grd_d18
07-1-054190,-14.6867,69.2339,1.64613,ch2_ohr_ncp_20190906T1246532096_d_img_d18,ch2_tmc_ncn_20211113T1650236492_g_grd_d18
07-1-054190,-14.6867,69.2339,1.64613,ch2_ohr_ncp_20190906T1246532096_d_img_d18,ch2_tmc_ncn_20220518T1459006639_g_grd_d18
07-1-054190,-14.6867,69.2339,1.64613,ch2_ohr_ncp_20190906T1246532096_d_img_d18,ch2_tmc_ncn_20220609T1621036061_g_grd_d32
07-1-054191,-14.7724,69.2178,1.20706,ch2_ohr_ncp_20190906T1246532096_d_img_d18,ch2_tmc_ncn_20200104T0343214194_g_grd_gds
07-1-054191,-14.7724,69.2178,1.20706,ch2_ohr_ncp_20190906T1246532096_d_img_d18,ch2_tmc_ncn_20200131T1010006367_g_grd_d18
07-1-054191,-14.7724,69.2178,1.20706,ch2_ohr_ncp_20190906T1246532096_d_img_d18,ch2_tmc_ncn_20201126T1808573675_g_grd_d32
07-1-054191,-14.7724,69.2178,1.20706,ch2_ohr_ncp_20190906T1246532096_d_img_d18,ch2_tmc_ncn_20210514T0803114100_g_grd_d18
07-1-054191,-14.7724,69.2178,1.20706,ch2_ohr_ncp_20190906T1246532096_d_img_d18,ch2_tmc_ncn_20210514T1200279624_g_grd_d18
07-1-054191,-14.7724,69.2178,1.20706,ch2_ohr_ncp_20190906T1246532096_d_img_d18,ch2_tmc_ncn_20211113T1650236492_g_grd_d18
07-1-054191,-14.7724,69.2178,1.20706,ch2_ohr_ncp_20190906T1246532096_d_img_d18,ch2_tmc_ncn_20220518T1459006639_g_grd_d18
07-1-054191,-14.7724,69.2178,1.20706,ch2_ohr_ncp_20190906T1246532096_d_img_d18,ch2_tmc_ncn_20220609T1621036061_g_grd_d32
07-1-054193,-14.8825,69.2126,4.32774,ch2_ohr_ncp_20190906T1246532096_d_img_d18,ch2_tmc_ncn_20200104T0343214194_g_grd_gds
07-1-054193,-14.8825,69.2126,4.32774,ch2_ohr_ncp_20190906T1246532096_d_img_d18,ch2_tmc_ncn_20200131T1010006367_g_grd_d18
07-1-054193,-14.8825,69.2126,4.32774,ch2_ohr_ncp_20190906T1246532096_d_img_d18,ch2_tmc_ncn_20201126T1808573675_g_grd_d32
07-1-054193,-14.8825,69.2126,4.32774,ch2_ohr_ncp_20190906T1246532096_d_img_d18,ch2_tmc_ncn_20210514T0803114100_g_grd_d18
07-1-054193,-14.8825,69.2126,4.32774,ch2_ohr_ncp_20190906T1246532096_d_img_d18,ch2_tmc_ncn_20210514T1200279624_g_grd_d18
07-1-054193,-14.8825,69.2126,4.32774,ch2_ohr_ncp_20190906T1246532096_d_img_d18,ch2_tmc_ncn_20211113T1650236492_g_grd_d18
07-1-054193,-14.8825,69.2126,4.32774,ch2_ohr_ncp_20190906T1246532096_d_img_d18,ch2_tmc_ncn_20220518T1459006639_g_grd_d18
07-1-054193,-14.8825,69.2126,4.32774,ch2_ohr_ncp_20190906T1246532096_d_img_d18,ch2_tmc_ncn_20220609T1621036061_g_grd_d32
07-1-054194,-14.8231,69.281,1.08643,ch2_ohr_ncp_20190906T1246532096_d_img_d18,ch2_tmc_ncn_20200104T0343214194_g_grd_gds
07-1-054194,-14.8231,69.281,1.08643,ch2_ohr_ncp_20190906T1246532096_d_img_d18,ch2_tmc_ncn_20200131T1010006367_g_grd_d18
07-1-054194,-14.8231,69.281,1.08643,ch2_ohr_ncp_20190906T1246532096_d_img_d18,ch2_tmc_ncn_20201126T1808573675_g_grd_d32
07-1-054194,-14.8231,69.281,1.08643,ch2_ohr_ncp_20190906T1246532096_d_img_d18,ch2_tmc_ncn_20210514T0803114100_g_grd_d18
07-1-054194,-14.8231,69.281,1.08643,ch2_ohr_ncp_20190906T1246532096_d_img_d18,ch2_tmc_ncn_20210514T1200279624_g_grd_d18
07-1-054194,-14.8231,69.281,1.08643,ch2_ohr_ncp_20190906T1246532096_d_img_d18,ch2_tmc_ncn_20211113T1650236492_g_grd_d18
07-1-054194,-14.8231,69.281,1.08643,ch2_ohr_ncp_20190906T1246532096_d_img_d18,ch2_tmc_ncn_20220518T1459006639_g_grd_d18
07-1-054194,-14.8231,69.281,1.08643,ch2_ohr_ncp_20190906T1246532096_d_img_d18,ch2_tmc_ncn_20220609T1621036061_g_grd_d32
07-1-054196,-14.8074,69.4205,1.76681,ch2_ohr_ncp_20190906T1246532096_d_img_d18,ch2_tmc_ncn_20200104T0343214194_g_grd_gds
07-1-054196,-14.8074,69.4205,1.76681,ch2_ohr_ncp_20190906T1246532096_d_img_d18,ch2_tmc_ncn_20200131T1010006367_g_grd_d18
07-1-054196,-14.8074,69.4205,1.76681,ch2_ohr_ncp_20190906T1246532096_d_img_d18,ch2_tmc_ncn_20201126T1808573675_g_grd_d32
07-1-054196,-14.8074,69.4205,1.76681,ch2_ohr_ncp_20190906T1246532096_d_img_d18,ch2_tmc_ncn_20210514T0803114100_g_grd_d18
07-1-054196,-14.8074,69.4205,1.76681,ch2_ohr_ncp_20190906T1246532096_d_img_d18,ch2_tmc_ncn_20210514T1200279624_g_grd_d18
07-1-054196,-14.8074,69.4205,1.76681,ch2_ohr_ncp_20190906T1246532096_d_img_d18,ch2_tmc_ncn_20211113T1650236492_g_grd_d18
07-1-054196,-14.8074,69.4205,1.76681,ch2_ohr_ncp_20190906T1246532096_d_img_d18,ch2_tmc_ncn_20220518T1459006639_g_grd_d18
07-1-054196,-14.8074,69.4205,1.76681,ch2_ohr_ncp_20190906T1246532096_d_img_d18,ch2_tmc_ncn_20220609T1621036061_g_grd_d32
07-1-054197,-14.7306,69.4026,1.28496,ch2_ohr_ncp_20190906T1246532096_d_img_d18,ch2_tmc_ncn_20200104T0343214194_g_grd_gds
07-1-054197,-14.7306,69.4026,1.28496,ch2_ohr_ncp_20190906T1246532096_d_img_d18,ch2_tmc_ncn_20200131T1010006367_g_grd_d18
07-1-054197,-14.7306,69.4026,1.28496,ch2_ohr_ncp_20190906T1246532096_d_img_d18,ch2_tmc_ncn_20201126T1808573675_g_grd_d32
07-1-054197,-14.7306,69.4026,1.28496,ch2_ohr_ncp_20190906T1246532096_d_img_d18,ch2_tmc_ncn_20210514T0803114100_g_grd_d18
07-1-054197,-14.7306,69.4026,1.28496,ch2_ohr_ncp_20190906T1246532096_d_img_d18,ch2_tmc_ncn_20210514T1200279624_g_grd_d18
07-1-054197,-14.7306,69.4026,1.28496,ch2_ohr_ncp_20190906T1246532096_d_img_d18,ch2_tmc_ncn_20211113T1650236492_g_grd_d18
07-1-054197,-14.7306,69.4026,1.28496,ch2_ohr_ncp_20190906T1246532096_d_img_d18,ch2_tmc_ncn_20220518T1459006639_g_grd_d18
07-1-054197,-14.7306,69.4026,1.28496,ch2_ohr_ncp_20190906T1246532096_d_img_d18,ch2_tmc_ncn_20220609T1621036061_g_grd_d32
07-1-054199,-14.3633,69.4167,1.54614,ch2_ohr_ncp_20190906T1246532096_d_img_d18,ch2_tmc_ncn_20200104T0343214194_g_grd_gds
07-1-054199,-14.3633,69.4167,1.54614,ch2_ohr_ncp_20190906T1246532096_d_img_d18,ch2_tmc_ncn_20200131T1010006367_g_grd_d18
07-1-054199,-14.3633,69.4167,1.54614,ch2_ohr_ncp_20190906T1246532096_d_img_d18,ch2_tmc_ncn_20201126T1808573675_g_grd_d32
07-1-054199,-14.3633,69.4167,1.54614,ch2_ohr_ncp_20190906T1246532096_d_img_d18,ch2_tmc_ncn_20210514T0803114100_g_grd_d18
07-1-054199,-14.3633,69.4167,1.54614,ch2_ohr_ncp_20190906T1246532096_d_img_d18,ch2_tmc_ncn_20210514T1200279624_g_grd_d18
07-1-054199,-14.3633,69.4167,1.54614,ch2_ohr_ncp_20190906T1246532096_d_img_d18,ch2_tmc_ncn_20211113T1650236492_g_grd_d18
07-1-054199,-14.3633,69.4167,1.54614,ch2_ohr_ncp_20190906T1246532096_d_img_d18,ch2_tmc_ncn_20220518T1459006639_g_grd_d18
07-1-054199,-14.3633,69.4167,1.54614,ch2_ohr_ncp_20190906T1246532096_d_img_d18,ch2_tmc_ncn_20220609T1621036061_g_grd_d32
07-1-054214,-14.5435,69.5224,1.53906,ch2_ohr_ncp_20190906T1246532096_d_img_d18,ch2_tmc_ncn_20200104T0343214194_g_grd_gds
07-1-054214,-14.5435,69.5224,1.53906,ch2_ohr_ncp_20190906T1246532096_d_img_d18,ch2_tmc_ncn_20200131T1010006367_g_grd_d18
07-1-054214,-14.5435,69.5224,1.53906,ch2_ohr_ncp_20190906T1246532096_d_img_d18,ch2_tmc_ncn_20201126T1808573675_g_grd_d32
07-1-054214,-14.5435,69.5224,1.53906,ch2_ohr_ncp_20190906T1246532096_d_img_d18,ch2_tmc_ncn_20210514T0803114100_g_grd_d18
07-1-054214,-14.5435,69.5224,1.53906,ch2_ohr_ncp_20190906T1246532096_d_img_d18,ch2_tmc_ncn_20210514T1200279624_g_grd_d18
07-1-054214,-14.5435,69.5224,1.53906,ch2_ohr_ncp_20190906T1246532096_d_img_d18,ch2_tmc_ncn_20211113T1650236492_g_grd_d18
07-1-054214,-14.5435,69.5224,1.53906,ch2_ohr_ncp_20190906T1246532096_d_img_d18,ch2_tmc_ncn_20220518T1459006639_g_grd_d18
07-1-054214,-14.5435,69.5224,1.53906,ch2_ohr_ncp_20190906T1246532096_d_img_d18,ch2_tmc_ncn_20220609T1621036061_g_grd_d32
07-1-054215,-14.3618,69.4748,1.00248,ch2_ohr_ncp_20190906T1246532096_d_img_d18,ch2_tmc_ncn_20200104T0343214194_g_grd_gds
07-1-054215,-14.3618,69.4748,1.00248,ch2_ohr_ncp_20190906T1246532096_d_img_d18,ch2_tmc_ncn_20200131T1010006367_g_grd_d18
07-1-054215,-14.3618,69.4748,1.00248,ch2_ohr_ncp_20190906T1246532096_d_img_d18,ch2_tmc_ncn_20201126T1808573675_g_grd_d32
07-1-054215,-14.3618,69.4748,1.00248,ch2_ohr_ncp_20190906T1246532096_d_img_d18,ch2_tmc_ncn_20210514T0803114100_g_grd_d18
07-1-054215,-14.3618,69.4748,1.00248,ch2_ohr_ncp_20190906T1246532096_d_img_d18,ch2_tmc_ncn_20210514T1200279624_g_grd_d18
07-1-054215,-14.3618,69.4748,1.00248,ch2_ohr_ncp_20190906T1246532096_d_img_d18,ch2_tmc_ncn_20211113T1650236492_g_grd_d18
07-1-054215,-14.3618,69.4748,1.00248,ch2_ohr_ncp_20190906T1246532096_d_img_d18,ch2_tmc_ncn_20220518T1459006639_g_grd_d18
07-1-054215,-14.3618,69.4748,1.00248,ch2_ohr_ncp_20190906T1246532096_d_img_d18,ch2_tmc_ncn_20220609T1621036061_g_grd_d32
07-1-054216,-14.3388,69.1799,1.41399,ch2_ohr_ncp_20190906T1246532096_d_img_d18,ch2_tmc_ncn_20200104T0343214194_g_grd_gds
07-1-054216,-14.3388,69.1799,1.41399,ch2_ohr_ncp_20190906T1246532096_d_img_d18,ch2_tmc_ncn_20200131T1010006367_g_grd_d18
07-1-054216,-14.3388,69.1799,1.41399,ch2_ohr_ncp_20190906T1246532096_d_img_d18,ch2_tmc_ncn_20201126T1808573675_g_grd_d32
07-1-054216,-14.3388,69.1799,1.41399,ch2_ohr_ncp_20190906T1246532096_d_img_d18,ch2_tmc_ncn_20210514T0803114100_g_grd_d18
07-1-054216,-14.3388,69.1799,1.41399,ch2_ohr_ncp_20190906T1246532096_d_img_d18,ch2_tmc_ncn_20210514T1200279624_g_grd_d18
07-1-054216,-14.3388,69.1799,1.41399,ch2_ohr_ncp_20190906T1246532096_d_img_d18,ch2_tmc_ncn_20211113T1650236492_g_grd_d18
07-1-054216,-14.3388,69.1799,1.41399,ch2_ohr_ncp_20190906T1246532096_d_img_d18,ch2_tmc_ncn_20220518T1459006639_g_grd_d18
07-1-054216,-14.3388,69.1799,1.41399,ch2_ohr_ncp_20190906T1246532096_d_img_d18,ch2_tmc_ncn_20220609T1621036061_g_grd_d32
07-1-054310,-14.9676,69.309,1.54038,ch2_ohr_ncp_20190906T1246532096_d_img_d18,ch2_tmc_ncn_20200104T0343214194_g_grd_gds
07-1-054310,-14.9676,69.309,1.54038,ch2_ohr_ncp_20190906T1246532096_d_img_d18,ch2_tmc_ncn_20200131T1010006367_g_grd_d18
07-1-054310,-14.9676,69.309,1.54038,ch2_ohr_ncp_20190906T1246532096_d_img_d18,ch2_tmc_ncn_20201126T1808573675_g_grd_d32
07-1-054310,-14.9676,69.309,1.54038,ch2_ohr_ncp_20190906T1246532096_d_img_d18,ch2_tmc_ncn_20210514T0803114100_g_grd_d18
07-1-054310,-14.9676,69.309,1.54038,ch2_ohr_ncp_20190906T1246532096_d_img_d18,ch2_tmc_ncn_20210514T1200279624_g_grd_d18
07-1-054310,-14.9676,69.309,1.54038,ch2_ohr_ncp_20190906T1246532096_d_img_d18,ch2_tmc_ncn_20211113T1650236492_g_grd_d18
07-1-054310,-14.9676,69.309,1.54038,ch2_ohr_ncp_20190906T1246532096_d_img_d18,ch2_tmc_ncn_20220518T1459006639_g_grd_d18
07-1-054310,-14.9676,69.309,1.54038,ch2_ohr_ncp_20190906T1246532096_d_img_d18,ch2_tmc_ncn_20220609T1621036061_g_grd_d32
07-1-054311,-15.2675,69.4216,1.0983,ch2_ohr_ncp_20190906T1246532096_d_img_d18,ch2_tmc_ncn_20200104T0343214194_g_grd_gds
07-1-054311,-15.2675,69.4216,1.0983,ch2_ohr_ncp_20190906T1246532096_d_img_d18,ch2_tmc_ncn_20200131T1010006367_g_grd_d18
07-1-054311,-15.2675,69.4216,1.0983,ch2_ohr_ncp_20190906T1246532096_d_img_d18,ch2_tmc_ncn_20201126T1808573675_g_grd_d32
07-1-054311,-15.2675,69.4216,1.0983,ch2_ohr_ncp_20190906T1246532096_d_img_d18,ch2_tmc_ncn_20210514T0803114100_g_grd_d18
07-1-054311,-15.2675,69.4216,1.0983,ch2_ohr_ncp_20190906T1246532096_d_img_d18,ch2_tmc_ncn_20210514T1200279624_g_grd_d18
07-1-054311,-15.2675,69.4216,1.0983,ch2_ohr_ncp_20190906T1246532096_d_img_d18,ch2_tmc_ncn_20211113T1650236492_g_grd_d18
07-1-054311,-15.2675,69.4216,1.0983,ch2_ohr_ncp_20190906T1246532096_d_img_d18,ch2_tmc_ncn_20220518T1459006639_g_grd_d18
07-1-054311,-15.2675,69.4216,1.0983,ch2_ohr_ncp_20190906T1246532096_d_img_d18,ch2_tmc_ncn_20220609T1621036061_g_grd_d32
07-1-054312,-15.312,69.259,3.30559,ch2_ohr_ncp_20190906T1246532096_d_img_d18,ch2_tmc_ncn_20200104T0343214194_g_grd_gds
07-1-054312,-15.312,69.259,3.30559,ch2_ohr_ncp_20190906T1246532096_d_img_d18,ch2_tmc_ncn_20200131T1010006367_g_grd_d18
07-1-054312,-15.312,69.259,3.30559,ch2_ohr_ncp_20190906T1246532096_d_img_d18,ch2_tmc_ncn_20201126T1808573675_g_grd_d32
07-1-054312,-15.312,69.259,3.30559,ch2_ohr_ncp_20190906T1246532096_d_img_d18,ch2_tmc_ncn_20210514T0803114100_g_grd_d18
07-1-054312,-15.312,69.259,3.30559,ch2_ohr_ncp_20190906T1246532096_d_img_d18,ch2_tmc_ncn_20210514T1200279624_g_grd_d18
07-1-054312,-15.312,69.259,3.30559,ch2_ohr_ncp_20190906T1246532096_d_img_d18,ch2_tmc_ncn_20211113T1650236492_g_grd_d18
07-1-054312,-15.312,69.259,3.30559,ch2_ohr_ncp_20190906T1246532096_d_img_d18,ch2_tmc_ncn_20220518T1459006639_g_grd_d18
07-1-054312,-15.312,69.259,3.30559,ch2_ohr_ncp_20190906T1246532096_d_img_d18,ch2_tmc_ncn_20220609T1621036061_g_grd_d32
07-1-060416,-15.5076,69.1835,1.61837,ch2_ohr_ncp_20190906T1246532096_d_img_d18,ch2_tmc_ncn_20200104T0343214194_g_grd_gds
07-1-060416,-15.5076,69.1835,1.61837,ch2_ohr_ncp_20190906T1246532096_d_img_d18,ch2_tmc_ncn_20200131T1010006367_g_grd_d18
07-1-060416,-15.5076,69.1835,1.61837,ch2_ohr_ncp_20190906T1246532096_d_img_d18,ch2_tmc_ncn_20201126T1808573675_g_grd_d32
07-1-060416,-15.5076,69.1835,1.61837,ch2_ohr_ncp_20190906T1246532096_d_img_d18,ch2_tmc_ncn_20210514T0803114100_g_grd_d18
07-1-060416,-15.5076,69.1835,1.61837,ch2_ohr_ncp_20190906T1246532096_d_img_d18,ch2_tmc_ncn_20210514T1200279624_g_grd_d18
07-1-060416,-15.5076,69.1835,1.61837,ch2_ohr_ncp_20190906T1246532096_d_img_d18,ch2_tmc_ncn_20211113T1650236492_g_grd_d18
07-1-060416,-15.5076,69.1835,1.61837,ch2_ohr_ncp_20190906T1246532096_d_img_d18,ch2_tmc_ncn_20220518T1459006639_g_grd_d18
07-1-060416,-15.5076,69.1835,1.61837,ch2_ohr_ncp_20190906T1246532096_d_img_d18,ch2_tmc_ncn_20220609T1621036061_g_grd_d32
07-1-060417,-15.5381,69.2073,1.53259,ch2_ohr_ncp_20190906T1246532096_d_img_d18,ch2_tmc_ncn_20200104T0343214194_g_grd_gds
07-1-060417,-15.5381,69.2073,1.53259,ch2_ohr_ncp_20190906T1246532096_d_img_d18,ch2_tmc_ncn_20200131T1010006367_g_grd_d18
07-1-060417,-15.5381,69.2073,1.53259,ch2_ohr_ncp_20190906T1246532096_d_img_d18,ch2_tmc_ncn_20201126T1808573675_g_grd_d32
07-1-060417,-15.5381,69.2073,1.53259,ch2_ohr_ncp_20190906T1246532096_d_img_d18,ch2_tmc_ncn_20210514T0803114100_g_grd_d18
07-1-060417,-15.5381,69.2073,1.53259,ch2_ohr_ncp_20190906T1246532096_d_img_d18,ch2_tmc_ncn_20210514T1200279624_g_grd_d18
07-1-060417,-15.5381,69.2073,1.53259,ch2_ohr_ncp_20190906T1246532096_d_img_d18,ch2_tmc_ncn_20211113T1650236492_g_grd_d18
07-1-060417,-15.5381,69.2073,1.53259,ch2_ohr_ncp_20190906T1246532096_d_img_d18,ch2_tmc_ncn_20220518T1459006639_g_grd_d18
07-1-060417,-15.5381,69.2073,1.53259,ch2_ohr_ncp_20190906T1246532096_d_img_d18,ch2_tmc_ncn_20220609T1621036061_g_grd_d32
07-1-060419,-15.5121,69.3166,1.58493,ch2_ohr_ncp_20190906T1246532096_d_img_d18,ch2_tmc_ncn_20200104T0343214194_g_grd_gds
07-1-060419,-15.5121,69.3166,1.58493,ch2_ohr_ncp_20190906T1246532096_d_img_d18,ch2_tmc_ncn_20200131T1010006367_g_grd_d18
07-1-060419,-15.5121,69.3166,1.58493,ch2_ohr_ncp_20190906T1246532096_d_img_d18,ch2_tmc_ncn_20201126T1808573675_g_grd_d32
07-1-060419,-15.5121,69.3166,1.58493,ch2_ohr_ncp_20190906T1246532096_d_img_d18,ch2_tmc_ncn_20210514T0803114100_g_grd_d18
07-1-060419,-15.5121,69.3166,1.58493,ch2_ohr_ncp_20190906T1246532096_d_img_d18,ch2_tmc_ncn_20210514T1200279624_g_grd_d18
07-1-060419,-15.5121,69.3166,1.58493,ch2_ohr_ncp_20190906T1246532096_d_img_d18,ch2_tmc_ncn_20211113T1650236492_g_grd_d18
07-1-060419,-15.5121,69.3166,1.58493,ch2_ohr_ncp_20190906T1246532096_d_img_d18,ch2_tmc_ncn_20220518T1459006639_g_grd_d18
07-1-060419,-15.5121,69.3166,1.58493,ch2_ohr_ncp_20190906T1246532096_d_img_d18,ch2_tmc_ncn_20220609T1621036061_g_grd_d32
07-1-060420,-15.5624,69.3532,1.37297,ch2_ohr_ncp_20190906T1246532096_d_img_d18,ch2_tmc_ncn_20200104T0343214194_g_grd_gds
07-1-060420,-15.5624,69.3532,1.37297,ch2_ohr_ncp_20190906T1246532096_d_img_d18,ch2_tmc_ncn_20200131T1010006367_g_grd_d18
07-1-060420,-15.5624,69.3532,1.37297,ch2_ohr_ncp_20190906T1246532096_d_img_d18,ch2_tmc_ncn_20201126T1808573675_g_grd_d32
07-1-060420,-15.5624,69.3532,1.37297,ch2_ohr_ncp_20190906T1246532096_d_img_d18,ch2_tmc_ncn_20210514T0803114100_g_grd_d18
07-1-060420,-15.5624,69.3532,1.37297,ch2_ohr_ncp_20190906T1246532096_d_img_d18,ch2_tmc_ncn_20210514T1200279624_g_grd_d18
07-1-060420,-15.5624,69.3532,1.37297,ch2_ohr_ncp_20190906T1246532096_d_img_d18,ch2_tmc_ncn_20211113T1650236492_g_grd_d18
07-1-060420,-15.5624,69.3532,1.37297,ch2_ohr_ncp_20190906T1246532096_d_img_d18,ch2_tmc_ncn_20220518T1459006639_g_grd_d18
07-1-060420,-15.5624,69.3532,1.37297,ch2_ohr_ncp_20190906T1246532096_d_img_d18,ch2_tmc_ncn_20220609T1621036061_g_grd_d32
07-1-060421,-15.6312,69.1964,1.29279,ch2_ohr_ncp_20190906T1246532096_d_img_d18,ch2_tmc_ncn_20200104T0343214194_g_grd_gds
07-1-060421,-15.6312,69.1964,1.29279,ch2_ohr_ncp_20190906T1246532096_d_img_d18,ch2_tmc_ncn_20200131T1010006367_g_grd_d18
07-1-060421,-15.6312,69.1964,1.29279,ch2_ohr_ncp_20190906T1246532096_d_img_d18,ch2_tmc_ncn_20201126T1808573675_g_grd_d32
07-1-060421,-15.6312,69.1964,1.29279,ch2_ohr_ncp_20190906T1246532096_d_img_d18,ch2_tmc_ncn_20210514T0803114100_g_grd_d18
07-1-060421,-15.6312,69.1964,1.29279,ch2_ohr_ncp_20190906T1246532096_d_img_d18,ch2_tmc_ncn_20210514T1200279624_g_grd_d18
07-1-060421,-15.6312,69.1964,1.29279,ch2_ohr_ncp_20190906T1246532096_d_img_d18,ch2_tmc_ncn_20211113T1650236492_g_grd_d18
07-1-060421,-15.6312,69.1964,1.29279,ch2_ohr_ncp_20190906T1246532096_d_img_d18,ch2_tmc_ncn_20220518T1459006639_g_grd_d18
07-1-060421,-15.6312,69.1964,1.29279,ch2_ohr_ncp_20190906T1246532096_d_img_d18,ch2_tmc_ncn_20220609T1621036061_g_grd_d32
07-1-060424,-15.7211,69.2297,1.08281,ch2_ohr_ncp_20190906T1246532096_d_img_d18,ch2_tmc_ncn_20200104T0343214194_g_grd_gds
07-1-060424,-15.7211,69.2297,1.08281,ch2_ohr_ncp_20190906T1246532096_d_img_d18,ch2_tmc_ncn_20200131T1010006367_g_grd_d18
07-1-060424,-15.7211,69.2297,1.08281,ch2_ohr_ncp_20190906T1246532096_d_img_d18,ch2_tmc_ncn_20201126T1808573675_g_grd_d32
07-1-060424,-15.7211,69.2297,1.08281,ch2_ohr_ncp_20190906T1246532096_d_img_d18,ch2_tmc_ncn_20210514T0803114100_g_grd_d18
07-1-060424,-15.7211,69.2297,1.08281,ch2_ohr_ncp_20190906T1246532096_d_img_d18,ch2_tmc_ncn_20210514T1200279624_g_grd_d18
07-1-060424,-15.7211,69.2297,1.08281,ch2_ohr_ncp_20190906T1246532096_d_img_d18,ch2_tmc_ncn_20211113T1650236492_g_grd_d18
07-1-060424,-15.7211,69.2297,1.08281,ch2_ohr_ncp_20190906T1246532096_d_img_d18,ch2_tmc_ncn_20220518T1459006639_g_grd_d18
07-1-060424,-15.7211,69.2297,1.08281,ch2_ohr_ncp_20190906T1246532096_d_img_d18,ch2_tmc_ncn_20220609T1621036061_g_grd_d32
07-1-060425,-15.7386,69.2258,1.33809,ch2_ohr_ncp_20190906T1246532096_d_img_d18,ch2_tmc_ncn_20200104T0343214194_g_grd_gds
07-1-060425,-15.7386,69.2258,1.33809,ch2_ohr_ncp_20190906T1246532096_d_img_d18,ch2_tmc_ncn_20200131T1010006367_g_grd_d18
07-1-060425,-15.7386,69.2258,1.33809,ch2_ohr_ncp_20190906T1246532096_d_img_d18,ch2_tmc_ncn_20201126T1808573675_g_grd_d32
07-1-060425,-15.7386,69.2258,1.33809,ch2_ohr_ncp_20190906T1246532096_d_img_d18,ch2_tmc_ncn_20210514T0803114100_g_grd_d18
07-1-060425,-15.7386,69.2258,1.33809,ch2_ohr_ncp_20190906T1246532096_d_img_d18,ch2_tmc_ncn_20210514T1200279624_g_grd_d18
07-1-060425,-15.7386,69.2258,1.33809,ch2_ohr_ncp_20190906T1246532096_d_img_d18,ch2_tmc_ncn_20211113T1650236492_g_grd_d18
07-1-060425,-15.7386,69.2258,1.33809,ch2_ohr_ncp_20190906T1246532096_d_img_d18,ch2_tmc_ncn_20220518T1459006639_g_grd_d18
07-1-060425,-15.7386,69.2258,1.33809,ch2_ohr_ncp_20190906T1246532096_d_img_d18,ch2_tmc_ncn_20220609T1621036061_g_grd_d32
07-1-060426,-15.805,69.1816,1.28074,ch2_ohr_ncp_20190906T1246532096_d_img_d18,ch2_tmc_ncn_20200104T0343214194_g_grd_gds
07-1-060426,-15.805,69.1816,1.28074,ch2_ohr_ncp_20190906T1246532096_d_img_d18,ch2_tmc_ncn_20200131T1010006367_g_grd_d18
07-1-060426,-15.805,69.1816,1.28074,ch2_ohr_ncp_20190906T1246532096_d_img_d18,ch2_tmc_ncn_20201126T1808573675_g_grd_d32
07-1-060426,-15.805,69.1816,1.28074,ch2_ohr_ncp_20190906T1246532096_d_img_d18,ch2_tmc_ncn_20210514T0803114100_g_grd_d18
07-1-060426,-15.805,69.1816,1.28074,ch2_ohr_ncp_20190906T1246532096_d_img_d18,ch2_tmc_ncn_20210514T1200279624_g_grd_d18
07-1-060426,-15.805,69.1816,1.28074,ch2_ohr_ncp_20190906T1246532096_d_img_d18,ch2_tmc_ncn_20211113T1650236492_g_grd_d18
07-1-060426,-15.805,69.1816,1.28074,ch2_ohr_ncp_20190906T1246532096_d_img_d18,ch2_tmc_ncn_20220518T1459006639_g_grd_d18
07-1-060426,-15.805,69.1816,1.28074,ch2_ohr_ncp_20190906T1246532096_d_img_d18,ch2_tmc_ncn_20220609T1621036061_g_grd_d32
07-1-060428,-15.9561,69.3491,1.38354,ch2_ohr_ncp_20190906T1246532096_d_img_d18,ch2_tmc_ncn_20200104T0343214194_g_grd_gds
07-1-060428,-15.9561,69.3491,1.38354,ch2_ohr_ncp_20190906T1246532096_d_img_d18,ch2_tmc_ncn_20200131T1010006367_g_grd_d18
07-1-060428,-15.9561,69.3491,1.38354,ch2_ohr_ncp_20190906T1246532096_d_img_d18,ch2_tmc_ncn_20201126T1808573675_g_grd_d32
07-1-060428,-15.9561,69.3491,1.38354,ch2_ohr_ncp_20190906T1246532096_d_img_d18,ch2_tmc_ncn_20210514T0803114100_g_grd_d18
07-1-060428,-15.9561,69.3491,1.38354,ch2_ohr_ncp_20190906T1246532096_d_img_d18,ch2_tmc_ncn_20210514T1200279624_g_grd_d18
07-1-060428,-15.9561,69.3491,1.38354,ch2_ohr_ncp_20190906T1246532096_d_img_d18,ch2_tmc_ncn_20211113T1650236492_g_grd_d18
07-1-060428,-15.9561,69.3491,1.38354,ch2_ohr_ncp_20190906T1246532096_d_img_d18,ch2_tmc_ncn_20220518T1459006639_g_grd_d18
07-1-060428,-15.9561,69.3491,1.38354,ch2_ohr_ncp_20190906T1246532096_d_img_d18,ch2_tmc_ncn_20220609T1621036061_g_grd_d32
07-1-060429,-16.0308,69.4918,1.8442,ch2_ohr_ncp_20190906T1246532096_d_img_d18,ch2_tmc_ncn_20200104T0343214194_g_grd_gds
07-1-060429,-16.0308,69.4918,1.8442,ch2_ohr_ncp_20190906T1246532096_d_img_d18,ch2_tmc_ncn_20200131T1010006367_g_grd_d18
07-1-060429,-16.0308,69.4918,1.8442,ch2_ohr_ncp_20190906T1246532096_d_img_d18,ch2_tmc_ncn_20201126T1808573675_g_grd_d32
07-1-060429,-16.0308,69.4918,1.8442,ch2_ohr_ncp_20190906T1246532096_d_img_d18,ch2_tmc_ncn_20210514T0803114100_g_grd_d18
07-1-060429,-16.0308,69.4918,1.8442,ch2_ohr_ncp_20190906T1246532096_d_img_d18,ch2_tmc_ncn_20210514T1200279624_g_grd_d18
07-1-060429,-16.0308,69.4918,1.8442,ch2_ohr_ncp_20190906T1246532096_d_img_d18,ch2_tmc_ncn_20211113T1650236492_g_grd_d18
07-1-060429,-16.0308,69.4918,1.8442,ch2_ohr_ncp_20190906T1246532096_d_img_d18,ch2_tmc_ncn_20220518T1459006639_g_grd_d18
07-1-060429,-16.0308,69.4918,1.8442,ch2_ohr_ncp_20190906T1246532096_d_img_d18,ch2_tmc_ncn_20220609T1621036061_g_grd_d32
07-1-060430,-16.1211,69.5594,2.5363,ch2_ohr_ncp_20190906T1246532096_d_img_d18,ch2_tmc_ncn_20200104T0343214194_g_grd_gds
07-1-060430,-16.1211,69.5594,2.5363,ch2_ohr_ncp_20190906T1246532096_d_img_d18,ch2_tmc_ncn_20200131T1010006367_g_grd_d18
07-1-060430,-16.1211,69.5594,2.5363,ch2_ohr_ncp_20190906T1246532096_d_img_d18,ch2_tmc_ncn_20201126T1808573675_g_grd_d32
07-1-060430,-16.1211,69.5594,2.5363,ch2_ohr_ncp_20190906T1246532096_d_img_d18,ch2_tmc_ncn_20210514T0803114100_g_grd_d18
07-1-060430,-16.1211,69.5594,2.5363,ch2_ohr_ncp_20190906T1246532096_d_img_d18,ch2_tmc_ncn_20210514T1200279624_g_grd_d18
07-1-060430,-16.1211,69.5594,2.5363,ch2_ohr_ncp_20190906T1246532096_d_img_d18,ch2_tmc_ncn_20211113T1650236492_g_grd_d18
07-1-060430,-16.1211,69.5594,2.5363,ch2_ohr_ncp_20190906T1246532096_d_img_d18,ch2_tmc_ncn_20220518T1459006639_g_grd_d18
07-1-060430,-16.1211,69.5594,2.5363,ch2_ohr_ncp_20190906T1246532096_d_img_d18,ch2_tmc_ncn_20220609T1621036061_g_grd_d32
07-1-060431,-16.1906,69.617,1.7372,ch2_ohr_ncp_20190906T1246532096_d_img_d18,ch2_tmc_ncn_20200131T1010006367_g_grd_d18
07-1-060431,-16.1906,69.617,1.7372,ch2_ohr_ncp_20190906T1246532096_d_img_d18,ch2_tmc_ncn_20201126T1808573675_g_grd_d32
07-1-060431,-16.1906,69.617,1.7372,ch2_ohr_ncp_20190906T1246532096_d_img_d18,ch2_tmc_ncn_20210514T0803114100_g_grd_d18
07-1-060431,-16.1906,69.617,1.7372,ch2_ohr_ncp_20190906T1246532096_d_img_d18,ch2_tmc_ncn_20210514T1200279624_g_grd_d18
07-1-060431,-16.1906,69.617,1.7372,ch2_ohr_ncp_20190906T1246532096_d_img_d18,ch2_tmc_ncn_20211113T1650236492_g_grd_d18
07-1-060431,-16.1906,69.617,1.7372,ch2_ohr_ncp_20190906T1246532096_d_img_d18,ch2_tmc_ncn_20220518T1459006639_g_grd_d18
07-1-060431,-16.1906,69.617,1.7372,ch2_ohr_ncp_20190906T1246532096_d_img_d18,ch2_tmc_ncn_20220609T1621036061_g_grd_d32
07-1-060432,-16.2576,69.6972,2.01832,ch2_ohr_ncp_20190906T1246532096_d_img_d18,ch2_tmc_ncn_20200131T1010006367_g_grd_d18
07-1-060432,-16.2576,69.6972,2.01832,ch2_ohr_ncp_20190906T1246532096_d_img_d18,ch2_tmc_ncn_20201126T1808573675_g_grd_d32
07-1-060432,-16.2576,69.6972,2.01832,ch2_ohr_ncp_20190906T1246532096_d_img_d18,ch2_tmc_ncn_20210514T0803114100_g_grd_d18
07-1-060432,-16.2576,69.6972,2.01832,ch2_ohr_ncp_20190906T1246532096_d_img_d18,ch2_tmc_ncn_20210514T1200279624_g_grd_d18
07-1-060432,-16.2576,69.6972,2.01832,ch2_ohr_ncp_20190906T1246532096_d_img_d18,ch2_tmc_ncn_20211113T1650236492_g_grd_d18
07-1-060432,-16.2576,69.6972,2.01832,ch2_ohr_ncp_20190906T1246532096_d_img_d18,ch2_tmc_ncn_20220518T1459006639_g_grd_d18
07-1-060432,-16.2576,69.6972,2.01832,ch2_ohr_ncp_20190906T1246532096_d_img_d18,ch2_tmc_ncn_20220609T1621036061_g_grd_d32
07-1-060437,-15.69,69.3889,1.08624,ch2_ohr_ncp_20190906T1246532096_d_img_d18,ch2_tmc_ncn_20200104T0343214194_g_grd_gds
07-1-060437,-15.69,69.3889,1.08624,ch2_ohr_ncp_20190906T1246532096_d_img_d18,ch2_tmc_ncn_20200131T1010006367_g_grd_d18
07-1-060437,-15.69,69.3889,1.08624,ch2_ohr_ncp_20190906T1246532096_d_img_d18,ch2_tmc_ncn_20201126T1808573675_g_grd_d32
07-1-060437,-15.69,69.3889,1.08624,ch2_ohr_ncp_20190906T1246532096_d_img_d18,ch2_tmc_ncn_20210514T0803114100_g_grd_d18
07-1-060437,-15.69,69.3889,1.08624,ch2_ohr_ncp_20190906T1246532096_d_img_d18,ch2_tmc_ncn_20210514T1200279624_g_grd_d18
07-1-060437,-15.69,69.3889,1.08624,ch2_ohr_ncp_20190906T1246532096_d_img_d18,ch2_tmc_ncn_20211113T1650236492_g_grd_d18
07-1-060437,-15.69,69.3889,1.08624,ch2_ohr_ncp_20190906T1246532096_d_img_d18,ch2_tmc_ncn_20220518T1459006639_g_grd_d18
07-1-060437,-15.69,69.3889,1.08624,ch2_ohr_ncp_20190906T1246532096_d_img_d18,ch2_tmc_ncn_20220609T1621036061_g_grd_d32
07-1-060438,-16.3265,70.0851,1.77501,ch2_ohr_ncp_20190906T1246532096_d_img_d18,ch2_tmc_ncn_20201126T1808573675_g_grd_d32
07-1-060438,-16.3265,70.0851,1.77501,ch2_ohr_ncp_20190906T1246532096_d_img_d18,ch2_tmc_ncn_20210514T0803114100_g_grd_d18
07-1-060438,-16.3265,70.0851,1.77501,ch2_ohr_ncp_20190906T1246532096_d_img_d18,ch2_tmc_ncn_20210514T1200279624_g_grd_d18
07-1-060438,-16.3265,70.0851,1.77501,ch2_ohr_ncp_20190906T1246532096_d_img_d18,ch2_tmc_ncn_20211113T1650236492_g_grd_d18
07-1-060438,-16.3265,70.0851,1.77501,ch2_ohr_ncp_20190906T1246532096_d_img_d18,ch2_tmc_ncn_20220518T1459006639_g_grd_d18
07-1-060438,-16.3265,70.0851,1.77501,ch2_ohr_ncp_20190906T1246532096_d_img_d18,ch2_tmc_ncn_20220609T1621036061_g_grd_d32
07-1-060439,-16.3541,69.9224,2.04774,ch2_ohr_ncp_20190906T1246532096_d_img_d18,ch2_tmc_ncn_20200131T1010006367_g_grd_d18
07-1-060439,-16.3541,69.9224,2.04774,ch2_ohr_ncp_20190906T1246532096_d_img_d18,ch2_tmc_ncn_20201126T1808573675_g_grd_d32
07-1-060439,-16.3541,69.9224,2.04774,ch2_ohr_ncp_20190906T1246532096_d_img_d18,ch2_tmc_ncn_20210514T0803114100_g_grd_d18
07-1-060439,-16.3541,69.9224,2.04774,ch2_ohr_ncp_20190906T1246532096_d_img_d18,ch2_tmc_ncn_20210514T1200279624_g_grd_d18
07-1-060439,-16.3541,69.9224,2.04774,ch2_ohr_ncp_20190906T1246532096_d_img_d18,ch2_tmc_ncn_20211113T1650236492_g_grd_d18
07-1-060439,-16.3541,69.9224,2.04774,ch2_ohr_ncp_20190906T1246532096_d_img_d18,ch2_tmc_ncn_20220518T1459006639_g_grd_d18
07-1-060439,-16.3541,69.9224,2.04774,ch2_ohr_ncp_20190906T1246532096_d_img_d18,ch2_tmc_ncn_20220609T1621036061_g_grd_d32
07-1-060440,-16.3152,69.9119,1.02043,ch2_ohr_ncp_20190906T1246532096_d_img_d18,ch2_tmc_ncn_20200131T1010006367_g_grd_d18
07-1-060440,-16.3152,69.9119,1.02043,ch2_ohr_ncp_20190906T1246532096_d_img_d18,ch2_tmc_ncn_20201126T1808573675_g_grd_d32
07-1-060440,-16.3152,69.9119,1.02043,ch2_ohr_ncp_20190906T1246532096_d_img_d18,ch2_tmc_ncn_20210514T0803114100_g_grd_d18
07-1-060440,-16.3152,69.9119,1.02043,ch2_ohr_ncp_20190906T1246532096_d_img_d18,ch2_tmc_ncn_20210514T1200279624_g_grd_d18
07-1-060440,-16.3152,69.9119,1.02043,ch2_ohr_ncp_20190906T1246532096_d_img_d18,ch2_tmc_ncn_20211113T1650236492_g_grd_d18
07-1-060440,-16.3152,69.9119,1.02043,ch2_ohr_ncp_20190906T1246532096_d_img_d18,ch2_tmc_ncn_20220518T1459006639_g_grd_d18
07-1-060440,-16.3152,69.9119,1.02043,ch2_ohr_ncp_20190906T1246532096_d_img_d18,ch2_tmc_ncn_20220609T1621036061_g_grd_d32
07-1-060442,-16.4233,69.9177,2.16386,ch2_ohr_ncp_20190906T1246532096_d_img_d18,ch2_tmc_ncn_20200131T1010006367_g_grd_d18
07-1-060442,-16.4233,69.9177,2.16386,ch2_ohr_ncp_20190906T1246532096_d_img_d18,ch2_tmc_ncn_20201126T1808573675_g_grd_d32
07-1-060442,-16.4233,69.9177,2.16386,ch2_ohr_ncp_20190906T1246532096_d_img_d18,ch2_tmc_ncn_20210514T0803114100_g_grd_d18
07-1-060442,-16.4233,69.9177,2.16386,ch2_ohr_ncp_20190906T1246532096_d_img_d18,ch2_tmc_ncn_20210514T1200279624_g_grd_d18
07-1-060442,-16.4233,69.9177,2.16386,ch2_ohr_ncp_20190906T1246532096_d_img_d18,ch2_tmc_ncn_20211113T1650236492_g_grd_d18
07-1-060442,-16.4233,69.9177,2.16386,ch2_ohr_ncp_20190906T1246532096_d_img_d18,ch2_tmc_ncn_20220518T1459006639_g_grd_d18
07-1-060442,-16.4233,69.9177,2.16386,ch2_ohr_ncp_20190906T1246532096_d_img_d18,ch2_tmc_ncn_20220609T1621036061_g_grd_d32
07-1-060444,-16.2771,69.8785,2.09881,ch2_ohr_ncp_20190906T1246532096_d_img_d18,ch2_tmc_ncn_20200131T1010006367_g_grd_d18
07-1-060444,-16.2771,69.8785,2.09881,ch2_ohr_ncp_20190906T1246532096_d_img_d18,ch2_tmc_ncn_20201126T1808573675_g_grd_d32
07-1-060444,-16.2771,69.8785,2.09881,ch2_ohr_ncp_20190906T1246532096_d_img_d18,ch2_tmc_ncn_20210514T0803114100_g_grd_d18
07-1-060444,-16.2771,69.8785,2.09881,ch2_ohr_ncp_20190906T1246532096_d_img_d18,ch2_tmc_ncn_20210514T1200279624_g_grd_d18
07-1-060444,-16.2771,69.8785,2.09881,ch2_ohr_ncp_20190906T1246532096_d_img_d18,ch2_tmc_ncn_20211113T1650236492_g_grd_d18
07-1-060444,-16.2771,69.8785,2.09881,ch2_ohr_ncp_20190906T1246532096_d_img_d18,ch2_tmc_ncn_20220518T1459006639_g_grd_d18
07-1-060444,-16.2771,69.8785,2.09881,ch2_ohr_ncp_20190906T1246532096_d_img_d18,ch2_tmc_ncn_20220609T1621036061_g_grd_d32
07-1-060447,-16.2369,69.8319,1.99815,ch2_ohr_ncp_20190906T1246532096_d_img_d18,ch2_tmc_ncn_20200131T1010006367_g_grd_d18
07-1-060447,-16.2369,69.8319,1.99815,ch2_ohr_ncp_20190906T1246532096_d_img_d18,ch2_tmc_ncn_20201126T1808573675_g_grd_d32
07-1-060447,-16.2369,69.8319,1.99815,ch2_ohr_ncp_20190906T1246532096_d_img_d18,ch2_tmc_ncn_20210514T0803114100_g_grd_d18
07-1-060447,-16.2369,69.8319,1.99815,ch2_ohr_ncp_20190906T1246532096_d_img_d18,ch2_tmc_ncn_20210514T1200279624_g_grd_d18
07-1-060447,-16.2369,69.8319,1.99815,ch2_ohr_ncp_20190906T1246532096_d_img_d18,ch2_tmc_ncn_20211113T1650236492_g_grd_d18
07-1-060447,-16.2369,69.8319,1.99815,ch2_ohr_ncp_20190906T1246532096_d_img_d18,ch2_tmc_ncn_20220518T1459006639_g_grd_d18
07-1-060447,-16.2369,69.8319,1.99815,ch2_ohr_ncp_20190906T1246532096_d_img_d18,ch2_tmc_ncn_20220609T1621036061_g_grd_d32
07-1-060448,-16.2144,69.8093,1.18916,ch2_ohr_ncp_20190906T1246532096_d_img_d18,ch2_tmc_ncn_20200131T1010006367_g_grd_d18
07-1-060448,-16.2144,69.8093,1.18916,ch2_ohr_ncp_20190906T1246532096_d_img_d18,ch2_tmc_ncn_20201126T1808573675_g_grd_d32
07-1-060448,-16.2144,69.8093,1.18916,ch2_ohr_ncp_20190906T1246532096_d_img_d18,ch2_tmc_ncn_20210514T0803114100_g_grd_d18
07-1-060448,-16.2144,69.8093,1.18916,ch2_ohr_ncp_20190906T1246532096_d_img_d18,ch2_tmc_ncn_20210514T1200279624_g_grd_d18
07-1-060448,-16.2144,69.8093,1.18916,ch2_ohr_ncp_20190906T1246532096_d_img_d18,ch2_tmc_ncn_20211113T1650236492_g_grd_d18
07-1-060448,-16.2144,69.8093,1.18916,ch2_ohr_ncp_20190906T1246532096_d_img_d18,ch2_tmc_ncn_20220518T1459006639_g_grd_d18
07-1-060448,-16.2144,69.8093,1.18916,ch2_ohr_ncp_20190906T1246532096_d_img_d18,ch2_tmc_ncn_20220609T1621036061_g_grd_d32
07-1-060449,-16.1886,69.7864,1.01306,ch2_ohr_ncp_20190906T1246532096_d_img_d18,ch2_tmc_ncn_20200131T1010006367_g_grd_d18
07-1-060449,-16.1886,69.7864,1.01306,ch2_ohr_ncp_20190906T1246532096_d_img_d18,ch2_tmc_ncn_20201126T1808573675_g_grd_d32
07-1-060449,-16.1886,69.7864,1.01306,ch2_ohr_ncp_20190906T1246532096_d_img_d18,ch2_tmc_ncn_20210514T0803114100_g_grd_d18
07-1-060449,-16.1886,69.7864,1.01306,ch2_ohr_ncp_20190906T1246532096_d_img_d18,ch2_tmc_ncn_20210514T1200279624_g_grd_d18
07-1-060449,-16.1886,69.7864,1.01306,ch2_ohr_ncp_20190906T1246532096_d_img_d18,ch2_tmc_ncn_20211113T1650236492_g_grd_d18
07-1-060449,-16.1886,69.7864,1.01306,ch2_ohr_ncp_20190906T1246532096_d_img_d18,ch2_tmc_ncn_20220518T1459006639_g_grd_d18
07-1-060449,-16.1886,69.7864,1.01306,ch2_ohr_ncp_20190906T1246532096_d_img_d18,ch2_tmc_ncn_20220609T1621036061_g_grd_d32
07-1-060450,-16.1338,69.7324,1.84589,ch2_ohr_ncp_20190906T1246532096_d_img_d18,ch2_tmc_ncn_20200131T1010006367_g_grd_d18
07-1-060450,-16.1338,69.7324,1.84589,ch2_ohr_ncp_20190906T1246532096_d_img_d18,ch2_tmc_ncn_20201126T1808573675_g_grd_d32
07-1-060450,-16.1338,69.7324,1.84589,ch2_ohr_ncp_20190906T1246532096_d_img_d18,ch2_tmc_ncn_20210514T0803114100_g_grd_d18
07-1-060450,-16.1338,69.7324,1.84589,ch2_ohr_ncp_20190906T1246532096_d_img_d18,ch2_tmc_ncn_20210514T1200279624_g_grd_d18
07-1-060450,-16.1338,69.7324,1.84589,ch2_ohr_ncp_20190906T1246532096_d_img_d18,ch2_tmc_ncn_20211113T1650236492_g_grd_d18
07-1-060450,-16.1338,69.7324,1.84589,ch2_ohr_ncp_20190906T1246532096_d_img_d18,ch2_tmc_ncn_20220518T1459006639_g_grd_d18
07-1-060450,-16.1338,69.7324,1.84589,ch2_ohr_ncp_20190906T1246532096_d_img_d18,ch2_tmc_ncn_20220609T1621036061_g_grd_d32
07-1-060451,-16.2514,69.7713,1.21506,ch2_ohr_ncp_20190906T1246532096_d_img_d18,ch2_tmc_ncn_20200131T1010006367_g_grd_d18
07-1-060451,-16.2514,69.7713,1.21506,ch2_ohr_ncp_20190906T1246532096_d_img_d18,ch2_tmc_ncn_20201126T1808573675_g_grd_d32
07-1-060451,-16.2514,69.7713,1.21506,ch2_ohr_ncp_20190906T1246532096_d_img_d18,ch2_tmc_ncn_20210514T0803114100_g_grd_d18
07-1-060451,-16.2514,69.7713,1.21506,ch2_ohr_ncp_20190906T1246532096_d_img_d18,ch2_tmc_ncn_20210514T1200279624_g_grd_d18
07-1-060451,-16.2514,69.7713,1.21506,ch2_ohr_ncp_20190906T1246532096_d_img_d18,ch2_tmc_ncn_20211113T1650236492_g_grd_d18
07-1-060451,-16.2514,69.7713,1.21506,ch2_ohr_ncp_20190906T1246532096_d_img_d18,ch2_tmc_ncn_20220518T1459006639_g_grd_d18
07-1-060451,-16.2514,69.7713,1.21506,ch2_ohr_ncp_20190906T1246532096_d_img_d18,ch2_tmc_ncn_20220609T1621036061_g_grd_d32
07-1-060452,-16.3919,69.5816,1.32365,ch2_ohr_ncp_20190906T1246532096_d_img_d18,ch2_tmc_ncn_20200104T0343214194_g_grd_gds
07-1-060452,-16.3919,69.5816,1.32365,ch2_ohr_ncp_20190906T1246532096_d_img_d18,ch2_tmc_ncn_20200131T1010006367_g_grd_d18
07-1-060452,-16.3919,69.5816,1.32365,ch2_ohr_ncp_20190906T1246532096_d_img_d18,ch2_tmc_ncn_20201126T1808573675_g_grd_d32
07-1-060452,-16.3919,69.5816,1.32365,ch2_ohr_ncp_20190906T1246532096_d_img_d18,ch2_tmc_ncn_20210514T0803114100_g_grd_d18
07-1-060452,-16.3919,69.5816,1.32365,ch2_ohr_ncp_20190906T1246532096_d_img_d18,ch2_tmc_ncn_20210514T1200279624_g_grd_d18
07-1-060452,-16.3919,69.5816,1.32365,ch2_ohr_ncp_20190906T1246532096_d_img_d18,ch2_tmc_ncn_20211113T1650236492_g_grd_d18
07-1-060452,-16.3919,69.5816,1.32365,ch2_ohr_ncp_20190906T1246532096_d_img_d18,ch2_tmc_ncn_20220518T1459006639_g_grd_d18
07-1-060452,-16.3919,69.5816,1.32365,ch2_ohr_ncp_20190906T1246532096_d_img_d18,ch2_tmc_ncn_20220609T1621036061_g_grd_d32
07-1-060453,-16.4486,69.5773,1.38273,ch2_ohr_ncp_20190906T1246532096_d_img_d18,ch2_tmc_ncn_20200104T0343214194_g_grd_gds
07-1-060453,-16.4486,69.5773,1.38273,ch2_ohr_ncp_20190906T1246532096_d_img_d18,ch2_tmc_ncn_20200131T1010006367_g_grd_d18
07-1-060453,-16.4486,69.5773,1.38273,ch2_ohr_ncp_20190906T1246532096_d_img_d18,ch2_tmc_ncn_20201126T1808573675_g_grd_d32
07-1-060453,-16.4486,69.5773,1.38273,ch2_ohr_ncp_20190906T1246532096_d_img_d18,ch2_tmc_ncn_20210514T0803114100_g_grd_d18
07-1-060453,-16.4486,69.5773,1.38273,ch2_ohr_ncp_20190906T1246532096_d_img_d18,ch2_tmc_ncn_20210514T1200279624_g_grd_d18
07-1-060453,-16.4486,69.5773,1.38273,ch2_ohr_ncp_20190906T1246532096_d_img_d18,ch2_tmc_ncn_20211113T1650236492_g_grd_d18
07-1-060453,-16.4486,69.5773,1.38273,ch2_ohr_ncp_20190906T1246532096_d_img_d18,ch2_tmc_ncn_20220518T1459006639_g_grd_d18
07-1-060453,-16.4486,69.5773,1.38273,ch2_ohr_ncp_20190906T1246532096_d_img_d18,ch2_tmc_ncn_20220609T1621036061_g_grd_d32
07-1-060454,-16.4024,69.4733,1.2366,ch2_ohr_ncp_20190906T1246532096_d_img_d18,ch2_tmc_ncn_20200104T0343214194_g_grd_gds
07-1-060454,-16.4024,69.4733,1.2366,ch2_ohr_ncp_20190906T1246532096_d_img_d18,ch2_tmc_ncn_20200131T1010006367_g_grd_d18
07-1-060454,-16.4024,69.4733,1.2366,ch2_ohr_ncp_20190906T1246532096_d_img_d18,ch2_tmc_ncn_20201126T1808573675_g_grd_d32
07-1-060454,-16.4024,69.4733,1.2366,ch2_ohr_ncp_20190906T1246532096_d_img_d18,ch2_tmc_ncn_20210514T0803114100_g_grd_d18
07-1-060454,-16.4024,69.4733,1.2366,ch2_ohr_ncp_20190906T1246532096_d_img_d18,ch2_tmc_ncn_20210514T1200279624_g_grd_d18
07-1-060454,-16.4024,69.4733,1.2366,ch2_ohr_ncp_20190906T1246532096_d_img_d18,ch2_tmc_ncn_20211113T1650236492_g_grd_d18
07-1-060454,-16.4024,69.4733,1.2366,ch2_ohr_ncp_20190906T1246532096_d_img_d18,ch2_tmc_ncn_20220518T1459006639_g_grd_d18
07-1-060454,-16.4024,69.4733,1.2366,ch2_ohr_ncp_20190906T1246532096_d_img_d18,ch2_tmc_ncn_20220609T1621036061_g_grd_d32
07-1-060455,-16.5491,69.5051,6.04679,ch2_ohr_ncp_20190906T1246532096_d_img_d18,ch2_tmc_ncn_20200104T0343214194_g_grd_gds
07-1-060455,-16.5491,69.5051,6.04679,ch2_ohr_ncp_20190906T1246532096_d_img_d18,ch2_tmc_ncn_20200131T1010006367_g_grd_d18
07-1-060455,-16.5491,69.5051,6.04679,ch2_ohr_ncp_20190906T1246532096_d_img_d18,ch2_tmc_ncn_20201126T1808573675_g_grd_d32
07-1-060455,-16.5491,69.5051,6.04679,ch2_ohr_ncp_20190906T1246532096_d_img_d18,ch2_tmc_ncn_20210514T0803114100_g_grd_d18
07-1-060455,-16.5491,69.5051,6.04679,ch2_ohr_ncp_20190906T1246532096_d_img_d18,ch2_tmc_ncn_20210514T1200279624_g_grd_d18
07-1-060455,-16.5491,69.5051,6.04679,ch2_ohr_ncp_20190906T1246532096_d_img_d18,ch2_tmc_ncn_20211113T1650236492_g_grd_d18
07-1-060455,-16.5491,69.5051,6.04679,ch2_ohr_ncp_20190906T1246532096_d_img_d18,ch2_tmc_ncn_20220518T1459006639_g_grd_d18
07-1-060455,-16.5491,69.5051,6.04679,ch2_ohr_ncp_20190906T1246532096_d_img_d18,ch2_tmc_ncn_20220609T1621036061_g_grd_d32
07-1-060456,-16.5519,69.3742,1.31206,ch2_ohr_ncp_20190906T1246532096_d_img_d18,ch2_tmc_ncn_20200104T0343214194_g_grd_gds
07-1-060456,-16.5519,69.3742,1.31206,ch2_ohr_ncp_20190906T1246532096_d_img_d18,ch2_tmc_ncn_20200131T1010006367_g_grd_d18
07-1-060456,-16.5519,69.3742,1.31206,ch2_ohr_ncp_20190906T1246532096_d_img_d18,ch2_tmc_ncn_20201126T1808573675_g_grd_d32
07-1-060456,-16.5519,69.3742,1.31206,ch2_ohr_ncp_20190906T1246532096_d_img_d18,ch2_tmc_ncn_20210514T0803114100_g_grd_d18
07-1-060456,-16.5519,69.3742,1.31206,ch2_ohr_ncp_20190906T1246532096_d_img_d18,ch2_tmc_ncn_20210514T1200279624_g_grd_d18
07-1-060456,-16.5519,69.3742,1.31206,ch2_ohr_ncp_20190906T1246532096_d_img_d18,ch2_tmc_ncn_20211113T1650236492_g_grd_d18
07-1-060456,-16.5519,69.3742,1.31206,ch2_ohr_ncp_20190906T1246532096_d_img_d18,ch2_tmc_ncn_20220518T1459006639_g_grd_d18
07-1-060456,-16.5519,69.3742,1.31206,ch2_ohr_ncp_20190906T1246532096_d_img_d18,ch2_tmc_ncn_20220609T1621036061_g_grd_d32
07-1-060457,-16.5824,69.2453,1.3583,ch2_ohr_ncp_20190906T1246532096_d_img_d18,ch2_tmc_ncn_20200104T0343214194_g_grd_gds
07-1-060457,-16.5824,69.2453,1.3583,ch2_ohr_ncp_20190906T1246532096_d_img_d18,ch2_tmc_ncn_20200131T1010006367_g_grd_d18
07-1-060457,-16.5824,69.2453,1.3583,ch2_ohr_ncp_20190906T1246532096_d_img_d18,ch2_tmc_ncn_20201126T1808573675_g_grd_d32
07-1-060457,-16.5824,69.2453,1.3583,ch2_ohr_ncp_20190906T1246532096_d_img_d18,ch2_tmc_ncn_20210514T0803114100_g_grd_d18
07-1-060457,-16.5824,69.2453,1.3583,ch2_ohr_ncp_20190906T1246532096_d_img_d18,ch2_tmc_ncn_20210514T1200279624_g_grd_d18
07-1-060457,-16.5824,69.2453,1.3583,ch2_ohr_ncp_20190906T1246532096_d_img_d18,ch2_tmc_ncn_20211113T1650236492_g_grd_d18
07-1-060457,-16.5824,69.2453,1.3583,ch2_ohr_ncp_20190906T1246532096_d_img_d18,ch2_tmc_ncn_20220518T1459006639_g_grd_d18
07-1-060457,-16.5824,69.2453,1.3583,ch2_ohr_ncp_20190906T1246532096_d_img_d18,ch2_tmc_ncn_20220609T1621036061_g_grd_d32
07-1-060458,-16.5088,69.2843,1.21405,ch2_ohr_ncp_20190906T1246532096_d_img_d18,ch2_tmc_ncn_20200104T0343214194_g_grd_gds
07-1-060458,-16.5088,69.2843,1.21405,ch2_ohr_ncp_20190906T1246532096_d_img_d18,ch2_tmc_ncn_20200131T1010006367_g_grd_d18
07-1-060458,-16.5088,69.2843,1.21405,ch2_ohr_ncp_20190906T1246532096_d_img_d18,ch2_tmc_ncn_20201126T1808573675_g_grd_d32
07-1-060458,-16.5088,69.2843,1.21405,ch2_ohr_ncp_20190906T1246532096_d_img_d18,ch2_tmc_ncn_20210514T0803114100_g_grd_d18
07-1-060458,-16.5088,69.2843,1.21405,ch2_ohr_ncp_20190906T1246532096_d_img_d18,ch2_tmc_ncn_20210514T1200279624_g_grd_d18
07-1-060458,-16.5088,69.2843,1.21405,ch2_ohr_ncp_20190906T1246532096_d_img_d18,ch2_tmc_ncn_20211113T1650236492_g_grd_d18
07-1-060458,-16.5088,69.2843,1.21405,ch2_ohr_ncp_20190906T1246532096_d_img_d18,ch2_tmc_ncn_20220518T1459006639_g_grd_d18
07-1-060458,-16.5088,69.2843,1.21405,ch2_ohr_ncp_20190906T1246532096_d_img_d18,ch2_tmc_ncn_20220609T1621036061_g_grd_d32
07-1-060459,-16.5864,69.199,1.58059,ch2_ohr_ncp_20190906T1246532096_d_img_d18,ch2_tmc_ncn_20200104T0343214194_g_grd_gds
07-1-060459,-16.5864,69.199,1.58059,ch2_ohr_ncp_20190906T1246532096_d_img_d18,ch2_tmc_ncn_20200131T1010006367_g_grd_d18
07-1-060459,-16.5864,69.199,1.58059,ch2_ohr_ncp_20190906T1246532096_d_img_d18,ch2_tmc_ncn_20201126T1808573675_g_grd_d32
07-1-060459,-16.5864,69.199,1.58059,ch2_ohr_ncp_20190906T1246532096_d_img_d18,ch2_tmc_ncn_20210514T0803114100_g_grd_d18
07-1-060459,-16.5864,69.199,1.58059,ch2_ohr_ncp_20190906T1246532096_d_img_d18,ch2_tmc_ncn_20210514T1200279624_g_grd_d18
07-1-060459,-16.5864,69.199,1.58059,ch2_ohr_ncp_20190906T1246532096_d_img_d18,ch2_tmc_ncn_20211113T1650236492_g_grd_d18
07-1-060459,-16.5864,69.199,1.58059,ch2_ohr_ncp_20190906T1246532096_d_img_d18,ch2_tmc_ncn_20220518T1459006639_g_grd_d18
07-1-060459,-16.5864,69.199,1.58059,ch2_ohr_ncp_20190906T1246532096_d_img_d18,ch2_tmc_ncn_20220609T1621036061_g_grd_d32
07-1-060460,-16.3267,69.2383,1.68736,ch2_ohr_ncp_20190906T1246532096_d_img_d18,ch2_tmc_ncn_20200104T0343214194_g_grd_gds
07-1-060460,-16.3267,69.2383,1.68736,ch2_ohr_ncp_20190906T1246532096_d_img_d18,ch2_tmc_ncn_20200131T1010006367_g_grd_d18
07-1-060460,-16.3267,69.2383,1.68736,ch2_ohr_ncp_20190906T1246532096_d_img_d18,ch2_tmc_ncn_20201126T1808573675_g_grd_d32
07-1-060460,-16.3267,69.2383,1.68736,ch2_ohr_ncp_20190906T1246532096_d_img_d18,ch2_tmc_ncn_20210514T0803114100_g_grd_d18
07-1-060460,-16.3267,69.2383,1.68736,ch2_ohr_ncp_20190906T1246532096_d_img_d18,ch2_tmc_ncn_20210514T1200279624_g_grd_d18
07-1-060460,-16.3267,69.2383,1.68736,ch2_ohr_ncp_20190906T1246532096_d_img_d18,ch2_tmc_ncn_20211113T1650236492_g_grd_d18
07-1-060460,-16.3267,69.2383,1.68736,ch2_ohr_ncp_20190906T1246532096_d_img_d18,ch2_tmc_ncn_20220518T1459006639_g_grd_d18
07-1-060460,-16.3267,69.2383,1.68736,ch2_ohr_ncp_20190906T1246532096_d_img_d18,ch2_tmc_ncn_20220609T1621036061_g_grd_d32
07-1-060461,-16.3165,69.1997,1.10233,ch2_ohr_ncp_20190906T1246532096_d_img_d18,ch2_tmc_ncn_20200104T0343214194_g_grd_gds
07-1-060461,-16.3165,69.1997,1.10233,ch2_ohr_ncp_20190906T1246532096_d_img_d18,ch2_tmc_ncn_20200131T1010006367_g_grd_d18
07-1-060461,-16.3165,69.1997,1.10233,ch2_ohr_ncp_20190906T1246532096_d_img_d18,ch2_tmc_ncn_20201126T1808573675_g_grd_d32
07-1-060461,-16.3165,69.1997,1.10233,ch2_ohr_ncp_20190906T1246532096_d_img_d18,ch2_tmc_ncn_20210514T0803114100_g_grd_d18
07-1-060461,-16.3165,69.1997,1.10233,ch2_ohr_ncp_20190906T1246532096_d_img_d18,ch2_tmc_ncn_20210514T1200279624_g_grd_d18
07-1-060461,-16.3165,69.1997,1.10233,ch2_ohr_ncp_20190906T1246532096_d_img_d18,ch2_tmc_ncn_20211113T1650236492_g_grd_d18
07-1-060461,-16.3165,69.1997,1.10233,ch2_ohr_ncp_20190906T1246532096_d_img_d18,ch2_tmc_ncn_20220518T1459006639_g_grd_d18
07-1-060461,-16.3165,69.1997,1.10233,ch2_ohr_ncp_20190906T1246532096_d_img_d18,ch2_tmc_ncn_20220609T1621036061_g_grd_d32
07-1-060469,-16.217,69.8888,1.33149,ch2_ohr_ncp_20190906T1246532096_d_img_d18,ch2_tmc_ncn_20200131T1010006367_g_grd_d18
07-1-060469,-16.217,69.8888,1.33149,ch2_ohr_ncp_20190906T1246532096_d_img_d18,ch2_tmc_ncn_20201126T1808573675_g_grd_d32
07-1-060469,-16.217,69.8888,1.33149,ch2_ohr_ncp_20190906T1246532096_d_img_d18,ch2_tmc_ncn_20210514T0803114100_g_grd_d18
07-1-060469,-16.217,69.8888,1.33149,ch2_ohr_ncp_20190906T1246532096_d_img_d18,ch2_tmc_ncn_20210514T1200279624_g_grd_d18
07-1-060469,-16.217,69.8888,1.33149,ch2_ohr_ncp_20190906T1246532096_d_img_d18,ch2_tmc_ncn_20211113T1650236492_g_grd_d18
07-1-060469,-16.217,69.8888,1.33149,ch2_ohr_ncp_20190906T1246532096_d_img_d18,ch2_tmc_ncn_20220518T1459006639_g_grd_d18
07-1-060469,-16.217,69.8888,1.33149,ch2_ohr_ncp_20190906T1246532096_d_img_d18,ch2_tmc_ncn_20220609T1621036061_g_grd_d32
07-1-060470,-16.0065,70.0609,2.72589,ch2_ohr_ncp_20190906T1246532096_d_img_d18,ch2_tmc_ncn_20201126T1808573675_g_grd_d32
07-1-060470,-16.0065,70.0609,2.72589,ch2_ohr_ncp_20190906T1246532096_d_img_d18,ch2_tmc_ncn_20210514T0803114100_g_grd_d18
07-1-060470,-16.0065,70.0609,2.72589,ch2_ohr_ncp_20190906T1246532096_d_img_d18,ch2_tmc_ncn_20210514T1200279624_g_grd_d18
07-1-060470,-16.0065,70.0609,2.72589,ch2_ohr_ncp_20190906T1246532096_d_img_d18,ch2_tmc_ncn_20211113T1650236492_g_grd_d18
07-1-060470,-16.0065,70.0609,2.72589,ch2_ohr_ncp_20190906T1246532096_d_img_d18,ch2_tmc_ncn_20220518T1459006639_g_grd_d18
07-1-060470,-16.0065,70.0609,2.72589,ch2_ohr_ncp_20190906T1246532096_d_img_d18,ch2_tmc_ncn_20220609T1621036061_g_grd_d32
07-1-060471,-15.9603,69.9765,1.26724,ch2_ohr_ncp_20190906T1246532096_d_img_d18,ch2_tmc_ncn_20201126T1808573675_g_grd_d32
07-1-060471,-15.9603,69.9765,1.26724,ch2_ohr_ncp_20190906T1246532096_d_img_d18,ch2_tmc_ncn_20210514T0803114100_g_grd_d18
07-1-060471,-15.9603,69.9765,1.26724,ch2_ohr_ncp_20190906T1246532096_d_img_d18,ch2_tmc_ncn_20210514T1200279624_g_grd_d18
07-1-060471,-15.9603,69.9765,1.26724,ch2_ohr_ncp_20190906T1246532096_d_img_d18,ch2_tmc_ncn_20211113T1650236492_g_grd_d18
07-1-060471,-15.9603,69.9765,1.26724,ch2_ohr_ncp_20190906T1246532096_d_img_d18,ch2_tmc_ncn_20220518T1459006639_g_grd_d18
07-1-060471,-15.9603,69.9765,1.26724,ch2_ohr_ncp_20190906T1246532096_d_img_d18,ch2_tmc_ncn_20220609T1621036061_g_grd_d32
07-1-060473,-16.5208,69.7374,1.62591,ch2_ohr_ncp_20190906T1246532096_d_img_d18,ch2_tmc_ncn_20200131T1010006367_g_grd_d18
07-1-060473,-16.5208,69.7374,1.62591,ch2_ohr_ncp_20190906T1246532096_d_img_d18,ch2_tmc_ncn_20201126T1808573675_g_grd_d32
07-1-060473,-16.5208,69.7374,1.62591,ch2_ohr_ncp_20190906T1246532096_d_img_d18,ch2_tmc_ncn_20210514T0803114100_g_grd_d18
07-1-060473,-16.5208,69.7374,1.62591,ch2_ohr_ncp_20190906T1246532096_d_img_d18,ch2_tmc_ncn_20210514T1200279624_g_grd_d18
07-1-060473,-16.5208,69.7374,1.62591,ch2_ohr_ncp_20190906T1246532096_d_img_d18,ch2_tmc_ncn_20211113T1650236492_g_grd_d18
07-1-060473,-16.5208,69.7374,1.62591,ch2_ohr_ncp_20190906T1246532096_d_img_d18,ch2_tmc_ncn_20220518T1459006639_g_grd_d18
07-1-060473,-16.5208,69.7374,1.62591,ch2_ohr_ncp_20190906T1246532096_d_img_d18,ch2_tmc_ncn_20220609T1621036061_g_grd_d32
07-1-060474,-15.5559,69.751,1.70816,ch2_ohr_ncp_20190906T1246532096_d_img_d18,ch2_tmc_ncn_20200131T1010006367_g_grd_d18
07-1-060474,-15.5559,69.751,1.70816,ch2_ohr_ncp_20190906T1246532096_d_img_d18,ch2_tmc_ncn_20201126T1808573675_g_grd_d32
07-1-060474,-15.5559,69.751,1.70816,ch2_ohr_ncp_20190906T1246532096_d_img_d18,ch2_tmc_ncn_20210514T0803114100_g_grd_d18
07-1-060474,-15.5559,69.751,1.70816,ch2_ohr_ncp_20190906T1246532096_d_img_d18,ch2_tmc_ncn_20210514T1200279624_g_grd_d18
07-1-060474,-15.5559,69.751,1.70816,ch2_ohr_ncp_20190906T1246532096_d_img_d18,ch2_tmc_ncn_20211113T1650236492_g_grd_d18
07-1-060474,-15.5559,69.751,1.70816,ch2_ohr_ncp_20190906T1246532096_d_img_d18,ch2_tmc_ncn_20220518T1459006639_g_grd_d18
07-1-060474,-15.5559,69.751,1.70816,ch2_ohr_ncp_20190906T1246532096_d_img_d18,ch2_tmc_ncn_20220609T1621036061_g_grd_d32
07-1-060475,-15.9079,69.9041,3.50027,ch2_ohr_ncp_20190906T1246532096_d_img_d18,ch2_tmc_ncn_20200131T1010006367_g_grd_d18
07-1-060475,-15.9079,69.9041,3.50027,ch2_ohr_ncp_20190906T1246532096_d_img_d18,ch2_tmc_ncn_20201126T1808573675_g_grd_d32
07-1-060475,-15.9079,69.9041,3.50027,ch2_ohr_ncp_20190906T1246532096_d_img_d18,ch2_tmc_ncn_20210514T0803114100_g_grd_d18
07-1-060475,-15.9079,69.9041,3.50027,ch2_ohr_ncp_20190906T1246532096_d_img_d18,ch2_tmc_ncn_20210514T1200279624_g_grd_d18
07-1-060475,-15.9079,69.9041,3.50027,ch2_ohr_ncp_20190906T1246532096_d_img_d18,ch2_tmc_ncn_20211113T1650236492_g_grd_d18
07-1-060475,-15.9079,69.9041,3.50027,ch2_ohr_ncp_20190906T1246532096_d_img_d18,ch2_tmc_ncn_20220518T1459006639_g_grd_d18
07-1-060475,-15.9079,69.9041,3.50027,ch2_ohr_ncp_20190906T1246532096_d_img_d18,ch2_tmc_ncn_20220609T1621036061_g_grd_d32
07-1-060478,-15.9412,70.3429,2.84726,ch2_ohr_ncp_20190906T1246532096_d_img_d18,ch2_tmc_ncn_20201126T1610528086_g_grd_d32
07-1-060478,-15.9412,70.3429,2.84726,ch2_ohr_ncp_20190906T1246532096_d_img_d18,ch2_tmc_ncn_20210514T0803114100_g_grd_d18
07-1-060478,-15.9412,70.3429,2.84726,ch2_ohr_ncp_20190906T1246532096_d_img_d18,ch2_tmc_ncn_20210514T1200279624_g_grd_d18
07-1-060478,-15.9412,70.3429,2.84726,ch2_ohr_ncp_20190906T1246532096_d_img_d18,ch2_tmc_ncn_20211113T1650236492_g_grd_d18
07-1-060478,-15.9412,70.3429,2.84726,ch2_ohr_ncp_20190906T1246532096_d_img_d18,ch2_tmc_ncn_20220518T1459006639_g_grd_d18
07-1-060479,-15.972,70.2824,1.11353,ch2_ohr_ncp_20190906T1246532096_d_img_d18,ch2_tmc_ncn_20201126T1610528086_g_grd_d32
07-1-060479,-15.972,70.2824,1.11353,ch2_ohr_ncp_20190906T1246532096_d_img_d18,ch2_tmc_ncn_20210514T0803114100_g_grd_d18
07-1-060479,-15.972,70.2824,1.11353,ch2_ohr_ncp_20190906T1246532096_d_img_d18,ch2_tmc_ncn_20210514T1200279624_g_grd_d18
07-1-060479,-15.972,70.2824,1.11353,ch2_ohr_ncp_20190906T1246532096_d_img_d18,ch2_tmc_ncn_20211113T1650236492_g_grd_d18
07-1-060479,-15.972,70.2824,1.11353,ch2_ohr_ncp_20190906T1246532096_d_img_d18,ch2_tmc_ncn_20220518T1459006639_g_grd_d18
07-1-060480,-15.9057,70.2069,1.36839,ch2_ohr_ncp_20190906T1246532096_d_img_d18,ch2_tmc_ncn_20201126T1610528086_g_grd_d32
07-1-060480,-15.9057,70.2069,1.36839,ch2_ohr_ncp_20190906T1246532096_d_img_d18,ch2_tmc_ncn_20201126T1808573675_g_grd_d32
07-1-060480,-15.9057,70.2069,1.36839,ch2_ohr_ncp_20190906T1246532096_d_img_d18,ch2_tmc_ncn_20210514T0803114100_g_grd_d18
07-1-060480,-15.9057,70.2069,1.36839,ch2_ohr_ncp_20190906T1246532096_d_img_d18,ch2_tmc_ncn_20210514T1200279624_g_grd_d18
07-1-060480,-15.9057,70.2069,1.36839,ch2_ohr_ncp_20190906T1246532096_d_img_d18,ch2_tmc_ncn_20211113T1650236492_g_grd_d18
07-1-060480,-15.9057,70.2069,1.36839,ch2_ohr_ncp_20190906T1246532096_d_img_d18,ch2_tmc_ncn_20220518T1459006639_g_grd_d18
07-1-060480,-15.9057,70.2069,1.36839,ch2_ohr_ncp_20190906T1246532096_d_img_d18,ch2_tmc_ncn_20220609T1621036061_g_grd_d32
07-1-060481,-15.8721,70.3006,2.30926,ch2_ohr_ncp_20190906T1246532096_d_img_d18,ch2_tmc_ncn_20201126T1610528086_g_grd_d32
07-1-060481,-15.8721,70.3006,2.30926,ch2_ohr_ncp_20190906T1246532096_d_img_d18,ch2_tmc_ncn_20210514T0803114100_g_grd_d18
07-1-060481,-15.8721,70.3006,2.30926,ch2_ohr_ncp_20190906T1246532096_d_img_d18,ch2_tmc_ncn_20210514T1200279624_g_grd_d18
07-1-060481,-15.8721,70.3006,2.30926,ch2_ohr_ncp_20190906T1246532096_d_img_d18,ch2_tmc_ncn_20211113T1650236492_g_grd_d18
07-1-060481,-15.8721,70.3006,2.30926,ch2_ohr_ncp_20190906T1246532096_d_img_d18,ch2_tmc_ncn_20220518T1459006639_g_grd_d18
07-1-060482,-15.9235,70.1225,1.33638,ch2_ohr_ncp_20190906T1246532096_d_img_d18,ch2_tmc_ncn_20201126T1808573675_g_grd_d32
07-1-060482,-15.9235,70.1225,1.33638,ch2_ohr_ncp_20190906T1246532096_d_img_d18,ch2_tmc_ncn_20210514T0803114100_g_grd_d18
07-1-060482,-15.9235,70.1225,1.33638,ch2_ohr_ncp_20190906T1246532096_d_img_d18,ch2_tmc_ncn_20210514T1200279624_g_grd_d18
07-1-060482,-15.9235,70.1225,1.33638,ch2_ohr_ncp_20190906T1246532096_d_img_d18,ch2_tmc_ncn_20211113T1650236492_g_grd_d18
07-1-060482,-15.9235,70.1225,1.33638,ch2_ohr_ncp_20190906T1246532096_d_img_d18,ch2_tmc_ncn_20220518T1459006639_g_grd_d18
07-1-060482,-15.9235,70.1225,1.33638,ch2_ohr_ncp_20190906T1246532096_d_img_d18,ch2_tmc_ncn_20220609T1621036061_g_grd_d32
07-1-060483,-16.1299,70.3175,3.03805,ch2_ohr_ncp_20190906T1246532096_d_img_d18,ch2_tmc_ncn_20201126T1610528086_g_grd_d32
07-1-060483,-16.1299,70.3175,3.03805,ch2_ohr_ncp_20190906T1246532096_d_img_d18,ch2_tmc_ncn_20210514T0803114100_g_grd_d18
07-1-060483,-16.1299,70.3175,3.03805,ch2_ohr_ncp_20190906T1246532096_d_img_d18,ch2_tmc_ncn_20210514T1200279624_g_grd_d18
07-1-060483,-16.1299,70.3175,3.03805,ch2_ohr_ncp_20190906T1246532096_d_img_d18,ch2_tmc_ncn_20211113T1650236492_g_grd_d18
07-1-060483,-16.1299,70.3175,3.03805,ch2_ohr_ncp_20190906T1246532096_d_img_d18,ch2_tmc_ncn_20220518T1459006639_g_grd_d18
07-1-060484,-16.2029,70.2685,2.34597,ch2_ohr_ncp_20190906T1246532096_d_img_d18,ch2_tmc_ncn_20201126T1610528086_g_grd_d32
07-1-060484,-16.2029,70.2685,2.34597,ch2_ohr_ncp_20190906T1246532096_d_img_d18,ch2_tmc_ncn_20210514T0803114100_g_grd_d18
07-1-060484,-16.2029,70.2685,2.34597,ch2_ohr_ncp_20190906T1246532096_d_img_d18,ch2_tmc_ncn_20210514T1200279624_g_grd_d18
07-1-060484,-16.2029,70.2685,2.34597,ch2_ohr_ncp_20190906T1246532096_d_img_d18,ch2_tmc_ncn_20211113T1650236492_g_grd_d18
07-1-060484,-16.2029,70.2685,2.34597,ch2_ohr_ncp_20190906T1246532096_d_img_d18,ch2_tmc_ncn_20220518T1459006639_g_grd_d18
07-1-060484,-16.2029,70.2685,2.34597,ch2_ohr_ncp_20190906T1246532096_d_img_d18,ch2_tmc_ncn_20220609T1621036061_g_grd_d32
07-1-060485,-16.0311,70.3889,1.21914,ch2_ohr_ncp_20190906T1246532096_d_img_d18,ch2_tmc_ncn_20201126T1610528086_g_grd_d32
07-1-060485,-16.0311,70.3889,1.21914,ch2_ohr_ncp_20190906T1246532096_d_img_d18,ch2_tmc_ncn_20210514T0803114100_g_grd_d18
07-1-060485,-16.0311,70.3889,1.21914,ch2_ohr_ncp_20190906T1246532096_d_img_d18,ch2_tmc_ncn_20210514T1200279624_g_grd_d18
07-1-060485,-16.0311,70.3889,1.21914,ch2_ohr_ncp_20190906T1246532096_d_img_d18,ch2_tmc_ncn_20211113T1650236492_g_grd_d18
07-1-060485,-16.0311,70.3889,1.21914,ch2_ohr_ncp_20190906T1246532096_d_img_d18,ch2_tmc_ncn_20220518T1459006639_g_grd_d18
07-1-060486,-16.0136,70.4506,1.10933,ch2_ohr_ncp_20190906T1246532096_d_img_d18,ch2_tmc_ncn_20201126T1610528086_g_grd_d32
07-1-060486,-16.0136,70.4506,1.10933,ch2_ohr_ncp_20190906T1246532096_d_img_d18,ch2_tmc_ncn_20210514T0803114100_g_grd_d18
07-1-060486,-16.0136,70.4506,1.10933,ch2_ohr_ncp_20190906T1246532096_d_img_d18,ch2_tmc_ncn_20210514T1200279624_g_grd_d18
07-1-060486,-16.0136,70.4506,1.10933,ch2_ohr_ncp_20190906T1246532096_d_img_d18,ch2_tmc_ncn_20211113T1650236492_g_grd_d18
07-1-060486,-16.0136,70.4506,1.10933,ch2_ohr_ncp_20190906T1246532096_d_img_d18,ch2_tmc_ncn_20220518T1459006639_g_grd_d18
07-1-060487,-16.0674,70.4318,2.91273,ch2_ohr_ncp_20190906T1246532096_d_img_d18,ch2_tmc_ncn_20201126T1610528086_g_grd_d32
07-1-060487,-16.0674,70.4318,2.91273,ch2_ohr_ncp_20190906T1246532096_d_img_d18,ch2_tmc_ncn_20210514T0803114100_g_grd_d18
07-1-060487,-16.0674,70.4318,2.91273,ch2_ohr_ncp_20190906T1246532096_d_img_d18,ch2_tmc_ncn_20210514T1200279624_g_grd_d18
07-1-060487,-16.0674,70.4318,2.91273,ch2_ohr_ncp_20190906T1246532096_d_img_d18,ch2_tmc_ncn_20211113T1650236492_g_grd_d18
07-1-060487,-16.0674,70.4318,2.91273,ch2_ohr_ncp_20190906T1246532096_d_img_d18,ch2_tmc_ncn_20220518T1459006639_g_grd_d18
07-1-060488,-15.6281,70.4754,4.95426,ch2_ohr_ncp_20190906T1246532096_d_img_d18,ch2_tmc_ncn_20201126T1610528086_g_grd_d32
07-1-060488,-15.6281,70.4754,4.95426,ch2_ohr_ncp_20190906T1246532096_d_img_d18,ch2_tmc_ncn_20210514T0803114100_g_grd_d18
07-1-060488,-15.6281,70.4754,4.95426,ch2_ohr_ncp_20190906T1246532096_d_img_d18,ch2_tmc_ncn_20210514T1200279624_g_grd_d18
07-1-060488,-15.6281,70.4754,4.95426,ch2_ohr_ncp_20190906T1246532096_d_img_d18,ch2_tmc_ncn_20211113T1650236492_g_grd_d18
07-1-060488,-15.6281,70.4754,4.95426,ch2_ohr_ncp_20190906T1246532096_d_img_d18,ch2_tmc_ncn_20220518T1459006639_g_grd_d18
07-1-060489,-15.6158,70.3136,1.26355,ch2_ohr_ncp_20190906T1246532096_d_img_d18,ch2_tmc_ncn_20201126T1610528086_g_grd_d32
07-1-060489,-15.6158,70.3136,1.26355,ch2_ohr_ncp_20190906T1246532096_d_img_d18,ch2_tmc_ncn_20210514T0803114100_g_grd_d18
07-1-060489,-15.6158,70.3136,1.26355,ch2_ohr_ncp_20190906T1246532096_d_img_d18,ch2_tmc_ncn_20210514T1200279624_g_grd_d18
07-1-060489,-15.6158,70.3136,1.26355,ch2_ohr_ncp_20190906T1246532096_d_img_d18,ch2_tmc_ncn_20211113T1650236492_g_grd_d18
07-1-060489,-15.6158,70.3136,1.26355,ch2_ohr_ncp_20190906T1246532096_d_img_d18,ch2_tmc_ncn_20220518T1459006639_g_grd_d18
07-1-060491,-16.0709,70.5955,2.01582,ch2_ohr_ncp_20190906T1246532096_d_img_d18,ch2_tmc_ncn_20201126T1610528086_g_grd_d32
07-1-060491,-16.0709,70.5955,2.01582,ch2_ohr_ncp_20190906T1246532096_d_img_d18,ch2_tmc_ncn_20210514T0803114100_g_grd_d18
07-1-060491,-16.0709,70.5955,2.01582,ch2_ohr_ncp_20190906T1246532096_d_img_d18,ch2_tmc_ncn_20210514T1200279624_g_grd_d18
07-1-060491,-16.0709,70.5955,2.01582,ch2_ohr_ncp_20190906T1246532096_d_img_d18,ch2_tmc_ncn_20211113T1650236492_g_grd_d18
07-1-060491,-16.0709,70.5955,2.01582,ch2_ohr_ncp_20190906T1246532096_d_img_d18,ch2_tmc_ncn_20220518T1459006639_g_grd_d18
07-1-060492,-16.0173,70.7328,1.98757,ch2_ohr_ncp_20190906T1246532096_d_img_d18,ch2_tmc_ncn_20201126T1610528086_g_grd_d32
07-1-060492,-16.0173,70.7328,1.98757,ch2_ohr_ncp_20190906T1246532096_d_img_d18,ch2_tmc_ncn_20210514T0803114100_g_grd_d18
07-1-060492,-16.0173,70.7328,1.98757,ch2_ohr_ncp_20190906T1246532096_d_img_d18,ch2_tmc_ncn_20210514T1200279624_g_grd_d18
07-1-060492,-16.0173,70.7328,1.98757,ch2_ohr_ncp_20190906T1246532096_d_img_d18,ch2_tmc_ncn_20211113T1650236492_g_grd_d18
07-1-060492,-16.0173,70.7328,1.98757,ch2_ohr_ncp_20190906T1246532096_d_img_d18,ch2_tmc_ncn_20220518T1459006639_g_grd_d18
07-1-060493,-15.9825,70.6587,1.16621,ch2_ohr_ncp_20190906T1246532096_d_img_d18,ch2_tmc_ncn_20201126T1610528086_g_grd_d32
07-1-060493,-15.9825,70.6587,1.16621,ch2_ohr_ncp_20190906T1246532096_d_img_d18,ch2_tmc_ncn_20210514T0803114100_g_grd_d18
07-1-060493,-15.9825,70.6587,1.16621,ch2_ohr_ncp_20190906T1246532096_d_img_d18,ch2_tmc_ncn_20210514T1200279624_g_grd_d18
07-1-060493,-15.9825,70.6587,1.16621,ch2_ohr_ncp_20190906T1246532096_d_img_d18,ch2_tmc_ncn_20211113T1650236492_g_grd_d18
07-1-060493,-15.9825,70.6587,1.16621,ch2_ohr_ncp_20190906T1246532096_d_img_d18,ch2_tmc_ncn_20220518T1459006639_g_grd_d18
07-1-060494,-15.8142,70.7926,1.59873,ch2_ohr_ncp_20190906T1246532096_d_img_d18,ch2_tmc_ncn_20201126T1610528086_g_grd_d32
07-1-060494,-15.8142,70.7926,1.59873,ch2_ohr_ncp_20190906T1246532096_d_img_d18,ch2_tmc_ncn_20210514T0803114100_g_grd_d18
07-1-060494,-15.8142,70.7926,1.59873,ch2_ohr_ncp_20190906T1246532096_d_img_d18,ch2_tmc_ncn_20210514T1200279624_g_grd_d18
07-1-060494,-15.8142,70.7926,1.59873,ch2_ohr_ncp_20190906T1246532096_d_img_d18,ch2_tmc_ncn_20211113T1650236492_g_grd_d18
07-1-060494,-15.8142,70.7926,1.59873,ch2_ohr_ncp_20190906T1246532096_d_img_d18,ch2_tmc_ncn_20220518T1459006639_g_grd_d18
07-1-060496,-15.6291,70.8215,1.26577,ch2_ohr_ncp_20190906T1246532096_d_img_d18,ch2_tmc_ncn_20201126T1610528086_g_grd_d32
07-1-060496,-15.6291,70.8215,1.26577,ch2_ohr_ncp_20190906T1246532096_d_img_d18,ch2_tmc_ncn_20210514T0803114100_g_grd_d18
07-1-060496,-15.6291,70.8215,1.26577,ch2_ohr_ncp_20190906T1246532096_d_img_d18,ch2_tmc_ncn_20210514T1200279624_g_grd_d18
07-1-060496,-15.6291,70.8215,1.26577,ch2_ohr_ncp_20190906T1246532096_d_img_d18,ch2_tmc_ncn_20211113T1650236492_g_grd_d18
07-1-060496,-15.6291,70.8215,1.26577,ch2_ohr_ncp_20190906T1246532096_d_img_d18,ch2_tmc_ncn_20220518T1459006639_g_grd_d18
07-1-060497,-15.7398,70.9967,1.57028,ch2_ohr_ncp_20190906T1246532096_d_img_d18,ch2_tmc_ncn_20201126T1610528086_g_grd_d32
07-1-060497,-15.7398,70.9967,1.57028,ch2_ohr_ncp_20190906T1246532096_d_img_d18,ch2_tmc_ncn_20210514T0803114100_g_grd_d18
07-1-060497,-15.7398,70.9967,1.57028,ch2_ohr_ncp_20190906T1246532096_d_img_d18,ch2_tmc_ncn_20210514T1200279624_g_grd_d18
07-1-060497,-15.7398,70.9967,1.57028,ch2_ohr_ncp_20190906T1246532096_d_img_d18,ch2_tmc_ncn_20211113T1650236492_g_grd_d18
07-1-060497,-15.7398,70.9967,1.57028,ch2_ohr_ncp_20190906T1246532096_d_img_d18,ch2_tmc_ncn_20220518T1459006639_g_grd_d18
07-1-060498,-15.7477,70.9029,1.34245,ch2_ohr_ncp_20190906T1246532096_d_img_d18,ch2_tmc_ncn_20201126T1610528086_g_grd_d32
07-1-060498,-15.7477,70.9029,1.34245,ch2_ohr_ncp_20190906T1246532096_d_img_d18,ch2_tmc_ncn_20210514T0803114100_g_grd_d18
07-1-060498,-15.7477,70.9029,1.34245,ch2_ohr_ncp_20190906T1246532096_d_img_d18,ch2_tmc_ncn_20210514T1200279624_g_grd_d18
07-1-060498,-15.7477,70.9029,1.34245,ch2_ohr_ncp_20190906T1246532096_d_img_d18,ch2_tmc_ncn_20211113T1650236492_g_grd_d18
07-1-060498,-15.7477,70.9029,1.34245,ch2_ohr_ncp_20190906T1246532096_d_img_d18,ch2_tmc_ncn_20220518T1459006639_g_grd_d18
07-1-060499,-15.621,70.9926,1.08566,ch2_ohr_ncp_20190906T1246532096_d_img_d18,ch2_tmc_ncn_20201126T1610528086_g_grd_d32
07-1-060499,-15.621,70.9926,1.08566,ch2_ohr_ncp_20190906T1246532096_d_img_d18,ch2_tmc_ncn_20210514T0803114100_g_grd_d18
07-1-060499,-15.621,70.9926,1.08566,ch2_ohr_ncp_20190906T1246532096_d_img_d18,ch2_tmc_ncn_20210514T1200279624_g_grd_d18
07-1-060499,-15.621,70.9926,1.08566,ch2_ohr_ncp_20190906T1246532096_d_img_d18,ch2_tmc_ncn_20211113T1650236492_g_grd_d18
07-1-060499,-15.621,70.9926,1.08566,ch2_ohr_ncp_20190906T1246532096_d_img_d18,ch2_tmc_ncn_20220518T1459006639_g_grd_d18
07-1-060501,-15.8056,71.0558,1.62992,ch2_ohr_ncp_20190906T1246532096_d_img_d18,ch2_tmc_ncn_20201126T1610528086_g_grd_d32
07-1-060501,-15.8056,71.0558,1.62992,ch2_ohr_ncp_20190906T1246532096_d_img_d18,ch2_tmc_ncn_20210514T0803114100_g_grd_d18
07-1-060501,-15.8056,71.0558,1.62992,ch2_ohr_ncp_20190906T1246532096_d_img_d18,ch2_tmc_ncn_20210514T1200279624_g_grd_d18
07-1-060501,-15.8056,71.0558,1.62992,ch2_ohr_ncp_20190906T1246532096_d_img_d18,ch2_tmc_ncn_20211113T1650236492_g_grd_d18
07-1-060501,-15.8056,71.0558,1.62992,ch2_ohr_ncp_20190906T1246532096_d_img_d18,ch2_tmc_ncn_20220518T1459006639_g_grd_d18
07-1-060502,-15.9118,70.9459,1.31123,ch2_ohr_ncp_20190906T1246532096_d_img_d18,ch2_tmc_ncn_20201126T1610528086_g_grd_d32
07-1-060502,-15.9118,70.9459,1.31123,ch2_ohr_ncp_20190906T1246532096_d_img_d18,ch2_tmc_ncn_20210514T0803114100_g_grd_d18
07-1-060502,-15.9118,70.9459,1.31123,ch2_ohr_ncp_20190906T1246532096_d_img_d18,ch2_tmc_ncn_20210514T1200279624_g_grd_d18
07-1-060502,-15.9118,70.9459,1.31123,ch2_ohr_ncp_20190906T1246532096_d_img_d18,ch2_tmc_ncn_20211113T1650236492_g_grd_d18
07-1-060502,-15.9118,70.9459,1.31123,ch2_ohr_ncp_20190906T1246532096_d_img_d18,ch2_tmc_ncn_20220518T1459006639_g_grd_d18
07-1-060503,-15.868,70.9206,1.26062,ch2_ohr_ncp_20190906T1246532096_d_img_d18,ch2_tmc_ncn_20201126T1610528086_g_grd_d32
07-1-060503,-15.868,70.9206,1.26062,ch2_ohr_ncp_20190906T1246532096_d_img_d18,ch2_tmc_ncn_20210514T0803114100_g_grd_d18
07-1-060503,-15.868,70.9206,1.26062,ch2_ohr_ncp_20190906T1246532096_d_img_d18,ch2_tmc_ncn_20210514T1200279624_g_grd_d18
07-1-060503,-15.868,70.9206,1.26062,ch2_ohr_ncp_20190906T1246532096_d_img_d18,ch2_tmc_ncn_20211113T1650236492_g_grd_d18
07-1-060503,-15.868,70.9206,1.26062,ch2_ohr_ncp_20190906T1246532096_d_img_d18,ch2_tmc_ncn_20220518T1459006639_g_grd_d18
07-1-060504,-15.8712,71.0794,2.07268,ch2_ohr_ncp_20190906T1246532096_d_img_d18,ch2_tmc_ncn_20201126T1610528086_g_grd_d32
07-1-060504,-15.8712,71.0794,2.07268,ch2_ohr_ncp_20190906T1246532096_d_img_d18,ch2_tmc_ncn_20210514T0803114100_g_grd_d18
07-1-060504,-15.8712,71.0794,2.07268,ch2_ohr_ncp_20190906T1246532096_d_img_d18,ch2_tmc_ncn_20210514T1200279624_g_grd_d18
07-1-060504,-15.8712,71.0794,2.07268,ch2_ohr_ncp_20190906T1246532096_d_img_d18,ch2_tmc_ncn_20211113T1650236492_g_grd_d18
07-1-060504,-15.8712,71.0794,2.07268,ch2_ohr_ncp_20190906T1246532096_d_img_d18,ch2_tmc_ncn_20220518T1459006639_g_grd_d18
07-1-060505,-15.7664,71.1319,3.20006,ch2_ohr_ncp_20190906T1246532096_d_img_d18,ch2_tmc_ncn_20201126T1610528086_g_grd_d32
07-1-060505,-15.7664,71.1319,3.20006,ch2_ohr_ncp_20190906T1246532096_d_img_d18,ch2_tmc_ncn_20210514T0803114100_g_grd_d18
07-1-060505,-15.7664,71.1319,3.20006,ch2_ohr_ncp_20190906T1246532096_d_img_d18,ch2_tmc_ncn_20210514T1200279624_g_grd_d18
07-1-060505,-15.7664,71.1319,3.20006,ch2_ohr_ncp_20190906T1246532096_d_img_d18,ch2_tmc_ncn_20211113T1650236492_g_grd_d18
07-1-060505,-15.7664,71.1319,3.20006,ch2_ohr_ncp_20190906T1246532096_d_img_d18,ch2_tmc_ncn_20220518T1459006639_g_grd_d18
07-1-060506,-15.7035,71.2477,1.25288,ch2_ohr_ncp_20190906T1246532096_d_img_d18,ch2_tmc_ncn_20201126T1610528086_g_grd_d32
07-1-060506,-15.7035,71.2477,1.25288,ch2_ohr_ncp_20190906T1246532096_d_img_d18,ch2_tmc_ncn_20210514T0803114100_g_grd_d18
07-1-060506,-15.7035,71.2477,1.25288,ch2_ohr_ncp_20190906T1246532096_d_img_d18,ch2_tmc_ncn_20210514T1200279624_g_grd_d18
07-1-060506,-15.7035,71.2477,1.25288,ch2_ohr_ncp_20190906T1246532096_d_img_d18,ch2_tmc_ncn_20211113T1650236492_g_grd_d18
07-1-060506,-15.7035,71.2477,1.25288,ch2_ohr_ncp_20190906T1246532096_d_img_d18,ch2_tmc_ncn_20220518T1459006639_g_grd_d18
07-1-060507,-15.9665,71.0655,1.56495,ch2_ohr_ncp_20190906T1246532096_d_img_d18,ch2_tmc_ncn_20201126T1610528086_g_grd_d32
07-1-060507,-15.9665,71.0655,1.56495,ch2_ohr_ncp_20190906T1246532096_d_img_d18,ch2_tmc_ncn_20210514T0803114100_g_grd_d18
07-1-060507,-15.9665,71.0655,1.56495,ch2_ohr_ncp_20190906T1246532096_d_img_d18,ch2_tmc_ncn_20210514T1200279624_g_grd_d18
07-1-060507,-15.9665,71.0655,1.56495,ch2_ohr_ncp_20190906T1246532096_d_img_d18,ch2_tmc_ncn_20211113T1650236492_g_grd_d18
07-1-060507,-15.9665,71.0655,1.56495,ch2_ohr_ncp_20190906T1246532096_d_img_d18,ch2_tmc_ncn_20220518T1459006639_g_grd_d18
07-1-060508,-15.9974,71.0814,1.56523,ch2_ohr_ncp_20190906T1246532096_d_img_d18,ch2_tmc_ncn_20201126T1610528086_g_grd_d32
07-1-060508,-15.9974,71.0814,1.56523,ch2_ohr_ncp_20190906T1246532096_d_img_d18,ch2_tmc_ncn_20210514T0803114100_g_grd_d18
07-1-060508,-15.9974,71.0814,1.56523,ch2_ohr_ncp_20190906T1246532096_d_img_d18,ch2_tmc_ncn_20210514T1200279624_g_grd_d18
07-1-060508,-15.9974,71.0814,1.56523,ch2_ohr_ncp_20190906T1246532096_d_img_d18,ch2_tmc_ncn_20211113T1650236492_g_grd_d18
07-1-060508,-15.9974,71.0814,1.56523,ch2_ohr_ncp_20190906T1246532096_d_img_d18,ch2_tmc_ncn_20220518T1459006639_g_grd_d18
07-1-060509,-16.1973,70.5256,1.10906,ch2_ohr_ncp_20190906T1246532096_d_img_d18,ch2_tmc_ncn_20201126T1610528086_g_grd_d32
07-1-060509,-16.1973,70.5256,1.10906,ch2_ohr_ncp_20190906T1246532096_d_img_d18,ch2_tmc_ncn_20210514T0803114100_g_grd_d18
07-1-060509,-16.1973,70.5256,1.10906,ch2_ohr_ncp_20190906T1246532096_d_img_d18,ch2_tmc_ncn_20210514T1200279624_g_grd_d18
07-1-060509,-16.1973,70.5256,1.10906,ch2_ohr_ncp_20190906T1246532096_d_img_d18,ch2_tmc_ncn_20211113T1650236492_g_grd_d18
07-1-060509,-16.1973,70.5256,1.10906,ch2_ohr_ncp_20190906T1246532096_d_img_d18,ch2_tmc_ncn_20220518T1459006639_g_grd_d18
07-1-060510,-16.2311,71.0498,1.56307,ch2_ohr_ncp_20190906T1246532096_d_img_d18,ch2_tmc_ncn_20201126T1610528086_g_grd_d32
07-1-060510,-16.2311,71.0498,1.56307,ch2_ohr_ncp_20190906T1246532096_d_img_d18,ch2_tmc_ncn_20210514T0803114100_g_grd_d18
07-1-060510,-16.2311,71.0498,1.56307,ch2_ohr_ncp_20190906T1246532096_d_img_d18,ch2_tmc_ncn_20210514T1200279624_g_grd_d18
07-1-060510,-16.2311,71.0498,1.56307,ch2_ohr_ncp_20190906T1246532096_d_img_d18,ch2_tmc_ncn_20211113T1650236492_g_grd_d18
07-1-060510,-16.2311,71.0498,1.56307,ch2_ohr_ncp_20190906T1246532096_d_img_d18,ch2_tmc_ncn_20220518T1459006639_g_grd_d18
07-1-060511,-16.262,71.0284,2.09715,ch2_ohr_ncp_20190906T1246532096_d_img_d18,ch2_tmc_ncn_20201126T1610528086_g_grd_d32
07-1-060511,-16.262,71.0284,2.09715,ch2_ohr_ncp_20190906T1246532096_d_img_d18,ch2_tmc_ncn_20210514T0803114100_g_grd_d18
07-1-060511,-16.262,71.0284,2.09715,ch2_ohr_ncp_20190906T1246532096_d_img_d18,ch2_tmc_ncn_20210514T1200279624_g_grd_d18
07-1-060511,-16.262,71.0284,2.09715,ch2_ohr_ncp_20190906T1246532096_d_img_d18,ch2_tmc_ncn_20211113T1650236492_g_grd_d18
07-1-060511,-16.262,71.0284,2.09715,ch2_ohr_ncp_20190906T1246532096_d_img_d18,ch2_tmc_ncn_20220518T1459006639_g_grd_d18
07-1-060512,-16.3595,71.1855,2.17611,ch2_ohr_ncp_20190906T1246532096_d_img_d18,ch2_tmc_ncn_20201126T1610528086_g_grd_d32
07-1-060512,-16.3595,71.1855,2.17611,ch2_ohr_ncp_20190906T1246532096_d_img_d18,ch2_tmc_ncn_20210514T0803114100_g_grd_d18
07-1-060512,-16.3595,71.1855,2.17611,ch2_ohr_ncp_20190906T1246532096_d_img_d18,ch2_tmc_ncn_20210514T1200279624_g_grd_d18
07-1-060512,-16.3595,71.1855,2.17611,ch2_ohr_ncp_20190906T1246532096_d_img_d18,ch2_tmc_ncn_20211113T1650236492_g_grd_d18
07-1-060512,-16.3595,71.1855,2.17611,ch2_ohr_ncp_20190906T1246532096_d_img_d18,ch2_tmc_ncn_20220518T1459006639_g_grd_d18
07-1-060513,-16.3102,71.2688,1.5032,ch2_ohr_ncp_20190906T1246532096_d_img_d18,ch2_tmc_ncn_20201126T1610528086_g_grd_d32
07-1-060513,-16.3102,71.2688,1.5032,ch2_ohr_ncp_20190906T1246532096_d_img_d18,ch2_tmc_ncn_20210514T0803114100_g_grd_d18
07-1-060513,-16.3102,71.2688,1.5032,ch2_ohr_ncp_20190906T1246532096_d_img_d18,ch2_tmc_ncn_20210514T1200279624_g_grd_d18
07-1-060513,-16.3102,71.2688,1.5032,ch2_ohr_ncp_20190906T1246532096_d_img_d18,ch2_tmc_ncn_20211113T1650236492_g_grd_d18
07-1-060513,-16.3102,71.2688,1.5032,ch2_ohr_ncp_20190906T1246532096_d_img_d18,ch2_tmc_ncn_20220518T1459006639_g_grd_d18
07-1-060515,-16.2992,70.6228,1.3669,ch2_ohr_ncp_20190906T1246532096_d_img_d18,ch2_tmc_ncn_20201126T1610528086_g_grd_d32
07-1-060515,-16.2992,70.6228,1.3669,ch2_ohr_ncp_20190906T1246532096_d_img_d18,ch2_tmc_ncn_20210514T0803114100_g_grd_d18
07-1-060515,-16.2992,70.6228,1.3669,ch2_ohr_ncp_20190906T1246532096_d_img_d18,ch2_tmc_ncn_20210514T1200279624_g_grd_d18
07-1-060515,-16.2992,70.6228,1.3669,ch2_ohr_ncp_20190906T1246532096_d_img_d18,ch2_tmc_ncn_20211113T1650236492_g_grd_d18
07-1-060515,-16.2992,70.6228,1.3669,ch2_ohr_ncp_20190906T1246532096_d_img_d18,ch2_tmc_ncn_20220518T1459006639_g_grd_d18
07-1-060516,-16.3365,70.5498,1.89697,ch2_ohr_ncp_20190906T1246532096_d_img_d18,ch2_tmc_ncn_20201126T1610528086_g_grd_d32
07-1-060516,-16.3365,70.5498,1.89697,ch2_ohr_ncp_20190906T1246532096_d_img_d18,ch2_tmc_ncn_20210514T0803114100_g_grd_d18
07-1-060516,-16.3365,70.5498,1.89697,ch2_ohr_ncp_20190906T1246532096_d_img_d18,ch2_tmc_ncn_20210514T1200279624_g_grd_d18
07-1-060516,-16.3365,70.5498,1.89697,ch2_ohr_ncp_20190906T1246532096_d_img_d18,ch2_tmc_ncn_20211113T1650236492_g_grd_d18
07-1-060516,-16.3365,70.5498,1.89697,ch2_ohr_ncp_20190906T1246532096_d_img_d18,ch2_tmc_ncn_20220518T1459006639_g_grd_d18
07-1-060519,-16.4796,70.5776,1.49244,ch2_ohr_ncp_20190906T1246532096_d_img_d18,ch2_tmc_ncn_20201126T1610528086_g_grd_d32
07-1-060519,-16.4796,70.5776,1.49244,ch2_ohr_ncp_20190906T1246532096_d_img_d18,ch2_tmc_ncn_20210514T0803114100_g_grd_d18
07-1-060519,-16.4796,70.5776,1.49244,ch2_ohr_ncp_20190906T1246532096_d_img_d18,ch2_tmc_ncn_20210514T1200279624_g_grd_d18
07-1-060519,-16.4796,70.5776,1.49244,ch2_ohr_ncp_20190906T1246532096_d_img_d18,ch2_tmc_ncn_20211113T1650236492_g_grd_d18
07-1-060519,-16.4796,70.5776,1.49244,ch2_ohr_ncp_20190906T1246532096_d_img_d18,ch2_tmc_ncn_20220518T1459006639_g_grd_d18
07-1-060520,-16.3876,70.6512,1.1978,ch2_ohr_ncp_20190906T1246532096_d_img_d18,ch2_tmc_ncn_20201126T1610528086_g_grd_d32
07-1-060520,-16.3876,70.6512,1.1978,ch2_ohr_ncp_20190906T1246532096_d_img_d18,ch2_tmc_ncn_20210514T0803114100_g_grd_d18
07-1-060520,-16.3876,70.6512,1.1978,ch2_ohr_ncp_20190906T1246532096_d_img_d18,ch2_tmc_ncn_20210514T1200279624_g_grd_d18
07-1-060520,-16.3876,70.6512,1.1978,ch2_ohr_ncp_20190906T1246532096_d_img_d18,ch2_tmc_ncn_20211113T1650236492_g_grd_d18
07-1-060520,-16.3876,70.6512,1.1978,ch2_ohr_ncp_20190906T1246532096_d_img_d18,ch2_tmc_ncn_20220518T1459006639_g_grd_d18
07-1-060522,-16.3376,70.7114,1.02989,ch2_ohr_ncp_20190906T1246532096_d_img_d18,ch2_tmc_ncn_20201126T1610528086_g_grd_d32
07-1-060522,-16.3376,70.7114,1.02989,ch2_ohr_ncp_20190906T1246532096_d_img_d18,ch2_tmc_ncn_20210514T0803114100_g_grd_d18
07-1-060522,-16.3376,70.7114,1.02989,ch2_ohr_ncp_20190906T1246532096_d_img_d18,ch2_tmc_ncn_20210514T1200279624_g_grd_d18
07-1-060522,-16.3376,70.7114,1.02989,ch2_ohr_ncp_20190906T1246532096_d_img_d18,ch2_tmc_ncn_20211113T1650236492_g_grd_d18
07-1-060522,-16.3376,70.7114,1.02989,ch2_ohr_ncp_20190906T1246532096_d_img_d18,ch2_tmc_ncn_20220518T1459006639_g_grd_d18
07-1-060523,-16.5008,70.249,2.03343,ch2_ohr_ncp_20190906T1246532096_d_img_d18,ch2_tmc_ncn_20201126T1610528086_g_grd_d32
07-1-060523,-16.5008,70.249,2.03343,ch2_ohr_ncp_20190906T1246532096_d_img_d18,ch2_tmc_ncn_20210514T0803114100_g_grd_d18
07-1-060523,-16.5008,70.249,2.03343,ch2_ohr_ncp_20190906T1246532096_d_img_d18,ch2_tmc_ncn_20210514T1200279624_g_grd_d18
07-1-060523,-16.5008,70.249,2.03343,ch2_ohr_ncp_20190906T1246532096_d_img_d18,ch2_tmc_ncn_20211113T1650236492_g_grd_d18
07-1-060523,-16.5008,70.249,2.03343,ch2_ohr_ncp_20190906T1246532096_d_img_d18,ch2_tmc_ncn_20220518T1459006639_g_grd_d18
07-1-060523,-16.5008,70.249,2.03343,ch2_ohr_ncp_20190906T1246532096_d_img_d18,ch2_tmc_ncn_20220609T1621036061_g_grd_d32
07-1-060524,-16.4128,70.2692,1.76726,ch2_ohr_ncp_20190906T1246532096_d_img_d18,ch2_tmc_ncn_20201126T1610528086_g_grd_d32
07-1-060524,-16.4128,70.2692,1.76726,ch2_ohr_ncp_20190906T1246532096_d_img_d18,ch2_tmc_ncn_20210514T0803114100_g_grd_d18
07-1-060524,-16.4128,70.2692,1.76726,ch2_ohr_ncp_20190906T1246532096_d_img_d18,ch2_tmc_ncn_20210514T1200279624_g_grd_d18
07-1-060524,-16.4128,70.2692,1.76726,ch2_ohr_ncp_20190906T1246532096_d_img_d18,ch2_tmc_ncn_20211113T1650236492_g_grd_d18
07-1-060524,-16.4128,70.2692,1.76726,ch2_ohr_ncp_20190906T1246532096_d_img_d18,ch2_tmc_ncn_20220518T1459006639_g_grd_d18
07-1-060524,-16.4128,70.2692,1.76726,ch2_ohr_ncp_20190906T1246532096_d_img_d18,ch2_tmc_ncn_20220609T1621036061_g_grd_d32
07-1-060525,-16.4501,70.3887,1.23258,ch2_ohr_ncp_20190906T1246532096_d_img_d18,ch2_tmc_ncn_20201126T1610528086_g_grd_d32
07-1-060525,-16.4501,70.3887,1.23258,ch2_ohr_ncp_20190906T1246532096_d_img_d18,ch2_tmc_ncn_20210514T0803114100_g_grd_d18
07-1-060525,-16.4501,70.3887,1.23258,ch2_ohr_ncp_20190906T1246532096_d_img_d18,ch2_tmc_ncn_20210514T1200279624_g_grd_d18
07-1-060525,-16.4501,70.3887,1.23258,ch2_ohr_ncp_20190906T1246532096_d_img_d18,ch2_tmc_ncn_20211113T1650236492_g_grd_d18
07-1-060525,-16.4501,70.3887,1.23258,ch2_ohr_ncp_20190906T1246532096_d_img_d18,ch2_tmc_ncn_20220518T1459006639_g_grd_d18
07-1-060526,-16.6668,70.3493,2.0337,ch2_ohr_ncp_20190906T1246532096_d_img_d18,ch2_tmc_ncn_20201126T1610528086_g_grd_d32
07-1-060526,-16.6668,70.3493,2.0337,ch2_ohr_ncp_20190906T1246532096_d_img_d18,ch2_tmc_ncn_20210514T0803114100_g_grd_d18
07-1-060526,-16.6668,70.3493,2.0337,ch2_ohr_ncp_20190906T1246532096_d_img_d18,ch2_tmc_ncn_20210514T1200279624_g_grd_d18
07-1-060526,-16.6668,70.3493,2.0337,ch2_ohr_ncp_20190906T1246532096_d_img_d18,ch2_tmc_ncn_20211113T1650236492_g_grd_d18
07-1-060526,-16.6668,70.3493,2.0337,ch2_ohr_ncp_20190906T1246532096_d_img_d18,ch2_tmc_ncn_20220518T1459006639_g_grd_d18
07-1-060527,-16.6284,70.3862,1.29568,ch2_ohr_ncp_20190906T1246532096_d_img_d18,ch2_tmc_ncn_20201126T1610528086_g_grd_d32
07-1-060527,-16.6284,70.3862,1.29568,ch2_ohr_ncp_20190906T1246532096_d_img_d18,ch2_tmc_ncn_20210514T0803114100_g_grd_d18
07-1-060527,-16.6284,70.3862,1.29568,ch2_ohr_ncp_20190906T1246532096_d_img_d18,ch2_tmc_ncn_20210514T1200279624_g_grd_d18
07-1-060527,-16.6284,70.3862,1.29568,ch2_ohr_ncp_20190906T1246532096_d_img_d18,ch2_tmc_ncn_20211113T1650236492_g_grd_d18
07-1-060527,-16.6284,70.3862,1.29568,ch2_ohr_ncp_20190906T1246532096_d_img_d18,ch2_tmc_ncn_20220518T1459006639_g_grd_d18
07-1-060528,-16.6545,70.7142,1.12488,ch2_ohr_ncp_20190906T1246532096_d_img_d18,ch2_tmc_ncn_20201126T1610528086_g_grd_d32
07-1-060528,-16.6545,70.7142,1.12488,ch2_ohr_ncp_20190906T1246532096_d_img_d18,ch2_tmc_ncn_20210514T0803114100_g_grd_d18
07-1-060528,-16.6545,70.7142,1.12488,ch2_ohr_ncp_20190906T1246532096_d_img_d18,ch2_tmc_ncn_20210514T1200279624_g_grd_d18
07-1-060528,-16.6545,70.7142,1.12488,ch2_ohr_ncp_20190906T1246532096_d_img_d18,ch2_tmc_ncn_20211113T1650236492_g_grd_d18
07-1-060528,-16.6545,70.7142,1.12488,ch2_ohr_ncp_20190906T1246532096_d_img_d18,ch2_tmc_ncn_20220518T1459006639_g_grd_d18
07-1-060529,-16.5586,70.7669,2.63384,ch2_ohr_ncp_20190906T1246532096_d_img_d18,ch2_tmc_ncn_20201126T1610528086_g_grd_d32
07-1-060529,-16.5586,70.7669,2.63384,ch2_ohr_ncp_20190906T1246532096_d_img_d18,ch2_tmc_ncn_20210514T0803114100_g_grd_d18
07-1-060529,-16.5586,70.7669,2.63384,ch2_ohr_ncp_20190906T1246532096_d_img_d18,ch2_tmc_ncn_20210514T1200279624_g_grd_d18
07-1-060529,-16.5586,70.7669,2.63384,ch2_ohr_ncp_20190906T1246532096_d_img_d18,ch2_tmc_ncn_20211113T1650236492_g_grd_d18
07-1-060529,-16.5586,70.7669,2.63384,ch2_ohr_ncp_20190906T1246532096_d_img_d18,ch2_tmc_ncn_20220518T1459006639_g_grd_d18
07-1-060530,-16.6389,70.8304,2.22695,ch2_ohr_ncp_20190906T1246532096_d_img_d18,ch2_tmc_ncn_20201126T1610528086_g_grd_d32
07-1-060530,-16.6389,70.8304,2.22695,ch2_ohr_ncp_20190906T1246532096_d_img_d18,ch2_tmc_ncn_20210514T0803114100_g_grd_d18
07-1-060530,-16.6389,70.8304,2.22695,ch2_ohr_ncp_20190906T1246532096_d_img_d18,ch2_tmc_ncn_20210514T1200279624_g_grd_d18
07-1-060530,-16.6389,70.8304,2.22695,ch2_ohr_ncp_20190906T1246532096_d_img_d18,ch2_tmc_ncn_20211113T1650236492_g_grd_d18
07-1-060530,-16.6389,70.8304,2.22695,ch2_ohr_ncp_20190906T1246532096_d_img_d18,ch2_tmc_ncn_20220518T1459006639_g_grd_d18
07-1-060531,-16.5861,71.019,1.60212,ch2_ohr_ncp_20190906T1246532096_d_img_d18,ch2_tmc_ncn_20201126T1610528086_g_grd_d32
07-1-060531,-16.5861,71.019,1.60212,ch2_ohr_ncp_20190906T1246532096_d_img_d18,ch2_tmc_ncn_20210514T0803114100_g_grd_d18
07-1-060531,-16.5861,71.019,1.60212,ch2_ohr_ncp_20190906T1246532096_d_img_d18,ch2_tmc_ncn_20210514T1200279624_g_grd_d18
07-1-060531,-16.5861,71.019,1.60212,ch2_ohr_ncp_20190906T1246532096_d_img_d18,ch2_tmc_ncn_20211113T1650236492_g_grd_d18
07-1-060531,-16.5861,71.019,1.60212,ch2_ohr_ncp_20190906T1246532096_d_img_d18,ch2_tmc_ncn_20220518T1459006639_g_grd_d18
07-1-060532,-16.6666,71.0332,3.00142,ch2_ohr_ncp_20190906T1246532096_d_img_d18,ch2_tmc_ncn_20201126T1610528086_g_grd_d32
07-1-060532,-16.6666,71.0332,3.00142,ch2_ohr_ncp_20190906T1246532096_d_img_d18,ch2_tmc_ncn_20210514T0803114100_g_grd_d18
07-1-060532,-16.6666,71.0332,3.00142,ch2_ohr_ncp_20190906T1246532096_d_img_d18,ch2_tmc_ncn_20210514T1200279624_g_grd_d18
07-1-060532,-16.6666,71.0332,3.00142,ch2_ohr_ncp_20190906T1246532096_d_img_d18,ch2_tmc_ncn_20211113T1650236492_g_grd_d18
07-1-060532,-16.6666,71.0332,3.00142,ch2_ohr_ncp_20190906T1246532096_d_img_d18,ch2_tmc_ncn_20220518T1459006639_g_grd_d18
07-1-060534,-16.5443,71.2384,1.61443,ch2_ohr_ncp_20190906T1246532096_d_img_d18,ch2_tmc_ncn_20201126T1610528086_g_grd_d32
07-1-060534,-16.5443,71.2384,1.61443,ch2_ohr_ncp_20190906T1246532096_d_img_d18,ch2_tmc_ncn_20210514T0803114100_g_grd_d18
07-1-060534,-16.5443,71.2384,1.61443,ch2_ohr_ncp_20190906T1246532096_d_img_d18,ch2_tmc_ncn_20210514T1200279624_g_grd_d18
07-1-060534,-16.5443,71.2384,1.61443,ch2_ohr_ncp_20190906T1246532096_d_img_d18,ch2_tmc_ncn_20211113T1650236492_g_grd_d18
07-1-060534,-16.5443,71.2384,1.61443,ch2_ohr_ncp_20190906T1246532096_d_img_d18,ch2_tmc_ncn_20220518T1459006639_g_grd_d18
07-1-060536,-16.1502,70.7427,1.83708,ch2_ohr_ncp_20190906T1246532096_d_img_d18,ch2_tmc_ncn_20201126T1610528086_g_grd_d32
07-1-060536,-16.1502,70.7427,1.83708,ch2_ohr_ncp_20190906T1246532096_d_img_d18,ch2_tmc_ncn_20210514T0803114100_g_grd_d18
07-1-060536,-16.1502,70.7427,1.83708,ch2_ohr_ncp_20190906T1246532096_d_img_d18,ch2_tmc_ncn_20210514T1200279624_g_grd_d18
07-1-060536,-16.1502,70.7427,1.83708,ch2_ohr_ncp_20190906T1246532096_d_img_d18,ch2_tmc_ncn_20211113T1650236492_g_grd_d18
07-1-060536,-16.1502,70.7427,1.83708,ch2_ohr_ncp_20190906T1246532096_d_img_d18,ch2_tmc_ncn_20220518T1459006639_g_grd_d18
07-1-060537,-16.5805,71.3791,1.96374,ch2_ohr_ncp_20190906T1246532096_d_img_d18,ch2_tmc_ncn_20201126T1610528086_g_grd_d32
07-1-060537,-16.5805,71.3791,1.96374,ch2_ohr_ncp_20190906T1246532096_d_img_d18,ch2_tmc_ncn_20210514T0803114100_g_grd_d18
07-1-060537,-16.5805,71.3791,1.96374,ch2_ohr_ncp_20190906T1246532096_d_img_d18,ch2_tmc_ncn_20210514T1200279624_g_grd_d18
07-1-060537,-16.5805,71.3791,1.96374,ch2_ohr_ncp_20190906T1246532096_d_img_d18,ch2_tmc_ncn_20211113T1650236492_g_grd_d18
07-1-060537,-16.5805,71.3791,1.96374,ch2_ohr_ncp_20190906T1246532096_d_img_d18,ch2_tmc_ncn_20220518T1459006639_g_grd_d18
07-1-060538,-16.6456,71.4395,1.47992,ch2_ohr_ncp_20190906T1246532096_d_img_d18,ch2_tmc_ncn_20201126T1610528086_g_grd_d32
07-1-060538,-16.6456,71.4395,1.47992,ch2_ohr_ncp_20190906T1246532096_d_img_d18,ch2_tmc_ncn_20210514T0803114100_g_grd_d18
07-1-060538,-16.6456,71.4395,1.47992,ch2_ohr_ncp_20190906T1246532096_d_img_d18,ch2_tmc_ncn_20210514T1200279624_g_grd_d18
07-1-060538,-16.6456,71.4395,1.47992,ch2_ohr_ncp_20190906T1246532096_d_img_d18,ch2_tmc_ncn_20211113T1650236492_g_grd_d18
07-1-060538,-16.6456,71.4395,1.47992,ch2_ohr_ncp_20190906T1246532096_d_img_d18,ch2_tmc_ncn_20220518T1459006639_g_grd_d18
07-1-060542,-16.1369,71.2737,2.04089,ch2_ohr_ncp_20190906T1246532096_d_img_d18,ch2_tmc_ncn_20201126T1610528086_g_grd_d32
07-1-060542,-16.1369,71.2737,2.04089,ch2_ohr_ncp_20190906T1246532096_d_img_d18,ch2_tmc_ncn_20210514T0803114100_g_grd_d18
07-1-060542,-16.1369,71.2737,2.04089,ch2_ohr_ncp_20190906T1246532096_d_img_d18,ch2_tmc_ncn_20210514T1200279624_g_grd_d18
07-1-060542,-16.1369,71.2737,2.04089,ch2_ohr_ncp_20190906T1246532096_d_img_d18,ch2_tmc_ncn_20211113T1650236492_g_grd_d18
07-1-060542,-16.1369,71.2737,2.04089,ch2_ohr_ncp_20190906T1246532096_d_img_d18,ch2_tmc_ncn_20220518T1459006639_g_grd_d18
07-1-060543,-16.3177,71.3525,1.09701,ch2_ohr_ncp_20190906T1246532096_d_img_d18,ch2_tmc_ncn_20201126T1610528086_g_grd_d32
07-1-060543,-16.3177,71.3525,1.09701,ch2_ohr_ncp_20190906T1246532096_d_img_d18,ch2_tmc_ncn_20210514T0803114100_g_grd_d18
07-1-060543,-16.3177,71.3525,1.09701,ch2_ohr_ncp_20190906T1246532096_d_img_d18,ch2_tmc_ncn_20210514T1200279624_g_grd_d18
07-1-060543,-16.3177,71.3525,1.09701,ch2_ohr_ncp_20190906T1246532096_d_img_d18,ch2_tmc_ncn_20211113T1650236492_g_grd_d18
07-1-060543,-16.3177,71.3525,1.09701,ch2_ohr_ncp_20190906T1246532096_d_img_d18,ch2_tmc_ncn_20220518T1459006639_g_grd_d18
07-1-060544,-16.3457,71.3391,1.12283,ch2_ohr_ncp_20190906T1246532096_d_img_d18,ch2_tmc_ncn_20201126T1610528086_g_grd_d32
07-1-060544,-16.3457,71.3391,1.12283,ch2_ohr_ncp_20190906T1246532096_d_img_d18,ch2_tmc_ncn_20210514T0803114100_g_grd_d18
07-1-060544,-16.3457,71.3391,1.12283,ch2_ohr_ncp_20190906T1246532096_d_img_d18,ch2_tmc_ncn_20210514T1200279624_g_grd_d18
07-1-060544,-16.3457,71.3391,1.12283,ch2_ohr_ncp_20190906T1246532096_d_img_d18,ch2_tmc_ncn_20211113T1650236492_g_grd_d18
07-1-060544,-16.3457,71.3391,1.12283,ch2_ohr_ncp_20190906T1246532096_d_img_d18,ch2_tmc_ncn_20220518T1459006639_g_grd_d18
07-1-060545,-16.2322,71.4351,1.22829,ch2_ohr_ncp_20190906T1246532096_d_img_d18,ch2_tmc_ncn_20201126T1610528086_g_grd_d32
07-1-060545,-16.2322,71.4351,1.22829,ch2_ohr_ncp_20190906T1246532096_d_img_d18,ch2_tmc_ncn_20210514T0803114100_g_grd_d18
07-1-060545,-16.2322,71.4351,1.22829,ch2_ohr_ncp_20190906T1246532096_d_img_d18,ch2_tmc_ncn_20210514T1200279624_g_grd_d18
07-1-060545,-16.2322,71.4351,1.22829,ch2_ohr_ncp_20190906T1246532096_d_img_d18,ch2_tmc_ncn_20211113T1650236492_g_grd_d18
07-1-060545,-16.2322,71.4351,1.22829,ch2_ohr_ncp_20190906T1246532096_d_img_d18,ch2_tmc_ncn_20220518T1459006639_g_grd_d18
07-1-060553,-16.7357,70.4055,1.44164,ch2_ohr_ncp_20190906T1246532096_d_img_d18,ch2_tmc_ncn_20201126T1610528086_g_grd_d32
07-1-060553,-16.7357,70.4055,1.44164,ch2_ohr_ncp_20190906T1246532096_d_img_d18,ch2_tmc_ncn_20210514T0803114100_g_grd_d18
07-1-060553,-16.7357,70.4055,1.44164,ch2_ohr_ncp_20190906T1246532096_d_img_d18,ch2_tmc_ncn_20210514T1200279624_g_grd_d18
07-1-060553,-16.7357,70.4055,1.44164,ch2_ohr_ncp_20190906T1246532096_d_img_d18,ch2_tmc_ncn_20211113T1650236492_g_grd_d18
07-1-060553,-16.7357,70.4055,1.44164,ch2_ohr_ncp_20190906T1246532096_d_img_d18,ch2_tmc_ncn_20220518T1459006639_g_grd_d18
07-1-060555,-16.7784,70.3978,1.33316,ch2_ohr_ncp_20190906T1246532096_d_img_d18,ch2_tmc_ncn_20201126T1610528086_g_grd_d32
07-1-060555,-16.7784,70.3978,1.33316,ch2_ohr_ncp_20190906T1246532096_d_img_d18,ch2_tmc_ncn_20210514T0803114100_g_grd_d18
07-1-060555,-16.7784,70.3978,1.33316,ch2_ohr_ncp_20190906T1246532096_d_img_d18,ch2_tmc_ncn_20210514T1200279624_g_grd_d18
07-1-060555,-16.7784,70.3978,1.33316,ch2_ohr_ncp_20190906T1246532096_d_img_d18,ch2_tmc_ncn_20211113T1650236492_g_grd_d18
07-1-060555,-16.7784,70.3978,1.33316,ch2_ohr_ncp_20190906T1246532096_d_img_d18,ch2_tmc_ncn_20220518T1459006639_g_grd_d18
07-1-060557,-16.7006,71.3649,2.06647,ch2_ohr_ncp_20190906T1246532096_d_img_d18,ch2_tmc_ncn_20201126T1610528086_g_grd_d32
07-1-060557,-16.7006,71.3649,2.06647,ch2_ohr_ncp_20190906T1246532096_d_img_d18,ch2_tmc_ncn_20210514T0803114100_g_grd_d18
07-1-060557,-16.7006,71.3649,2.06647,ch2_ohr_ncp_20190906T1246532096_d_img_d18,ch2_tmc_ncn_20210514T1200279624_g_grd_d18
07-1-060557,-16.7006,71.3649,2.06647,ch2_ohr_ncp_20190906T1246532096_d_img_d18,ch2_tmc_ncn_20211113T1650236492_g_grd_d18
07-1-060557,-16.7006,71.3649,2.06647,ch2_ohr_ncp_20190906T1246532096_d_img_d18,ch2_tmc_ncn_20220518T1459006639_g_grd_d18
07-1-060559,-16.5314,71.4382,1.40954,ch2_ohr_ncp_20190906T1246532096_d_img_d18,ch2_tmc_ncn_20201126T1610528086_g_grd_d32
07-1-060559,-16.5314,71.4382,1.40954,ch2_ohr_ncp_20190906T1246532096_d_img_d18,ch2_tmc_ncn_20210514T0803114100_g_grd_d18
07-1-060559,-16.5314,71.4382,1.40954,ch2_ohr_ncp_20190906T1246532096_d_img_d18,ch2_tmc_ncn_20210514T1200279624_g_grd_d18
07-1-060559,-16.5314,71.4382,1.40954,ch2_ohr_ncp_20190906T1246532096_d_img_d18,ch2_tmc_ncn_20211113T1650236492_g_grd_d18
07-1-060559,-16.5314,71.4382,1.40954,ch2_ohr_ncp_20190906T1246532096_d_img_d18,ch2_tmc_ncn_20220518T1459006639_g_grd_d18
07-1-060565,-16.275,71.4256,1.46563,ch2_ohr_ncp_20190906T1246532096_d_img_d18,ch2_tmc_ncn_20201126T1610528086_g_grd_d32
07-1-060565,-16.275,71.4256,1.46563,ch2_ohr_ncp_20190906T1246532096_d_img_d18,ch2_tmc_ncn_20210514T0803114100_g_grd_d18
07-1-060565,-16.275,71.4256,1.46563,ch2_ohr_ncp_20190906T1246532096_d_img_d18,ch2_tmc_ncn_20210514T1200279624_g_grd_d18
07-1-060565,-16.275,71.4256,1.46563,ch2_ohr_ncp_20190906T1246532096_d_img_d18,ch2_tmc_ncn_20211113T1650236492_g_grd_d18
07-1-060565,-16.275,71.4256,1.46563,ch2_ohr_ncp_20190906T1246532096_d_img_d18,ch2_tmc_ncn_20220518T1459006639_g_grd_d18
07-1-060604,-16.7697,71.3761,1.05447,ch2_ohr_ncp_20190906T1246532096_d_img_d18,ch2_tmc_ncn_20201126T1610528086_g_grd_d32
07-1-060604,-16.7697,71.3761,1.05447,ch2_ohr_ncp_20190906T1246532096_d_img_d18,ch2_tmc_ncn_20210514T0803114100_g_grd_d18
07-1-060604,-16.7697,71.3761,1.05447,ch2_ohr_ncp_20190906T1246532096_d_img_d18,ch2_tmc_ncn_20210514T1200279624_g_grd_d18
07-1-060604,-16.7697,71.3761,1.05447,ch2_ohr_ncp_20190906T1246532096_d_img_d18,ch2_tmc_ncn_20211113T1650236492_g_grd_d18
07-1-060604,-16.7697,71.3761,1.05447,ch2_ohr_ncp_20190906T1246532096_d_img_d18,ch2_tmc_ncn_20220518T1459006639_g_grd_d18
07-1-062945,-16.8568,71.4191,1.3288,ch2_ohr_ncp_20190906T1246532096_d_img_d18,ch2_tmc_ncn_20201126T1610528086_g_grd_d32
07-1-062945,-16.8568,71.4191,1.3288,ch2_ohr_ncp_20190906T1246532096_d_img_d18,ch2_tmc_ncn_20210514T0803114100_g_grd_d18
07-1-062945,-16.8568,71.4191,1.3288,ch2_ohr_ncp_20190906T1246532096_d_img_d18,ch2_tmc_ncn_20210514T1200279624_g_grd_d18
07-1-062945,-16.8568,71.4191,1.3288,ch2_ohr_ncp_20190906T1246532096_d_img_d18,ch2_tmc_ncn_20211113T1650236492_g_grd_d18
07-1-062945,-16.8568,71.4191,1.3288,ch2_ohr_ncp_20190906T1246532096_d_img_d18,ch2_tmc_ncn_20220518T1459006639_g_grd_d18
07-1-062946,-16.8678,71.3861,1.3071,ch2_ohr_ncp_20190906T1246532096_d_img_d18,ch2_tmc_ncn_20201126T1610528086_g_grd_d32
07-1-062946,-16.8678,71.3861,1.3071,ch2_ohr_ncp_20190906T1246532096_d_img_d18,ch2_tmc_ncn_20210514T0803114100_g_grd_d18
07-1-062946,-16.8678,71.3861,1.3071,ch2_ohr_ncp_20190906T1246532096_d_img_d18,ch2_tmc_ncn_20210514T1200279624_g_grd_d18
07-1-062946,-16.8678,71.3861,1.3071,ch2_ohr_ncp_20190906T1246532096_d_img_d18,ch2_tmc_ncn_20211113T1650236492_g_grd_d18
07-1-062946,-16.8678,71.3861,1.3071,ch2_ohr_ncp_20190906T1246532096_d_img_d18,ch2_tmc_ncn_20220518T1459006639_g_grd_d18
07-1-062966,-17.1046,71.4385,1.37227,ch2_ohr_ncp_20190906T1246532096_d_img_d18,ch2_tmc_ncn_20201126T1610528086_g_grd_d32
07-1-062966,-17.1046,71.4385,1.37227,ch2_ohr_ncp_20190906T1246532096_d_img_d18,ch2_tmc_ncn_20210514T0803114100_g_grd_d18
07-1-062966,-17.1046,71.4385,1.37227,ch2_ohr_ncp_20190906T1246532096_d_img_d18,ch2_tmc_ncn_20210514T1200279624_g_grd_d18
07-1-062966,-17.1046,71.4385,1.37227,ch2_ohr_ncp_20190906T1246532096_d_img_d18,ch2_tmc_ncn_20211113T1650236492_g_grd_d18
07-1-062966,-17.1046,71.4385,1.37227,ch2_ohr_ncp_20190906T1246532096_d_img_d18,ch2_tmc_ncn_20220518T1459006639_g_grd_d18
07-1-062971,-17.1315,71.2457,1.46282,ch2_ohr_ncp_20190906T1246532096_d_img_d18,ch2_tmc_ncn_20201126T1610528086_g_grd_d32
07-1-062971,-17.1315,71.2457,1.46282,ch2_ohr_ncp_20190906T1246532096_d_img_d18,ch2_tmc_ncn_20210514T0803114100_g_grd_d18
07-1-062971,-17.1315,71.2457,1.46282,ch2_ohr_ncp_20190906T1246532096_d_img_d18,ch2_tmc_ncn_20210514T1200279624_g_grd_d18
07-1-062971,-17.1315,71.2457,1.46282,ch2_ohr_ncp_20190906T1246532096_d_img_d18,ch2_tmc_ncn_20211113T1650236492_g_grd_d18
07-1-062971,-17.1315,71.2457,1.46282,ch2_ohr_ncp_20190906T1246532096_d_img_d18,ch2_tmc_ncn_20220518T1459006639_g_grd_d18
07-1-062978,-17.0801,71.1553,1.69943,ch2_ohr_ncp_20190906T1246532096_d_img_d18,ch2_tmc_ncn_20201126T1610528086_g_grd_d32
07-1-062978,-17.0801,71.1553,1.69943,ch2_ohr_ncp_20190906T1246532096_d_img_d18,ch2_tmc_ncn_20210514T0803114100_g_grd_d18
07-1-062978,-17.0801,71.1553,1.69943,ch2_ohr_ncp_20190906T1246532096_d_img_d18,ch2_tmc_ncn_20210514T1200279624_g_grd_d18
07-1-062978,-17.0801,71.1553,1.69943,ch2_ohr_ncp_20190906T1246532096_d_img_d18,ch2_tmc_ncn_20211113T1650236492_g_grd_d18
07-1-062978,-17.0801,71.1553,1.69943,ch2_ohr_ncp_20190906T1246532096_d_img_d18,ch2_tmc_ncn_20220518T1459006639_g_grd_d18
07-1-062979,-17.0014,71.2056,1.14806,ch2_ohr_ncp_20190906T1246532096_d_img_d18,ch2_tmc_ncn_20201126T1610528086_g_grd_d32
07-1-062979,-17.0014,71.2056,1.14806,ch2_ohr_ncp_20190906T1246532096_d_img_d18,ch2_tmc_ncn_20210514T0803114100_g_grd_d18
07-1-062979,-17.0014,71.2056,1.14806,ch2_ohr_ncp_20190906T1246532096_d_img_d18,ch2_tmc_ncn_20210514T1200279624_g_grd_d18
07-1-062979,-17.0014,71.2056,1.14806,ch2_ohr_ncp_20190906T1246532096_d_img_d18,ch2_tmc_ncn_20211113T1650236492_g_grd_d18
07-1-062979,-17.0014,71.2056,1.14806,ch2_ohr_ncp_20190906T1246532096_d_img_d18,ch2_tmc_ncn_20220518T1459006639_g_grd_d18
07-1-062980,-17.145,71.0904,7.7063,ch2_ohr_ncp_20190906T1246532096_d_img_d18,ch2_tmc_ncn_20201126T1610528086_g_grd_d32
07-1-062980,-17.145,71.0904,7.7063,ch2_ohr_ncp_20190906T1246532096_d_img_d18,ch2_tmc_ncn_20210514T0803114100_g_grd_d18
07-1-062980,-17.145,71.0904,7.7063,ch2_ohr_ncp_20190906T1246532096_d_img_d18,ch2_tmc_ncn_20210514T1200279624_g_grd_d18
07-1-062980,-17.145,71.0904,7.7063,ch2_ohr_ncp_20190906T1246532096_d_img_d18,ch2_tmc_ncn_20211113T1650236492_g_grd_d18
07-1-062980,-17.145,71.0904,7.7063,ch2_ohr_ncp_20190906T1246532096_d_img_d18,ch2_tmc_ncn_20220518T1459006639_g_grd_d18
07-1-062981,-17.0455,70.9686,1.02016,ch2_ohr_ncp_20190906T1246532096_d_img_d18,ch2_tmc_ncn_20201126T1610528086_g_grd_d32
07-1-062981,-17.0455,70.9686,1.02016,ch2_ohr_ncp_20190906T1246532096_d_img_d18,ch2_tmc_ncn_20210514T0803114100_g_grd_d18
07-1-062981,-17.0455,70.9686,1.02016,ch2_ohr_ncp_20190906T1246532096_d_img_d18,ch2_tmc_ncn_20210514T1200279624_g_grd_d18
07-1-062981,-17.0455,70.9686,1.02016,ch2_ohr_ncp_20190906T1246532096_d_img_d18,ch2_tmc_ncn_20211113T1650236492_g_grd_d18
07-1-062981,-17.0455,70.9686,1.02016,ch2_ohr_ncp_20190906T1246532096_d_img_d18,ch2_tmc_ncn_20220518T1459006639_g_grd_d18
07-1-062982,-17.1281,70.9353,1.41986,ch2_ohr_ncp_20190906T1246532096_d_img_d18,ch2_tmc_ncn_20201126T1610528086_g_grd_d32
07-1-062982,-17.1281,70.9353,1.41986,ch2_ohr_ncp_20190906T1246532096_d_img_d18,ch2_tmc_ncn_20210514T0803114100_g_grd_d18
07-1-062982,-17.1281,70.9353,1.41986,ch2_ohr_ncp_20190906T1246532096_d_img_d18,ch2_tmc_ncn_20210514T1200279624_g_grd_d18
07-1-062982,-17.1281,70.9353,1.41986,ch2_ohr_ncp_20190906T1246532096_d_img_d18,ch2_tmc_ncn_20211113T1650236492_g_grd_d18
07-1-062982,-17.1281,70.9353,1.41986,ch2_ohr_ncp_20190906T1246532096_d_img_d18,ch2_tmc_ncn_20220518T1459006639_g_grd_d18
07-1-062983,-17.0186,71.0458,1.11943,ch2_ohr_ncp_20190906T1246532096_d_img_d18,ch2_tmc_ncn_20201126T1610528086_g_grd_d32
07-1-062983,-17.0186,71.0458,1.11943,ch2_ohr_ncp_20190906T1246532096_d_img_d18,ch2_tmc_ncn_20210514T0803114100_g_grd_d18
07-1-062983,-17.0186,71.0458,1.11943,ch2_ohr_ncp_20190906T1246532096_d_img_d18,ch2_tmc_ncn_20210514T1200279624_g_grd_d18
07-1-062983,-17.0186,71.0458,1.11943,ch2_ohr_ncp_20190906T1246532096_d_img_d18,ch2_tmc_ncn_20211113T1650236492_g_grd_d18
07-1-062983,-17.0186,71.0458,1.11943,ch2_ohr_ncp_20190906T1246532096_d_img_d18,ch2_tmc_ncn_20220518T1459006639_g_grd_d18
07-1-062984,-17.0018,71.0185,1.33047,ch2_ohr_ncp_20190906T1246532096_d_img_d18,ch2_tmc_ncn_20201126T1610528086_g_grd_d32
07-1-062984,-17.0018,71.0185,1.33047,ch2_ohr_ncp_20190906T1246532096_d_img_d18,ch2_tmc_ncn_20210514T0803114100_g_grd_d18
07-1-062984,-17.0018,71.0185,1.33047,ch2_ohr_ncp_20190906T1246532096_d_img_d18,ch2_tmc_ncn_20210514T1200279624_g_grd_d18
07-1-062984,-17.0018,71.0185,1.33047,ch2_ohr_ncp_20190906T1246532096_d_img_d18,ch2_tmc_ncn_20211113T1650236492_g_grd_d18
07-1-062984,-17.0018,71.0185,1.33047,ch2_ohr_ncp_20190906T1246532096_d_img_d18,ch2_tmc_ncn_20220518T1459006639_g_grd_d18
07-1-062985,-16.9855,71.0059,1.20346,ch2_ohr_ncp_20190906T1246532096_d_img_d18,ch2_tmc_ncn_20201126T1610528086_g_grd_d32
07-1-062985,-16.9855,71.0059,1.20346,ch2_ohr_ncp_20190906T1246532096_d_img_d18,ch2_tmc_ncn_20210514T0803114100_g_grd_d18
07-1-062985,-16.9855,71.0059,1.20346,ch2_ohr_ncp_20190906T1246532096_d_img_d18,ch2_tmc_ncn_20210514T1200279624_g_grd_d18
07-1-062985,-16.9855,71.0059,1.20346,ch2_ohr_ncp_20190906T1246532096_d_img_d18,ch2_tmc_ncn_20211113T1650236492_g_grd_d18
07-1-062985,-16.9855,71.0059,1.20346,ch2_ohr_ncp_20190906T1246532096_d_img_d18,ch2_tmc_ncn_20220518T1459006639_g_grd_d18
07-1-062986,-16.9632,70.9871,1.64483,ch2_ohr_ncp_20190906T1246532096_d_img_d18,ch2_tmc_ncn_20201126T1610528086_g_grd_d32
07-1-062986,-16.9632,70.9871,1.64483,ch2_ohr_ncp_20190906T1246532096_d_img_d18,ch2_tmc_ncn_20210514T0803114100_g_grd_d18
07-1-062986,-16.9632,70.9871,1.64483,ch2_ohr_ncp_20190906T1246532096_d_img_d18,ch2_tmc_ncn_20210514T1200279624_g_grd_d18
07-1-062986,-16.9632,70.9871,1.64483,ch2_ohr_ncp_20190906T1246532096_d_img_d18,ch2_tmc_ncn_20211113T1650236492_g_grd_d18
07-1-062986,-16.9632,70.9871,1.64483,ch2_ohr_ncp_20190906T1246532096_d_img_d18,ch2_tmc_ncn_20220518T1459006639_g_grd_d18
07-1-062987,-16.935,70.9607,1.13037,ch2_ohr_ncp_20190906T1246532096_d_img_d18,ch2_tmc_ncn_20201126T1610528086_g_grd_d32
07-1-062987,-16.935,70.9607,1.13037,ch2_ohr_ncp_20190906T1246532096_d_img_d18,ch2_tmc_ncn_20210514T0803114100_g_grd_d18
07-1-062987,-16.935,70.9607,1.13037,ch2_ohr_ncp_20190906T1246532096_d_img_d18,ch2_tmc_ncn_20210514T1200279624_g_grd_d18
07-1-062987,-16.935,70.9607,1.13037,ch2_ohr_ncp_20190906T1246532096_d_img_d18,ch2_tmc_ncn_20211113T1650236492_g_grd_d18
07-1-062987,-16.935,70.9607,1.13037,ch2_ohr_ncp_20190906T1246532096_d_img_d18,ch2_tmc_ncn_20220518T1459006639_g_grd_d18
07-1-062990,-17.0888,70.8245,2.5568,ch2_ohr_ncp_20190906T1246532096_d_img_d18,ch2_tmc_ncn_20201126T1610528086_g_grd_d32
07-1-062990,-17.0888,70.8245,2.5568,ch2_ohr_ncp_20190906T1246532096_d_img_d18,ch2_tmc_ncn_20210514T0803114100_g_grd_d18
07-1-062990,-17.0888,70.8245,2.5568,ch2_ohr_ncp_20190906T1246532096_d_img_d18,ch2_tmc_ncn_20210514T1200279624_g_grd_d18
07-1-062990,-17.0888,70.8245,2.5568,ch2_ohr_ncp_20190906T1246532096_d_img_d18,ch2_tmc_ncn_20211113T1650236492_g_grd_d18
07-1-062990,-17.0888,70.8245,2.5568,ch2_ohr_ncp_20190906T1246532096_d_img_d18,ch2_tmc_ncn_20220518T1459006639_g_grd_d18
07-1-062992,-16.5356,70.8513,1.97896,ch2_ohr_ncp_20190906T1246532096_d_img_d18,ch2_tmc_ncn_20201126T1610528086_g_grd_d32
07-1-062992,-16.5356,70.8513,1.97896,ch2_ohr_ncp_20190906T1246532096_d_img_d18,ch2_tmc_ncn_20210514T0803114100_g_grd_d18
07-1-062992,-16.5356,70.8513,1.97896,ch2_ohr_ncp_20190906T1246532096_d_img_d18,ch2_tmc_ncn_20210514T1200279624_g_grd_d18
07-1-062992,-16.5356,70.8513,1.97896,ch2_ohr_ncp_20190906T1246532096_d_img_d18,ch2_tmc_ncn_20211113T1650236492_g_grd_d18
07-1-062992,-16.5356,70.8513,1.97896,ch2_ohr_ncp_20190906T1246532096_d_img_d18,ch2_tmc_ncn_20220518T1459006639_g_grd_d18
07-1-062994,-16.9049,70.6337,1.50661,ch2_ohr_ncp_20190906T1246532096_d_img_d18,ch2_tmc_ncn_20201126T1610528086_g_grd_d32
07-1-062994,-16.9049,70.6337,1.50661,ch2_ohr_ncp_20190906T1246532096_d_img_d18,ch2_tmc_ncn_20210514T0803114100_g_grd_d18
07-1-062994,-16.9049,70.6337,1.50661,ch2_ohr_ncp_20190906T1246532096_d_img_d18,ch2_tmc_ncn_20210514T1200279624_g_grd_d18
07-1-062994,-16.9049,70.6337,1.50661,ch2_ohr_ncp_20190906T1246532096_d_img_d18,ch2_tmc_ncn_20211113T1650236492_g_grd_d18
07-1-062994,-16.9049,70.6337,1.50661,ch2_ohr_ncp_20190906T1246532096_d_img_d18,ch2_tmc_ncn_20220518T1459006639_g_grd_d18
07-1-062995,-16.8298,70.3913,1.42842,ch2_ohr_ncp_20190906T1246532096_d_img_d18,ch2_tmc_ncn_20201126T1610528086_g_grd_d32
07-1-062995,-16.8298,70.3913,1.42842,ch2_ohr_ncp_20190906T1246532096_d_img_d18,ch2_tmc_ncn_20210514T0803114100_g_grd_d18
07-1-062995,-16.8298,70.3913,1.42842,ch2_ohr_ncp_20190906T1246532096_d_img_d18,ch2_tmc_ncn_20210514T1200279624_g_grd_d18
07-1-062995,-16.8298,70.3913,1.42842,ch2_ohr_ncp_20190906T1246532096_d_img_d18,ch2_tmc_ncn_20211113T1650236492_g_grd_d18
07-1-062995,-16.8298,70.3913,1.42842,ch2_ohr_ncp_20190906T1246532096_d_img_d18,ch2_tmc_ncn_20220518T1459006639_g_grd_d18
07-1-062996,-16.8385,70.3468,1.28203,ch2_ohr_ncp_20190906T1246532096_d_img_d18,ch2_tmc_ncn_20201126T1610528086_g_grd_d32
07-1-062996,-16.8385,70.3468,1.28203,ch2_ohr_ncp_20190906T1246532096_d_img_d18,ch2_tmc_ncn_20210514T0803114100_g_grd_d18
07-1-062996,-16.8385,70.3468,1.28203,ch2_ohr_ncp_20190906T1246532096_d_img_d18,ch2_tmc_ncn_20210514T1200279624_g_grd_d18
07-1-062996,-16.8385,70.3468,1.28203,ch2_ohr_ncp_20190906T1246532096_d_img_d18,ch2_tmc_ncn_20211113T1650236492_g_grd_d18
07-1-062996,-16.8385,70.3468,1.28203,ch2_ohr_ncp_20190906T1246532096_d_img_d18,ch2_tmc_ncn_20220518T1459006639_g_grd_d18
07-1-062997,-16.8784,70.3609,1.907,ch2_ohr_ncp_20190906T1246532096_d_img_d18,ch2_tmc_ncn_20201126T1610528086_g_grd_d32
07-1-062997,-16.8784,70.3609,1.907,ch2_ohr_ncp_20190906T1246532096_d_img_d18,ch2_tmc_ncn_20210514T0803114100_g_grd_d18
07-1-062997,-16.8784,70.3609,1.907,ch2_ohr_ncp_20190906T1246532096_d_img_d18,ch2_tmc_ncn_20210514T1200279624_g_grd_d18
07-1-062997,-16.8784,70.3609,1.907,ch2_ohr_ncp_20190906T1246532096_d_img_d18,ch2_tmc_ncn_20211113T1650236492_g_grd_d18
07-1-062997,-16.8784,70.3609,1.907,ch2_ohr_ncp_20190906T1246532096_d_img_d18,ch2_tmc_ncn_20220518T1459006639_g_grd_d18
07-1-062998,-16.9097,70.2365,1.10046,ch2_ohr_ncp_20190906T1246532096_d_img_d18,ch2_tmc_ncn_20201126T1610528086_g_grd_d32
07-1-062998,-16.9097,70.2365,1.10046,ch2_ohr_ncp_20190906T1246532096_d_img_d18,ch2_tmc_ncn_20210514T0803114100_g_grd_d18
07-1-062998,-16.9097,70.2365,1.10046,ch2_ohr_ncp_20190906T1246532096_d_img_d18,ch2_tmc_ncn_20210514T1200279624_g_grd_d18
07-1-062998,-16.9097,70.2365,1.10046,ch2_ohr_ncp_20190906T1246532096_d_img_d18,ch2_tmc_ncn_20211113T1650236492_g_grd_d18
07-1-062998,-16.9097,70.2365,1.10046,ch2_ohr_ncp_20190906T1246532096_d_img_d18,ch2_tmc_ncn_20220518T1459006639_g_grd_d18
07-1-062998,-16.9097,70.2365,1.10046,ch2_ohr_ncp_20190906T1246532096_d_img_d18,ch2_tmc_ncn_20220609T1621036061_g_grd_d32
07-1-063001,-16.7077,70.0876,1.15793,ch2_ohr_ncp_20190906T1246532096_d_img_d18,ch2_tmc_ncn_20201126T1808573675_g_grd_d32
07-1-063001,-16.7077,70.0876,1.15793,ch2_ohr_ncp_20190906T1246532096_d_img_d18,ch2_tmc_ncn_20210514T0803114100_g_grd_d18
07-1-063001,-16.7077,70.0876,1.15793,ch2_ohr_ncp_20190906T1246532096_d_img_d18,ch2_tmc_ncn_20210514T1200279624_g_grd_d18
07-1-063001,-16.7077,70.0876,1.15793,ch2_ohr_ncp_20190906T1246532096_d_img_d18,ch2_tmc_ncn_20211113T1650236492_g_grd_d18
07-1-063001,-16.7077,70.0876,1.15793,ch2_ohr_ncp_20190906T1246532096_d_img_d18,ch2_tmc_ncn_20220518T1459006639_g_grd_d18
07-1-063001,-16.7077,70.0876,1.15793,ch2_ohr_ncp_20190906T1246532096_d_img_d18,ch2_tmc_ncn_20220609T1621036061_g_grd_d32
07-1-063003,-16.8529,69.9848,1.87782,ch2_ohr_ncp_20190906T1246532096_d_img_d18,ch2_tmc_ncn_20201126T1808573675_g_grd_d32
07-1-063003,-16.8529,69.9848,1.87782,ch2_ohr_ncp_20190906T1246532096_d_img_d18,ch2_tmc_ncn_20210514T0803114100_g_grd_d18
07-1-063003,-16.8529,69.9848,1.87782,ch2_ohr_ncp_20190906T1246532096_d_img_d18,ch2_tmc_ncn_20210514T1200279624_g_grd_d18
07-1-063003,-16.8529,69.9848,1.87782,ch2_ohr_ncp_20190906T1246532096_d_img_d18,ch2_tmc_ncn_20211113T1650236492_g_grd_d18
07-1-063003,-16.8529,69.9848,1.87782,ch2_ohr_ncp_20190906T1246532096_d_img_d18,ch2_tmc_ncn_20220518T1459006639_g_grd_d18
07-1-063003,-16.8529,69.9848,1.87782,ch2_ohr_ncp_20190906T1246532096_d_img_d18,ch2_tmc_ncn_20220609T1621036061_g_grd_d32
07-1-063004,-16.7714,69.9977,3.12554,ch2_ohr_ncp_20190906T1246532096_d_img_d18,ch2_tmc_ncn_20201126T1808573675_g_grd_d32
07-1-063004,-16.7714,69.9977,3.12554,ch2_ohr_ncp_20190906T1246532096_d_img_d18,ch2_tmc_ncn_20210514T0803114100_g_grd_d18
07-1-063004,-16.7714,69.9977,3.12554,ch2_ohr_ncp_20190906T1246532096_d_img_d18,ch2_tmc_ncn_20210514T1200279624_g_grd_d18
07-1-063004,-16.7714,69.9977,3.12554,ch2_ohr_ncp_20190906T1246532096_d_img_d18,ch2_tmc_ncn_20211113T1650236492_g_grd_d18
07-1-063004,-16.7714,69.9977,3.12554,ch2_ohr_ncp_20190906T1246532096_d_img_d18,ch2_tmc_ncn_20220518T1459006639_g_grd_d18
07-1-063004,-16.7714,69.9977,3.12554,ch2_ohr_ncp_20190906T1246532096_d_img_d18,ch2_tmc_ncn_20220609T1621036061_g_grd_d32
07-1-063005,-16.9806,69.979,2.11551,ch2_ohr_ncp_20190906T1246532096_d_img_d18,ch2_tmc_ncn_20201126T1808573675_g_grd_d32
07-1-063005,-16.9806,69.979,2.11551,ch2_ohr_ncp_20190906T1246532096_d_img_d18,ch2_tmc_ncn_20210514T0803114100_g_grd_d18
07-1-063005,-16.9806,69.979,2.11551,ch2_ohr_ncp_20190906T1246532096_d_img_d18,ch2_tmc_ncn_20210514T1200279624_g_grd_d18
07-1-063005,-16.9806,69.979,2.11551,ch2_ohr_ncp_20190906T1246532096_d_img_d18,ch2_tmc_ncn_20211113T1650236492_g_grd_d18
07-1-063005,-16.9806,69.979,2.11551,ch2_ohr_ncp_20190906T1246532096_d_img_d18,ch2_tmc_ncn_20220518T1459006639_g_grd_d18
07-1-063005,-16.9806,69.979,2.11551,ch2_ohr_ncp_20190906T1246532096_d_img_d18,ch2_tmc_ncn_20220609T1621036061_g_grd_d32
07-1-063006,-16.9183,70.2994,1.3866,ch2_ohr_ncp_20190906T1246532096_d_img_d18,ch2_tmc_ncn_20201126T1610528086_g_grd_d32
07-1-063006,-16.9183,70.2994,1.3866,ch2_ohr_ncp_20190906T1246532096_d_img_d18,ch2_tmc_ncn_20210514T0803114100_g_grd_d18
07-1-063006,-16.9183,70.2994,1.3866,ch2_ohr_ncp_20190906T1246532096_d_img_d18,ch2_tmc_ncn_20210514T1200279624_g_grd_d18
07-1-063006,-16.9183,70.2994,1.3866,ch2_ohr_ncp_20190906T1246532096_d_img_d18,ch2_tmc_ncn_20211113T1650236492_g_grd_d18
07-1-063006,-16.9183,70.2994,1.3866,ch2_ohr_ncp_20190906T1246532096_d_img_d18,ch2_tmc_ncn_20220518T1459006639_g_grd_d18
07-1-063008,-16.9611,70.5111,1.15359,ch2_ohr_ncp_20190906T1246532096_d_img_d18,ch2_tmc_ncn_20201126T1610528086_g_grd_d32
07-1-063008,-16.9611,70.5111,1.15359,ch2_ohr_ncp_20190906T1246532096_d_img_d18,ch2_tmc_ncn_20210514T0803114100_g_grd_d18
07-1-063008,-16.9611,70.5111,1.15359,ch2_ohr_ncp_20190906T1246532096_d_img_d18,ch2_tmc_ncn_20210514T1200279624_g_grd_d18
07-1-063008,-16.9611,70.5111,1.15359,ch2_ohr_ncp_20190906T1246532096_d_img_d18,ch2_tmc_ncn_20211113T1650236492_g_grd_d18
07-1-063008,-16.9611,70.5111,1.15359,ch2_ohr_ncp_20190906T1246532096_d_img_d18,ch2_tmc_ncn_20220518T1459006639_g_grd_d18
07-1-063009,-16.8671,70.4224,1.1883,ch2_ohr_ncp_20190906T1246532096_d_img_d18,ch2_tmc_ncn_20201126T1610528086_g_grd_d32
07-1-063009,-16.8671,70.4224,1.1883,ch2_ohr_ncp_20190906T1246532096_d_img_d18,ch2_tmc_ncn_20210514T0803114100_g_grd_d18
07-1-063009,-16.8671,70.4224,1.1883,ch2_ohr_ncp_20190906T1246532096_d_img_d18,ch2_tmc_ncn_20210514T1200279624_g_grd_d18
07-1-063009,-16.8671,70.4224,1.1883,ch2_ohr_ncp_20190906T1246532096_d_img_d18,ch2_tmc_ncn_20211113T1650236492_g_grd_d18
07-1-063009,-16.8671,70.4224,1.1883,ch2_ohr_ncp_20190906T1246532096_d_img_d18,ch2_tmc_ncn_20220518T1459006639_g_grd_d18
07-1-063013,-17.0216,70.645,1.51224,ch2_ohr_ncp_20190906T1246532096_d_img_d18,ch2_tmc_ncn_20201126T1610528086_g_grd_d32
07-1-063013,-17.0216,70.645,1.51224,ch2_ohr_ncp_20190906T1246532096_d_img_d18,ch2_tmc_ncn_20210514T0803114100_g_grd_d18
07-1-063013,-17.0216,70.645,1.51224,ch2_ohr_ncp_20190906T1246532096_d_img_d18,ch2_tmc_ncn_20210514T1200279624_g_grd_d18
07-1-063013,-17.0216,70.645,1.51224,ch2_ohr_ncp_20190906T1246532096_d_img_d18,ch2_tmc_ncn_20211113T1650236492_g_grd_d18
07-1-063013,-17.0216,70.645,1.51224,ch2_ohr_ncp_20190906T1246532096_d_img_d18,ch2_tmc_ncn_20220518T1459006639_g_grd_d18
07-1-063015,-17.1412,70.6895,1.66202,ch2_ohr_ncp_20190906T1246532096_d_img_d18,ch2_tmc_ncn_20201126T1610528086_g_grd_d32
07-1-063015,-17.1412,70.6895,1.66202,ch2_ohr_ncp_20190906T1246532096_d_img_d18,ch2_tmc_ncn_20210514T0803114100_g_grd_d18
07-1-063015,-17.1412,70.6895,1.66202,ch2_ohr_ncp_20190906T1246532096_d_img_d18,ch2_tmc_ncn_20210514T1200279624_g_grd_d18
07-1-063015,-17.1412,70.6895,1.66202,ch2_ohr_ncp_20190906T1246532096_d_img_d18,ch2_tmc_ncn_20211113T1650236492_g_grd_d18
07-1-063015,-17.1412,70.6895,1.66202,ch2_ohr_ncp_20190906T1246532096_d_img_d18,ch2_tmc_ncn_20220518T1459006639_g_grd_d18
07-1-063016,-17.0954,70.696,1.06365,ch2_ohr_ncp_20190906T1246532096_d_img_d18,ch2_tmc_ncn_20201126T1610528086_g_grd_d32
07-1-063016,-17.0954,70.696,1.06365,ch2_ohr_ncp_20190906T1246532096_d_img_d18,ch2_tmc_ncn_20210514T0803114100_g_grd_d18
07-1-063016,-17.0954,70.696,1.06365,ch2_ohr_ncp_20190906T1246532096_d_img_d18,ch2_tmc_ncn_20210514T1200279624_g_grd_d18
07-1-063016,-17.0954,70.696,1.06365,ch2_ohr_ncp_20190906T1246532096_d_img_d18,ch2_tmc_ncn_20211113T1650236492_g_grd_d18
07-1-063016,-17.0954,70.696,1.06365,ch2_ohr_ncp_20190906T1246532096_d_img_d18,ch2_tmc_ncn_20220518T1459006639_g_grd_d18
07-1-063043,-17.0439,70.0741,1.11284,ch2_ohr_ncp_20190906T1246532096_d_img_d18,ch2_tmc_ncn_20201126T1808573675_g_grd_d32
07-1-063043,-17.0439,70.0741,1.11284,ch2_ohr_ncp_20190906T1246532096_d_img_d18,ch2_tmc_ncn_20210514T0803114100_g_grd_d18
07-1-063043,-17.0439,70.0741,1.11284,ch2_ohr_ncp_20190906T1246532096_d_img_d18,ch2_tmc_ncn_20210514T1200279624_g_grd_d18
07-1-063043,-17.0439,70.0741,1.11284,ch2_ohr_ncp_20190906T1246532096_d_img_d18,ch2_tmc_ncn_20211113T1650236492_g_grd_d18
07-1-063043,-17.0439,70.0741,1.11284,ch2_ohr_ncp_20190906T1246532096_d_img_d18,ch2_tmc_ncn_20220518T1459006639_g_grd_d18
07-1-063043,-17.0439,70.0741,1.11284,ch2_ohr_ncp_20190906T1246532096_d_img_d18,ch2_tmc_ncn_20220609T1621036061_g_grd_d32
07-1-063045,-17.1282,70.0152,1.89402,ch2_ohr_ncp_20190906T1246532096_d_img_d18,ch2_tmc_ncn_20201126T1808573675_g_grd_d32
07-1-063045,-17.1282,70.0152,1.89402,ch2_ohr_ncp_20190906T1246532096_d_img_d18,ch2_tmc_ncn_20210514T0803114100_g_grd_d18
07-1-063045,-17.1282,70.0152,1.89402,ch2_ohr_ncp_20190906T1246532096_d_img_d18,ch2_tmc_ncn_20210514T1200279624_g_grd_d18
07-1-063045,-17.1282,70.0152,1.89402,ch2_ohr_ncp_20190906T1246532096_d_img_d18,ch2_tmc_ncn_20211113T1650236492_g_grd_d18
07-1-063045,-17.1282,70.0152,1.89402,ch2_ohr_ncp_20190906T1246532096_d_img_d18,ch2_tmc_ncn_20220518T1459006639_g_grd_d18
07-1-063045,-17.1282,70.0152,1.89402,ch2_ohr_ncp_20190906T1246532096_d_img_d18,ch2_tmc_ncn_20220609T1621036061_g_grd_d32
07-1-063047,-17.0527,69.8484,1.82375,ch2_ohr_ncp_20190906T1246532096_d_img_d18,ch2_tmc_ncn_20200131T1010006367_g_grd_d18
07-1-063047,-17.0527,69.8484,1.82375,ch2_ohr_ncp_20190906T1246532096_d_img_d18,ch2_tmc_ncn_20201126T1808573675_g_grd_d32
07-1-063047,-17.0527,69.8484,1.82375,ch2_ohr_ncp_20190906T1246532096_d_img_d18,ch2_tmc_ncn_20210514T0803114100_g_grd_d18
07-1-063047,-17.0527,69.8484,1.82375,ch2_ohr_ncp_20190906T1246532096_d_img_d18,ch2_tmc_ncn_20210514T1200279624_g_grd_d18
07-1-063047,-17.0527,69.8484,1.82375,ch2_ohr_ncp_20190906T1246532096_d_img_d18,ch2_tmc_ncn_20211113T1650236492_g_grd_d18
07-1-063047,-17.0527,69.8484,1.82375,ch2_ohr_ncp_20190906T1246532096_d_img_d18,ch2_tmc_ncn_20220518T1459006639_g_grd_d18
07-1-063047,-17.0527,69.8484,1.82375,ch2_ohr_ncp_20190906T1246532096_d_img_d18,ch2_tmc_ncn_20220609T1621036061_g_grd_d32
07-1-063048,-17.1323,69.8572,5.16656,ch2_ohr_ncp_20190906T1246532096_d_img_d18,ch2_tmc_ncn_20200131T1010006367_g_grd_d18
07-1-063048,-17.1323,69.8572,5.16656,ch2_ohr_ncp_20190906T1246532096_d_img_d18,ch2_tmc_ncn_20201126T1808573675_g_grd_d32
07-1-063048,-17.1323,69.8572,5.16656,ch2_ohr_ncp_20190906T1246532096_d_img_d18,ch2_tmc_ncn_20210514T0803114100_g_grd_d18
07-1-063048,-17.1323,69.8572,5.16656,ch2_ohr_ncp_20190906T1246532096_d_img_d18,ch2_tmc_ncn_20210514T1200279624_g_grd_d18
07-1-063048,-17.1323,69.8572,5.16656,ch2_ohr_ncp_20190906T1246532096_d_img_d18,ch2_tmc_ncn_20211113T1650236492_g_grd_d18
07-1-063048,-17.1323,69.8572,5.16656,ch2_ohr_ncp_20190906T1246532096_d_img_d18,ch2_tmc_ncn_20220518T1459006639_g_grd_d18
07-1-063048,-17.1323,69.8572,5.16656,ch2_ohr_ncp_20190906T1246532096_d_img_d18,ch2_tmc_ncn_20220609T1621036061_g_grd_d32
07-1-063053,-16.9757,69.7616,1.11565,ch2_ohr_ncp_20190906T1246532096_d_img_d18,ch2_tmc_ncn_20200131T1010006367_g_grd_d18
07-1-063053,-16.9757,69.7616,1.11565,ch2_ohr_ncp_20190906T1246532096_d_img_d18,ch2_tmc_ncn_20201126T1808573675_g_grd_d32
07-1-063053,-16.9757,69.7616,1.11565,ch2_ohr_ncp_20190906T1246532096_d_img_d18,ch2_tmc_ncn_20210514T0803114100_g_grd_d18
07-1-063053,-16.9757,69.7616,1.11565,ch2_ohr_ncp_20190906T1246532096_d_img_d18,ch2_tmc_ncn_20210514T1200279624_g_grd_d18
07-1-063053,-16.9757,69.7616,1.11565,ch2_ohr_ncp_20190906T1246532096_d_img_d18,ch2_tmc_ncn_20211113T1650236492_g_grd_d18
07-1-063053,-16.9757,69.7616,1.11565,ch2_ohr_ncp_20190906T1246532096_d_img_d18,ch2_tmc_ncn_20220518T1459006639_g_grd_d18
07-1-063053,-16.9757,69.7616,1.11565,ch2_ohr_ncp_20190906T1246532096_d_img_d18,ch2_tmc_ncn_20220609T1621036061_g_grd_d32
07-1-063054,-16.8777,69.7819,1.04163,ch2_ohr_ncp_20190906T1246532096_d_img_d18,ch2_tmc_ncn_20200131T1010006367_g_grd_d18
07-1-063054,-16.8777,69.7819,1.04163,ch2_ohr_ncp_20190906T1246532096_d_img_d18,ch2_tmc_ncn_20201126T1808573675_g_grd_d32
07-1-063054,-16.8777,69.7819,1.04163,ch2_ohr_ncp_20190906T1246532096_d_img_d18,ch2_tmc_ncn_20210514T0803114100_g_grd_d18
07-1-063054,-16.8777,69.7819,1.04163,ch2_ohr_ncp_20190906T1246532096_d_img_d18,ch2_tmc_ncn_20210514T1200279624_g_grd_d18
07-1-063054,-16.8777,69.7819,1.04163,ch2_ohr_ncp_20190906T1246532096_d_img_d18,ch2_tmc_ncn_20211113T1650236492_g_grd_d18
07-1-063054,-16.8777,69.7819,1.04163,ch2_ohr_ncp_20190906T1246532096_d_img_d18,ch2_tmc_ncn_20220518T1459006639_g_grd_d18
07-1-063054,-16.8777,69.7819,1.04163,ch2_ohr_ncp_20190906T1246532096_d_img_d18,ch2_tmc_ncn_20220609T1621036061_g_grd_d32
07-1-063057,-16.7316,69.7189,1.04071,ch2_ohr_ncp_20190906T1246532096_d_img_d18,ch2_tmc_ncn_20200131T1010006367_g_grd_d18
07-1-063057,-16.7316,69.7189,1.04071,ch2_ohr_ncp_20190906T1246532096_d_img_d18,ch2_tmc_ncn_20201126T1808573675_g_grd_d32
07-1-063057,-16.7316,69.7189,1.04071,ch2_ohr_ncp_20190906T1246532096_d_img_d18,ch2_tmc_ncn_20210514T0803114100_g_grd_d18
07-1-063057,-16.7316,69.7189,1.04071,ch2_ohr_ncp_20190906T1246532096_d_img_d18,ch2_tmc_ncn_20210514T1200279624_g_grd_d18
07-1-063057,-16.7316,69.7189,1.04071,ch2_ohr_ncp_20190906T1246532096_d_img_d18,ch2_tmc_ncn_20211113T1650236492_g_grd_d18
07-1-063057,-16.7316,69.7189,1.04071,ch2_ohr_ncp_20190906T1246532096_d_img_d18,ch2_tmc_ncn_20220518T1459006639_g_grd_d18
07-1-063057,-16.7316,69.7189,1.04071,ch2_ohr_ncp_20190906T1246532096_d_img_d18,ch2_tmc_ncn_20220609T1621036061_g_grd_d32
07-1-063058,-16.7316,69.6527,1.83322,ch2_ohr_ncp_20190906T1246532096_d_img_d18,ch2_tmc_ncn_20200131T1010006367_g_grd_d18
07-1-063058,-16.7316,69.6527,1.83322,ch2_ohr_ncp_20190906T1246532096_d_img_d18,ch2_tmc_ncn_20201126T1808573675_g_grd_d32
07-1-063058,-16.7316,69.6527,1.83322,ch2_ohr_ncp_20190906T1246532096_d_img_d18,ch2_tmc_ncn_20210514T0803114100_g_grd_d18
07-1-063058,-16.7316,69.6527,1.83322,ch2_ohr_ncp_20190906T1246532096_d_img_d18,ch2_tmc_ncn_20210514T1200279624_g_grd_d18
07-1-063058,-16.7316,69.6527,1.83322,ch2_ohr_ncp_20190906T1246532096_d_img_d18,ch2_tmc_ncn_20211113T1650236492_g_grd_d18
07-1-063058,-16.7316,69.6527,1.83322,ch2_ohr_ncp_20190906T1246532096_d_img_d18,ch2_tmc_ncn_20220518T1459006639_g_grd_d18
07-1-063058,-16.7316,69.6527,1.83322,ch2_ohr_ncp_20190906T1246532096_d_img_d18,ch2_tmc_ncn_20220609T1621036061_g_grd_d32
07-1-063059,-16.7749,69.6225,2.14191,ch2_ohr_ncp_20190906T1246532096_d_img_d18,ch2_tmc_ncn_20200131T1010006367_g_grd_d18
07-1-063059,-16.7749,69.6225,2.14191,ch2_ohr_ncp_20190906T1246532096_d_img_d18,ch2_tmc_ncn_20201126T1808573675_g_grd_d32
07-1-063059,-16.7749,69.6225,2.14191,ch2_ohr_ncp_20190906T1246532096_d_img_d18,ch2_tmc_ncn_20210514T0803114100_g_grd_d18
07-1-063059,-16.7749,69.6225,2.14191,ch2_ohr_ncp_20190906T1246532096_d_img_d18,ch2_tmc_ncn_20210514T1200279624_g_grd_d18
07-1-063059,-16.7749,69.6225,2.14191,ch2_ohr_ncp_20190906T1246532096_d_img_d18,ch2_tmc_ncn_20211113T1650236492_g_grd_d18
07-1-063059,-16.7749,69.6225,2.14191,ch2_ohr_ncp_20190906T1246532096_d_img_d18,ch2_tmc_ncn_20220518T1459006639_g_grd_d18
07-1-063059,-16.7749,69.6225,2.14191,ch2_ohr_ncp_20190906T1246532096_d_img_d18,ch2_tmc_ncn_20220609T1621036061_g_grd_d32
07-1-063061,-16.9184,69.6874,1.1833,ch2_ohr_ncp_20190906T1246532096_d_img_d18,ch2_tmc_ncn_20200131T1010006367_g_grd_d18
07-1-063061,-16.9184,69.6874,1.1833,ch2_ohr_ncp_20190906T1246532096_d_img_d18,ch2_tmc_ncn_20201126T1808573675_g_grd_d32
07-1-063061,-16.9184,69.6874,1.1833,ch2_ohr_ncp_20190906T1246532096_d_img_d18,ch2_tmc_ncn_20210514T0803114100_g_grd_d18
07-1-063061,-16.9184,69.6874,1.1833,ch2_ohr_ncp_20190906T1246532096_d_img_d18,ch2_tmc_ncn_20210514T1200279624_g_grd_d18
07-1-063061,-16.9184,69.6874,1.1833,ch2_ohr_ncp_20190906T1246532096_d_img_d18,ch2_tmc_ncn_20211113T1650236492_g_grd_d18
07-1-063061,-16.9184,69.6874,1.1833,ch2_ohr_ncp_20190906T1246532096_d_img_d18,ch2_tmc_ncn_20220518T1459006639_g_grd_d18
07-1-063061,-16.9184,69.6874,1.1833,ch2_ohr_ncp_20190906T1246532096_d_img_d18,ch2_tmc_ncn_20220609T1621036061_g_grd_d32
07-1-063062,-17.0238,69.6567,1.28399,ch2_ohr_ncp_20190906T1246532096_d_img_d18,ch2_tmc_ncn_20200131T1010006367_g_grd_d18
07-1-063062,-17.0238,69.6567,1.28399,ch2_ohr_ncp_20190906T1246532096_d_img_d18,ch2_tmc_ncn_20201126T1808573675_g_grd_d32
07-1-063062,-17.0238,69.6567,1.28399,ch2_ohr_ncp_20190906T1246532096_d_img_d18,ch2_tmc_ncn_20210514T0803114100_g_grd_d18
07-1-063062,-17.0238,69.6567,1.28399,ch2_ohr_ncp_20190906T1246532096_d_img_d18,ch2_tmc_ncn_20210514T1200279624_g_grd_d18
07-1-063062,-17.0238,69.6567,1.28399,ch2_ohr_ncp_20190906T1246532096_d_img_d18,ch2_tmc_ncn_20211113T1650236492_g_grd_d18
07-1-063062,-17.0238,69.6567,1.28399,ch2_ohr_ncp_20190906T1246532096_d_img_d18,ch2_tmc_ncn_20220518T1459006639_g_grd_d18
07-1-063062,-17.0238,69.6567,1.28399,ch2_ohr_ncp_20190906T1246532096_d_img_d18,ch2_tmc_ncn_20220609T1621036061_g_grd_d32
07-1-063142,-16.7429,69.2165,1.16977,ch2_ohr_ncp_20190906T1246532096_d_img_d18,ch2_tmc_ncn_20200104T0343214194_g_grd_gds
07-1-063142,-16.7429,69.2165,1.16977,ch2_ohr_ncp_20190906T1246532096_d_img_d18,ch2_tmc_ncn_20200131T1010006367_g_grd_d18
07-1-063142,-16.7429,69.2165,1.16977,ch2_ohr_ncp_20190906T1246532096_d_img_d18,ch2_tmc_ncn_20201126T1808573675_g_grd_d32
07-1-063142,-16.7429,69.2165,1.16977,ch2_ohr_ncp_20190906T1246532096_d_img_d18,ch2_tmc_ncn_20210514T0803114100_g_grd_d18
07-1-063142,-16.7429,69.2165,1.16977,ch2_ohr_ncp_20190906T1246532096_d_img_d18,ch2_tmc_ncn_20210514T1200279624_g_grd_d18
07-1-063142,-16.7429,69.2165,1.16977,ch2_ohr_ncp_20190906T1246532096_d_img_d18,ch2_tmc_ncn_20211113T1650236492_g_grd_d18
07-1-063142,-16.7429,69.2165,1.16977,ch2_ohr_ncp_20190906T1246532096_d_img_d18,ch2_tmc_ncn_20220518T1459006639_g_grd_d18
07-1-063142,-16.7429,69.2165,1.16977,ch2_ohr_ncp_20190906T1246532096_d_img_d18,ch2_tmc_ncn_20220609T1621036061_g_grd_d32
07-1-063143,-16.8126,69.1978,1.8336,ch2_ohr_ncp_20190906T1246532096_d_img_d18,ch2_tmc_ncn_20200104T0343214194_g_grd_gds
07-1-063143,-16.8126,69.1978,1.8336,ch2_ohr_ncp_20190906T1246532096_d_img_d18,ch2_tmc_ncn_20200131T1010006367_g_grd_d18
07-1-063143,-16.8126,69.1978,1.8336,ch2_ohr_ncp_20190906T1246532096_d_img_d18,ch2_tmc_ncn_20201126T1808573675_g_grd_d32
07-1-063143,-16.8126,69.1978,1.8336,ch2_ohr_ncp_20190906T1246532096_d_img_d18,ch2_tmc_ncn_20210514T0803114100_g_grd_d18
07-1-063143,-16.8126,69.1978,1.8336,ch2_ohr_ncp_20190906T1246532096_d_img_d18,ch2_tmc_ncn_20210514T1200279624_g_grd_d18
07-1-063143,-16.8126,69.1978,1.8336,ch2_ohr_ncp_20190906T1246532096_d_img_d18,ch2_tmc_ncn_20211113T1650236492_g_grd_d18
07-1-063143,-16.8126,69.1978,1.8336,ch2_ohr_ncp_20190906T1246532096_d_img_d18,ch2_tmc_ncn_20220518T1459006639_g_grd_d18
07-1-063143,-16.8126,69.1978,1.8336,ch2_ohr_ncp_20190906T1246532096_d_img_d18,ch2_tmc_ncn_20220609T1621036061_g_grd_d32
07-1-063144,-16.6477,69.7267,2.66922,ch2_ohr_ncp_20190906T1246532096_d_img_d18,ch2_tmc_ncn_20200131T1010006367_g_grd_d18
07-1-063144,-16.6477,69.7267,2.66922,ch2_ohr_ncp_20190906T1246532096_d_img_d18,ch2_tmc_ncn_20201126T1808573675_g_grd_d32
07-1-063144,-16.6477,69.7267,2.66922,ch2_ohr_ncp_20190906T1246532096_d_img_d18,ch2_tmc_ncn_20210514T0803114100_g_grd_d18
07-1-063144,-16.6477,69.7267,2.66922,ch2_ohr_ncp_20190906T1246532096_d_img_d18,ch2_tmc_ncn_20210514T1200279624_g_grd_d18
07-1-063144,-16.6477,69.7267,2.66922,ch2_ohr_ncp_20190906T1246532096_d_img_d18,ch2_tmc_ncn_20211113T1650236492_g_grd_d18
07-1-063144,-16.6477,69.7267,2.66922,ch2_ohr_ncp_20190906T1246532096_d_img_d18,ch2_tmc_ncn_20220518T1459006639_g_grd_d18
07-1-063144,-16.6477,69.7267,2.66922,ch2_ohr_ncp_20190906T1246532096_d_img_d18,ch2_tmc_ncn_20220609T1621036061_g_grd_d32
07-1-063145,-16.6509,69.6612,1.08712,ch2_ohr_ncp_20190906T1246532096_d_img_d18,ch2_tmc_ncn_20200131T1010006367_g_grd_d18
07-1-063145,-16.6509,69.6612,1.08712,ch2_ohr_ncp_20190906T1246532096_d_img_d18,ch2_tmc_ncn_20201126T1808573675_g_grd_d32
07-1-063145,-16.6509,69.6612,1.08712,ch2_ohr_ncp_20190906T1246532096_d_img_d18,ch2_tmc_ncn_20210514T0803114100_g_grd_d18
07-1-063145,-16.6509,69.6612,1.08712,ch2_ohr_ncp_20190906T1246532096_d_img_d18,ch2_tmc_ncn_20210514T1200279624_g_grd_d18
07-1-063145,-16.6509,69.6612,1.08712,ch2_ohr_ncp_20190906T1246532096_d_img_d18,ch2_tmc_ncn_20211113T1650236492_g_grd_d18
07-1-063145,-16.6509,69.6612,1.08712,ch2_ohr_ncp_20190906T1246532096_d_img_d18,ch2_tmc_ncn_20220518T1459006639_g_grd_d18
07-1-063145,-16.6509,69.6612,1.08712,ch2_ohr_ncp_20190906T1246532096_d_img_d18,ch2_tmc_ncn_20220609T1621036061_g_grd_d32
07-1-063146,-16.6149,69.6272,2.47282,ch2_ohr_ncp_20190906T1246532096_d_img_d18,ch2_tmc_ncn_20200131T1010006367_g_grd_d18
07-1-063146,-16.6149,69.6272,2.47282,ch2_ohr_ncp_20190906T1246532096_d_img_d18,ch2_tmc_ncn_20201126T1808573675_g_grd_d32
07-1-063146,-16.6149,69.6272,2.47282,ch2_ohr_ncp_20190906T1246532096_d_img_d18,ch2_tmc_ncn_20210514T0803114100_g_grd_d18
07-1-063146,-16.6149,69.6272,2.47282,ch2_ohr_ncp_20190906T1246532096_d_img_d18,ch2_tmc_ncn_20210514T1200279624_g_grd_d18
07-1-063146,-16.6149,69.6272,2.47282,ch2_ohr_ncp_20190906T1246532096_d_img_d18,ch2_tmc_ncn_20211113T1650236492_g_grd_d18
07-1-063146,-16.6149,69.6272,2.47282,ch2_ohr_ncp_20190906T1246532096_d_img_d18,ch2_tmc_ncn_20220518T1459006639_g_grd_d18
07-1-063146,-16.6149,69.6272,2.47282,ch2_ohr_ncp_20190906T1246532096_d_img_d18,ch2_tmc_ncn_20220609T1621036061_g_grd_d32
07-1-063147,-16.5567,69.6837,2.68449,ch2_ohr_ncp_20190906T1246532096_d_img_d18,ch2_tmc_ncn_20200131T1010006367_g_grd_d18
07-1-063147,-16.5567,69.6837,2.68449,ch2_ohr_ncp_20190906T1246532096_d_img_d18,ch2_tmc_ncn_20201126T1808573675_g_grd_d32
07-1-063147,-16.5567,69.6837,2.68449,ch2_ohr_ncp_20190906T1246532096_d_img_d18,ch2_tmc_ncn_20210514T0803114100_g_grd_d18
07-1-063147,-16.5567,69.6837,2.68449,ch2_ohr_ncp_20190906T1246532096_d_img_d18,ch2_tmc_ncn_20210514T1200279624_g_grd_d18
07-1-063147,-16.5567,69.6837,2.68449,ch2_ohr_ncp_20190906T1246532096_d_img_d18,ch2_tmc_ncn_20211113T1650236492_g_grd_d18
07-1-063147,-16.5567,69.6837,2.68449,ch2_ohr_ncp_20190906T1246532096_d_img_d18,ch2_tmc_ncn_20220518T1459006639_g_grd_d18
07-1-063147,-16.5567,69.6837,2.68449,ch2_ohr_ncp_20190906T1246532096_d_img_d18,ch2_tmc_ncn_20220609T1621036061_g_grd_d32
07-1-063149,-16.4395,70.0788,1.51192,ch2_ohr_ncp_20190906T1246532096_d_img_d18,ch2_tmc_ncn_20201126T1808573675_g_grd_d32
07-1-063149,-16.4395,70.0788,1.51192,ch2_ohr_ncp_20190906T1246532096_d_img_d18,ch2_tmc_ncn_20210514T0803114100_g_grd_d18
07-1-063149,-16.4395,70.0788,1.51192,ch2_ohr_ncp_20190906T1246532096_d_img_d18,ch2_tmc_ncn_20210514T1200279624_g_grd_d18
07-1-063149,-16.4395,70.0788,1.51192,ch2_ohr_ncp_20190906T1246532096_d_img_d18,ch2_tmc_ncn_20211113T1650236492_g_grd_d18
07-1-063149,-16.4395,70.0788,1.51192,ch2_ohr_ncp_20190906T1246532096_d_img_d18,ch2_tmc_ncn_20220518T1459006639_g_grd_d18
07-1-063149,-16.4395,70.0788,1.51192,ch2_ohr_ncp_20190906T1246532096_d_img_d18,ch2_tmc_ncn_20220609T1621036061_g_grd_d32
07-1-063150,-16.5561,69.7867,1.49369,ch2_ohr_ncp_20190906T1246532096_d_img_d18,ch2_tmc_ncn_20200131T1010006367_g_grd_d18
07-1-063150,-16.5561,69.7867,1.49369,ch2_ohr_ncp_20190906T1246532096_d_img_d18,ch2_tmc_ncn_20201126T1808573675_g_grd_d32
07-1-063150,-16.5561,69.7867,1.49369,ch2_ohr_ncp_20190906T1246532096_d_img_d18,ch2_tmc_ncn_20210514T0803114100_g_grd_d18
07-1-063150,-16.5561,69.7867,1.49369,ch2_ohr_ncp_20190906T1246532096_d_img_d18,ch2_tmc_ncn_20210514T1200279624_g_grd_d18
07-1-063150,-16.5561,69.7867,1.49369,ch2_ohr_ncp_20190906T1246532096_d_img_d18,ch2_tmc_ncn_20211113T1650236492_g_grd_d18
07-1-063150,-16.5561,69.7867,1.49369,ch2_ohr_ncp_20190906T1246532096_d_img_d18,ch2_tmc_ncn_20220518T1459006639_g_grd_d18
07-1-063150,-16.5561,69.7867,1.49369,ch2_ohr_ncp_20190906T1246532096_d_img_d18,ch2_tmc_ncn_20220609T1621036061_g_grd_d32
07-1-063151,-16.601,69.7388,1.16498,ch2_ohr_ncp_20190906T1246532096_d_img_d18,ch2_tmc_ncn_20200131T1010006367_g_grd_d18
07-1-063151,-16.601,69.7388,1.16498,ch2_ohr_ncp_20190906T1246532096_d_img_d18,ch2_tmc_ncn_20201126T1808573675_g_grd_d32
07-1-063151,-16.601,69.7388,1.16498,ch2_ohr_ncp_20190906T1246532096_d_img_d18,ch2_tmc_ncn_20210514T0803114100_g_grd_d18
07-1-063151,-16.601,69.7388,1.16498,ch2_ohr_ncp_20190906T1246532096_d_img_d18,ch2_tmc_ncn_20210514T1200279624_g_grd_d18
07-1-063151,-16.601,69.7388,1.16498,ch2_ohr_ncp_20190906T1246532096_d_img_d18,ch2_tmc_ncn_20211113T1650236492_g_grd_d18
07-1-063151,-16.601,69.7388,1.16498,ch2_ohr_ncp_20190906T1246532096_d_img_d18,ch2_tmc_ncn_20220518T1459006639_g_grd_d18
07-1-063151,-16.601,69.7388,1.16498,ch2_ohr_ncp_20190906T1246532096_d_img_d18,ch2_tmc_ncn_20220609T1621036061_g_grd_d32
07-1-063154,-16.801,69.3872,1.15388,ch2_ohr_ncp_20190906T1246532096_d_img_d18,ch2_tmc_ncn_20200104T0343214194_g_grd_gds
07-1-063154,-16.801,69.3872,1.15388,ch2_ohr_ncp_20190906T1246532096_d_img_d18,ch2_tmc_ncn_20200131T1010006367_g_grd_d18
07-1-063154,-16.801,69.3872,1.15388,ch2_ohr_ncp_20190906T1246532096_d_img_d18,ch2_tmc_ncn_20201126T1808573675_g_grd_d32
07-1-063154,-16.801,69.3872,1.15388,ch2_ohr_ncp_20190906T1246532096_d_img_d18,ch2_tmc_ncn_20210514T0803114100_g_grd_d18
07-1-063154,-16.801,69.3872,1.15388,ch2_ohr_ncp_20190906T1246532096_d_img_d18,ch2_tmc_ncn_20210514T1200279624_g_grd_d18
07-1-063154,-16.801,69.3872,1.15388,ch2_ohr_ncp_20190906T1246532096_d_img_d18,ch2_tmc_ncn_20211113T1650236492_g_grd_d18
07-1-063154,-16.801,69.3872,1.15388,ch2_ohr_ncp_20190906T1246532096_d_img_d18,ch2_tmc_ncn_20220518T1459006639_g_grd_d18
07-1-063154,-16.801,69.3872,1.15388,ch2_ohr_ncp_20190906T1246532096_d_img_d18,ch2_tmc_ncn_20220609T1621036061_g_grd_d32
07-1-063155,-16.7103,69.5659,3.51728,ch2_ohr_ncp_20190906T1246532096_d_img_d18,ch2_tmc_ncn_20200104T0343214194_g_grd_gds
07-1-063155,-16.7103,69.5659,3.51728,ch2_ohr_ncp_20190906T1246532096_d_img_d18,ch2_tmc_ncn_20200131T1010006367_g_grd_d18
07-1-063155,-16.7103,69.5659,3.51728,ch2_ohr_ncp_20190906T1246532096_d_img_d18,ch2_tmc_ncn_20201126T1808573675_g_grd_d32
07-1-063155,-16.7103,69.5659,3.51728,ch2_ohr_ncp_20190906T1246532096_d_img_d18,ch2_tmc_ncn_20210514T0803114100_g_grd_d18
07-1-063155,-16.7103,69.5659,3.51728,ch2_ohr_ncp_20190906T1246532096_d_img_d18,ch2_tmc_ncn_20210514T1200279624_g_grd_d18
07-1-063155,-16.7103,69.5659,3.51728,ch2_ohr_ncp_20190906T1246532096_d_img_d18,ch2_tmc_ncn_20211113T1650236492_g_grd_d18
07-1-063155,-16.7103,69.5659,3.51728,ch2_ohr_ncp_20190906T1246532096_d_img_d18,ch2_tmc_ncn_20220518T1459006639_g_grd_d18
07-1-063155,-16.7103,69.5659,3.51728,ch2_ohr_ncp_20190906T1246532096_d_img_d18,ch2_tmc_ncn_20220609T1621036061_g_grd_d32
07-1-063157,-17.063,69.1965,1.43712,ch2_ohr_ncp_20190906T1246532096_d_img_d18,ch2_tmc_ncn_20200104T0343214194_g_grd_gds
07-1-063157,-17.063,69.1965,1.43712,ch2_ohr_ncp_20190906T1246532096_d_img_d18,ch2_tmc_ncn_20200131T1010006367_g_grd_d18
07-1-063157,-17.063,69.1965,1.43712,ch2_ohr_ncp_20190906T1246532096_d_img_d18,ch2_tmc_ncn_20201126T1808573675_g_grd_d32
07-1-063157,-17.063,69.1965,1.43712,ch2_ohr_ncp_20190906T1246532096_d_img_d18,ch2_tmc_ncn_20210514T0803114100_g_grd_d18
07-1-063157,-17.063,69.1965,1.43712,ch2_ohr_ncp_20190906T1246532096_d_img_d18,ch2_tmc_ncn_20210514T1200279624_g_grd_d18
07-1-063157,-17.063,69.1965,1.43712,ch2_ohr_ncp_20190906T1246532096_d_img_d18,ch2_tmc_ncn_20211113T1650236492_g_grd_d18
07-1-063157,-17.063,69.1965,1.43712,ch2_ohr_ncp_20190906T1246532096_d_img_d18,ch2_tmc_ncn_20220518T1459006639_g_grd_d18
07-1-063157,-17.063,69.1965,1.43712,ch2_ohr_ncp_20190906T1246532096_d_img_d18,ch2_tmc_ncn_20220609T1621036061_g_grd_d32
07-2-001523,-15.9519,69.5775,3.03564,ch2_ohr_ncp_20190906T1246532096_d_img_d18,ch2_tmc_ncn_20200104T0343214194_g_grd_gds
07-2-001523,-15.9519,69.5775,3.03564,ch2_ohr_ncp_20190906T1246532096_d_img_d18,ch2_tmc_ncn_20200131T1010006367_g_grd_d18
07-2-001523,-15.9519,69.5775,3.03564,ch2_ohr_ncp_20190906T1246532096_d_img_d18,ch2_tmc_ncn_20201126T1808573675_g_grd_d32
07-2-001523,-15.9519,69.5775,3.03564,ch2_ohr_ncp_20190906T1246532096_d_img_d18,ch2_tmc_ncn_20210514T0803114100_g_grd_d18
07-2-001523,-15.9519,69.5775,3.03564,ch2_ohr_ncp_20190906T1246532096_d_img_d18,ch2_tmc_ncn_20210514T1200279624_g_grd_d18
07-2-001523,-15.9519,69.5775,3.03564,ch2_ohr_ncp_20190906T1246532096_d_img_d18,ch2_tmc_ncn_20211113T1650236492_g_grd_d18
07-2-001523,-15.9519,69.5775,3.03564,ch2_ohr_ncp_20190906T1246532096_d_img_d18,ch2_tmc_ncn_20220518T1459006639_g_grd_d18
07-2-001523,-15.9519,69.5775,3.03564,ch2_ohr_ncp_20190906T1246532096_d_img_d18,ch2_tmc_ncn_20220609T1621036061_g_grd_d32
07-2-001524,-15.8208,70.1122,2.07944,ch2_ohr_ncp_20190906T1246532096_d_img_d18,ch2_tmc_ncn_20201126T1808573675_g_grd_d32
07-2-001524,-15.8208,70.1122,2.07944,ch2_ohr_ncp_20190906T1246532096_d_img_d18,ch2_tmc_ncn_20210514T0803114100_g_grd_d18
07-2-001524,-15.8208,70.1122,2.07944,ch2_ohr_ncp_20190906T1246532096_d_img_d18,ch2_tmc_ncn_20210514T1200279624_g_grd_d18
07-2-001524,-15.8208,70.1122,2.07944,ch2_ohr_ncp_20190906T1246532096_d_img_d18,ch2_tmc_ncn_20211113T1650236492_g_grd_d18
07-2-001524,-15.8208,70.1122,2.07944,ch2_ohr_ncp_20190906T1246532096_d_img_d18,ch2_tmc_ncn_20220518T1459006639_g_grd_d18
07-2-001524,-15.8208,70.1122,2.07944,ch2_ohr_ncp_20190906T1246532096_d_img_d18,ch2_tmc_ncn_20220609T1621036061_g_grd_d32
10-1-052595,-74.1431,43.8388,2.89442,ch2_ohr_ncp_20200229T0739312111_d_img_d18,ch2_tmc_ncn_20210528T2116056144_g_grd_d18
10-1-052595,-74.1431,43.8388,2.89442,ch2_ohr_ncp_20200229T0739312111_d_img_d18,ch2_tmc_ncn_20211113T1650236492_g_grd_d18
10-1-052595,-74.1431,43.8388,2.89442,ch2_ohr_ncp_20200229T0739312111_d_img_d18,ch2_tmc_ncn_20220112T1102281958_g_grd_d32
10-1-052595,-74.1431,43.8388,2.89442,ch2_ohr_ncp_20200229T0739312111_d_img_d18,ch2_tmc_ncn_20220112T1300186367_g_grd_d32
10-1-052595,-74.1431,43.8388,2.89442,ch2_ohr_ncp_20200229T0739312111_d_img_d18,ch2_tmc_ncn_20220112T1458093645_g_grd_d32
10-1-052595,-74.1431,43.8388,2.89442,ch2_ohr_ncp_20200229T0739312111_d_img_d18,ch2_tmc_ncn_20220114T1405515898_g_grd_d32
10-1-052595,-74.1431,43.8388,2.89442,ch2_ohr_ncp_20200229T0739312111_d_img_d18,ch2_tmc_ncn_20220126T0105091944_g_grd_d18
10-1-052595,-74.1431,43.8388,2.89442,ch2_ohr_ncp_20200229T0739312111_d_img_d18,ch2_tmc_ncn_20220126T0302597871_g_grd_d18
10-1-052595,-74.1431,43.8388,2.89442,ch2_ohr_ncp_20200229T0739312111_d_img_d18,ch2_tmc_ncn_20220126T2241288791_g_grd_d18
10-1-052595,-74.1431,43.8388,2.89442,ch2_ohr_ncp_20200229T0739312111_d_img_d18,ch2_tmc_ncn_20220127T0039185733_g_grd_d18
10-1-052595,-74.1431,43.8388,2.89442,ch2_ohr_ncp_20200229T0739312111_d_img_d18,ch2_tmc_ncn_20220127T0237112157_g_grd_d18
10-1-052595,-74.1431,43.8388,2.89442,ch2_ohr_ncp_20200229T0739312111_d_img_d18,ch2_tmc_ncn_20220127T0434599637_g_grd_d18
10-1-052595,-74.1431,43.8388,2.89442,ch2_ohr_ncp_20200229T0739312111_d_img_d18,ch2_tmc_ncn_20220127T2215296303_g_grd_d18
10-1-052595,-74.1431,43.8388,2.89442,ch2_ohr_ncp_20200229T0739312111_d_img_d18,ch2_tmc_ncn_20220128T0409055907_g_grd_d18
10-1-052595,-74.1431,43.8388,2.89442,ch2_ohr_ncp_20200229T0739312111_d_img_d18,ch2_tmc_ncn_20220129T0541079533_g_grd_d18
10-1-052597,-74.3335,43.3806,6.27463,ch2_ohr_ncp_20200229T0739312111_d_img_d18,ch2_tmc_ncn_20210528T2116056144_g_grd_d18
10-1-052597,-74.3335,43.3806,6.27463,ch2_ohr_ncp_20200229T0739312111_d_img_d18,ch2_tmc_ncn_20211113T1650236492_g_grd_d18
10-1-052597,-74.3335,43.3806,6.27463,ch2_ohr_ncp_20200229T0739312111_d_img_d18,ch2_tmc_ncn_20220112T1102281958_g_grd_d32
10-1-052597,-74.3335,43.3806,6.27463,ch2_ohr_ncp_20200229T0739312111_d_img_d18,ch2_tmc_ncn_20220112T1300186367_g_grd_d32
10-1-052597,-74.3335,43.3806,6.27463,ch2_ohr_ncp_20200229T0739312111_d_img_d18,ch2_tmc_ncn_20220112T1458093645_g_grd_d32
10-1-052597,-74.3335,43.3806,6.27463,ch2_ohr_ncp_20200229T0739312111_d_img_d18,ch2_tmc_ncn_20220114T1405515898_g_grd_d32
10-1-052597,-74.3335,43.3806,6.27463,ch2_ohr_ncp_20200229T0739312111_d_img_d18,ch2_tmc_ncn_20220126T0302597871_g_grd_d18
10-1-052597,-74.3335,43.3806,6.27463,ch2_ohr_ncp_20200229T0739312111_d_img_d18,ch2_tmc_ncn_20220126T2241288791_g_grd_d18
10-1-052597,-74.3335,43.3806,6.27463,ch2_ohr_ncp_20200229T0739312111_d_img_d18,ch2_tmc_ncn_20220127T0039185733_g_grd_d18
10-1-052597,-74.3335,43.3806,6.27463,ch2_ohr_ncp_20200229T0739312111_d_img_d18,ch2_tmc_ncn_20220127T0237112157_g_grd_d18
10-1-052597,-74.3335,43.3806,6.27463,ch2_ohr_ncp_20200229T0739312111_d_img_d18,ch2_tmc_ncn_20220127T0434599637_g_grd_d18
10-1-052597,-74.3335,43.3806,6.27463,ch2_ohr_ncp_20200229T0739312111_d_img_d18,ch2_tmc_ncn_20220127T2215296303_g_grd_d18
10-1-052597,-74.3335,43.3806,6.27463,ch2_ohr_ncp_20200229T0739312111_d_img_d18,ch2_tmc_ncn_20220128T0409055907_g_grd_d18
10-1-052597,-74.3335,43.3806,6.27463,ch2_ohr_ncp_20200229T0739312111_d_img_d18,ch2_tmc_ncn_20220129T0541079533_g_grd_d18
10-1-052604,-74.0273,43.3737,1.5987,ch2_ohr_ncp_20200229T0739312111_d_img_d18,ch2_tmc_ncn_20210528T2116056144_g_grd_d18
10-1-052604,-74.0273,43.3737,1.5987,ch2_ohr_ncp_20200229T0739312111_d_img_d18,ch2_tmc_ncn_20211113T1650236492_g_grd_d18
10-1-052604,-74.0273,43.3737,1.5987,ch2_ohr_ncp_20200229T0739312111_d_img_d18,ch2_tmc_ncn_20220112T1102281958_g_grd_d32
10-1-052604,-74.0273,43.3737,1.5987,ch2_ohr_ncp_20200229T0739312111_d_img_d18,ch2_tmc_ncn_20220112T1300186367_g_grd_d32
10-1-052604,-74.0273,43.3737,1.5987,ch2_ohr_ncp_20200229T0739312111_d_img_d18,ch2_tmc_ncn_20220112T1458093645_g_grd_d32
10-1-052604,-74.0273,43.3737,1.5987,ch2_ohr_ncp_20200229T0739312111_d_img_d18,ch2_tmc_ncn_20220114T1405515898_g_grd_d32
10-1-052604,-74.0273,43.3737,1.5987,ch2_ohr_ncp_20200229T0739312111_d_img_d18,ch2_tmc_ncn_20220126T0302597871_g_grd_d18
10-1-052604,-74.0273,43.3737,1.5987,ch2_ohr_ncp_20200229T0739312111_d_img_d18,ch2_tmc_ncn_20220126T2241288791_g_grd_d18
10-1-052604,-74.0273,43.3737,1.5987,ch2_ohr_ncp_20200229T0739312111_d_img_d18,ch2_tmc_ncn_20220127T0039185733_g_grd_d18
10-1-052604,-74.0273,43.3737,1.5987,ch2_ohr_ncp_20200229T0739312111_d_img_d18,ch2_tmc_ncn_20220127T0237112157_g_grd_d18
10-1-052604,-74.0273,43.3737,1.5987,ch2_ohr_ncp_20200229T0739312111_d_img_d18,ch2_tmc_ncn_20220127T0434599637_g_grd_d18
10-1-052604,-74.0273,43.3737,1.5987,ch2_ohr_ncp_20200229T0739312111_d_img_d18,ch2_tmc_ncn_20220127T2215296303_g_grd_d18
10-1-052604,-74.0273,43.3737,1.5987,ch2_ohr_ncp_20200229T0739312111_d_img_d18,ch2_tmc_ncn_20220128T0409055907_g_grd_d18
10-1-052604,-74.0273,43.3737,1.5987,ch2_ohr_ncp_20200229T0739312111_d_img_d18,ch2_tmc_ncn_20220129T0541079533_g_grd_d18
10-1-052605,-74.0066,43.8458,1.33712,ch2_ohr_ncp_20200229T0739312111_d_img_d18,ch2_tmc_ncn_20210528T2116056144_g_grd_d18
10-1-052605,-74.0066,43.8458,1.33712,ch2_ohr_ncp_20200229T0739312111_d_img_d18,ch2_tmc_ncn_20211113T1650236492_g_grd_d18
10-1-052605,-74.0066,43.8458,1.33712,ch2_ohr_ncp_20200229T0739312111_d_img_d18,ch2_tmc_ncn_20220112T1102281958_g_grd_d32
10-1-052605,-74.0066,43.8458,1.33712,ch2_ohr_ncp_20200229T0739312111_d_img_d18,ch2_tmc_ncn_20220112T1300186367_g_grd_d32
10-1-052605,-74.0066,43.8458,1.33712,ch2_ohr_ncp_20200229T0739312111_d_img_d18,ch2_tmc_ncn_20220112T1458093645_g_grd_d32
10-1-052605,-74.0066,43.8458,1.33712,ch2_ohr_ncp_20200229T0739312111_d_img_d18,ch2_tmc_ncn_20220114T1405515898_g_grd_d32
10-1-052605,-74.0066,43.8458,1.33712,ch2_ohr_ncp_20200229T0739312111_d_img_d18,ch2_tmc_ncn_20220126T0105091944_g_grd_d18
10-1-052605,-74.0066,43.8458,1.33712,ch2_ohr_ncp_20200229T0739312111_d_img_d18,ch2_tmc_ncn_20220126T0302597871_g_grd_d18
10-1-052605,-74.0066,43.8458,1.33712,ch2_ohr_ncp_20200229T0739312111_d_img_d18,ch2_tmc_ncn_20220126T2241288791_g_grd_d18
10-1-052605,-74.0066,43.8458,1.33712,ch2_ohr_ncp_20200229T0739312111_d_img_d18,ch2_tmc_ncn_20220127T0039185733_g_grd_d18
10-1-052605,-74.0066,43.8458,1.33712,ch2_ohr_ncp_20200229T0739312111_d_img_d18,ch2_tmc_ncn_20220127T0237112157_g_grd_d18
10-1-052605,-74.0066,43.8458,1.33712,ch2_ohr_ncp_20200229T0739312111_d_img_d18,ch2_tmc_ncn_20220127T0434599637_g_grd_d18
10-1-052605,-74.0066,43.8458,1.33712,ch2_ohr_ncp_20200229T0739312111_d_img_d18,ch2_tmc_ncn_20220127T2215296303_g_grd_d18
10-1-052605,-74.0066,43.8458,1.33712,ch2_ohr_ncp_20200229T0739312111_d_img_d18,ch2_tmc_ncn_20220128T0409055907_g_grd_d18
10-1-052605,-74.0066,43.8458,1.33712,ch2_ohr_ncp_20200229T0739312111_d_img_d18,ch2_tmc_ncn_20220129T0541079533_g_grd_d18
10-1-050961,-73.4697,42.5755,1.52374,ch2_ohr_ncp_20200229T0938004033_d_img_d32,ch2_tmc_ncn_20210528T2116056144_g_grd_d18
10-1-050961,-73.4697,42.5755,1.52374,ch2_ohr_ncp_20200229T0938004033_d_img_d32,ch2_tmc_ncn_20211113T1650236492_g_grd_d18
10-1-050961,-73.4697,42.5755,1.52374,ch2_ohr_ncp_20200229T0938004033_d_img_d32,ch2_tmc_ncn_20220112T1102281958_g_grd_d32
10-1-050961,-73.4697,42.5755,1.52374,ch2_ohr_ncp_20200229T0938004033_d_img_d32,ch2_tmc_ncn_20220112T1300186367_g_grd_d32
10-1-050961,-73.4697,42.5755,1.52374,ch2_ohr_ncp_20200229T0938004033_d_img_d32,ch2_tmc_ncn_20220112T1458093645_g_grd_d32
10-1-050961,-73.4697,42.5755,1.52374,ch2_ohr_ncp_20200229T0938004033_d_img_d32,ch2_tmc_ncn_20220114T1405515898_g_grd_d32
10-1-050961,-73.4697,42.5755,1.52374,ch2_ohr_ncp_20200229T0938004033_d_img_d32,ch2_tmc_ncn_20220126T0302597871_g_grd_d18
10-1-050961,-73.4697,42.5755,1.52374,ch2_ohr_ncp_20200229T0938004033_d_img_d32,ch2_tmc_ncn_20220126T2241288791_g_grd_d18
10-1-050961,-73.4697,42.5755,1.52374,ch2_ohr_ncp_20200229T0938004033_d_img_d32,ch2_tmc_ncn_20220127T0039185733_g_grd_d18
10-1-050961,-73.4697,42.5755,1.52374,ch2_ohr_ncp_20200229T0938004033_d_img_d32,ch2_tmc_ncn_20220127T0237112157_g_grd_d18
10-1-050961,-73.4697,42.5755,1.52374,ch2_ohr_ncp_20200229T0938004033_d_img_d32,ch2_tmc_ncn_20220127T0434599637_g_grd_d18
10-1-050961,-73.4697,42.5755,1.52374,ch2_ohr_ncp_20200229T0938004033_d_img_d32,ch2_tmc_ncn_20220127T2215296303_g_grd_d18
10-1-050961,-73.4697,42.5755,1.52374,ch2_ohr_ncp_20200229T0938004033_d_img_d32,ch2_tmc_ncn_20220128T0409055907_g_grd_d18
10-1-050961,-73.4697,42.5755,1.52374,ch2_ohr_ncp_20200229T0938004033_d_img_d32,ch2_tmc_ncn_20220129T0541079533_g_grd_d18
10-1-050962,-73.4692,42.7393,1.39837,ch2_ohr_ncp_20200229T0938004033_d_img_d32,ch2_tmc_ncn_20210528T2116056144_g_grd_d18
10-1-050962,-73.4692,42.7393,1.39837,ch2_ohr_ncp_20200229T0938004033_d_img_d32,ch2_tmc_ncn_20211113T1650236492_g_grd_d18
10-1-050962,-73.4692,42.7393,1.39837,ch2_ohr_ncp_20200229T0938004033_d_img_d32,ch2_tmc_ncn_20220112T1102281958_g_grd_d32
10-1-050962,-73.4692,42.7393,1.39837,ch2_ohr_ncp_20200229T0938004033_d_img_d32,ch2_tmc_ncn_20220112T1300186367_g_grd_d32
10-1-050962,-73.4692,42.7393,1.39837,ch2_ohr_ncp_20200229T0938004033_d_img_d32,ch2_tmc_ncn_20220112T1458093645_g_grd_d32
10-1-050962,-73.4692,42.7393,1.39837,ch2_ohr_ncp_20200229T0938004033_d_img_d32,ch2_tmc_ncn_20220114T1405515898_g_grd_d32
10-1-050962,-73.4692,42.7393,1.39837,ch2_ohr_ncp_20200229T0938004033_d_img_d32,ch2_tmc_ncn_20220126T0302597871_g_grd_d18
10-1-050962,-73.4692,42.7393,1.39837,ch2_ohr_ncp_20200229T0938004033_d_img_d32,ch2_tmc_ncn_20220126T2241288791_g_grd_d18
10-1-050962,-73.4692,42.7393,1.39837,ch2_ohr_ncp_20200229T0938004033_d_img_d32,ch2_tmc_ncn_20220127T0039185733_g_grd_d18
10-1-050962,-73.4692,42.7393,1.39837,ch2_ohr_ncp_20200229T0938004033_d_img_d32,ch2_tmc_ncn_20220127T0237112157_g_grd_d18
10-1-050962,-73.4692,42.7393,1.39837,ch2_ohr_ncp_20200229T0938004033_d_img_d32,ch2_tmc_ncn_20220127T0434599637_g_grd_d18
10-1-050962,-73.4692,42.7393,1.39837,ch2_ohr_ncp_20200229T0938004033_d_img_d32,ch2_tmc_ncn_20220127T2215296303_g_grd_d18
10-1-050962,-73.4692,42.7393,1.39837,ch2_ohr_ncp_20200229T0938004033_d_img_d32,ch2_tmc_ncn_20220128T0409055907_g_grd_d18
10-1-050962,-73.4692,42.7393,1.39837,ch2_ohr_ncp_20200229T0938004033_d_img_d32,ch2_tmc_ncn_20220129T0541079533_g_grd_d18
10-1-050963,-73.4411,42.8006,1.49048,ch2_ohr_ncp_20200229T0938004033_d_img_d32,ch2_tmc_ncn_20210528T2116056144_g_grd_d18
10-1-050963,-73.4411,42.8006,1.49048,ch2_ohr_ncp_20200229T0938004033_d_img_d32,ch2_tmc_ncn_20211113T1650236492_g_grd_d18
10-1-050963,-73.4411,42.8006,1.49048,ch2_ohr_ncp_20200229T0938004033_d_img_d32,ch2_tmc_ncn_20220112T1102281958_g_grd_d32
10-1-050963,-73.4411,42.8006,1.49048,ch2_ohr_ncp_20200229T0938004033_d_img_d32,ch2_tmc_ncn_20220112T1300186367_g_grd_d32
10-1-050963,-73.4411,42.8006,1.49048,ch2_ohr_ncp_20200229T0938004033_d_img_d32,ch2_tmc_ncn_20220112T1458093645_g_grd_d32
10-1-050963,-73.4411,42.8006,1.49048,ch2_ohr_ncp_20200229T0938004033_d_img_d32,ch2_tmc_ncn_20220114T1405515898_g_grd_d32
10-1-050963,-73.4411,42.8006,1.49048,ch2_ohr_ncp_20200229T0938004033_d_img_d32,ch2_tmc_ncn_20220126T0302597871_g_grd_d18
10-1-050963,-73.4411,42.8006,1.49048,ch2_ohr_ncp_20200229T0938004033_d_img_d32,ch2_tmc_ncn_20220126T2241288791_g_grd_d18
10-1-050963,-73.4411,42.8006,1.49048,ch2_ohr_ncp_20200229T0938004033_d_img_d32,ch2_tmc_ncn_20220127T0039185733_g_grd_d18
10-1-050963,-73.4411,42.8006,1.49048,ch2_ohr_ncp_20200229T0938004033_d_img_d32,ch2_tmc_ncn_20220127T0237112157_g_grd_d18
10-1-050963,-73.4411,42.8006,1.49048,ch2_ohr_ncp_20200229T0938004033_d_img_d32,ch2_tmc_ncn_20220127T0434599637_g_grd_d18
10-1-050963,-73.4411,42.8006,1.49048,ch2_ohr_ncp_20200229T0938004033_d_img_d32,ch2_tmc_ncn_20220127T2215296303_g_grd_d18
10-1-050963,-73.4411,42.8006,1.49048,ch2_ohr_ncp_20200229T0938004033_d_img_d32,ch2_tmc_ncn_20220128T0409055907_g_grd_d18
10-1-050963,-73.4411,42.8006,1.49048,ch2_ohr_ncp_20200229T0938004033_d_img_d32,ch2_tmc_ncn_20220129T0541079533_g_grd_d18
10-1-050964,-73.442,42.976,1.28086,ch2_ohr_ncp_20200229T0938004033_d_img_d32,ch2_tmc_ncn_20210528T2116056144_g_grd_d18
10-1-050964,-73.442,42.976,1.28086,ch2_ohr_ncp_20200229T0938004033_d_img_d32,ch2_tmc_ncn_20211113T1650236492_g_grd_d18
10-1-050964,-73.442,42.976,1.28086,ch2_ohr_ncp_20200229T0938004033_d_img_d32,ch2_tmc_ncn_20220112T1102281958_g_grd_d32
10-1-050964,-73.442,42.976,1.28086,ch2_ohr_ncp_20200229T0938004033_d_img_d32,ch2_tmc_ncn_20220112T1300186367_g_grd_d32
10-1-050964,-73.442,42.976,1.28086,ch2_ohr_ncp_20200229T0938004033_d_img_d32,ch2_tmc_ncn_20220112T1458093645_g_grd_d32
10-1-050964,-73.442,42.976,1.28086,ch2_ohr_ncp_20200229T0938004033_d_img_d32,ch2_tmc_ncn_20220114T1405515898_g_grd_d32
10-1-050964,-73.442,42.976,1.28086,ch2_ohr_ncp_20200229T0938004033_d_img_d32,ch2_tmc_ncn_20220126T0302597871_g_grd_d18
10-1-050964,-73.442,42.976,1.28086,ch2_ohr_ncp_20200229T0938004033_d_img_d32,ch2_tmc_ncn_20220126T2241288791_g_grd_d18
10-1-050964,-73.442,42.976,1.28086,ch2_ohr_ncp_20200229T0938004033_d_img_d32,ch2_tmc_ncn_20220127T0039185733_g_grd_d18
10-1-050964,-73.442,42.976,1.28086,ch2_ohr_ncp_20200229T0938004033_d_img_d32,ch2_tmc_ncn_20220127T0237112157_g_grd_d18
10-1-050964,-73.442,42.976,1.28086,ch2_ohr_ncp_20200229T0938004033_d_img_d32,ch2_tmc_ncn_20220127T0434599637_g_grd_d18
10-1-050964,-73.442,42.976,1.28086,ch2_ohr_ncp_20200229T0938004033_d_img_d32,ch2_tmc_ncn_20220127T2215296303_g_grd_d18
10-1-050964,-73.442,42.976,1.28086,ch2_ohr_ncp_20200229T0938004033_d_img_d32,ch2_tmc_ncn_20220128T0409055907_g_grd_d18
10-1-050964,-73.442,42.976,1.28086,ch2_ohr_ncp_20200229T0938004033_d_img_d32,ch2_tmc_ncn_20220129T0541079533_g_grd_d18
10-1-050965,-73.6053,42.7904,1.3766,ch2_ohr_ncp_20200229T0938004033_d_img_d32,ch2_tmc_ncn_20210528T2116056144_g_grd_d18
10-1-050965,-73.6053,42.7904,1.3766,ch2_ohr_ncp_20200229T0938004033_d_img_d32,ch2_tmc_ncn_20211113T1650236492_g_grd_d18
10-1-050965,-73.6053,42.7904,1.3766,ch2_ohr_ncp_20200229T0938004033_d_img_d32,ch2_tmc_ncn_20220112T1102281958_g_grd_d32
10-1-050965,-73.6053,42.7904,1.3766,ch2_ohr_ncp_20200229T0938004033_d_img_d32,ch2_tmc_ncn_20220112T1300186367_g_grd_d32
10-1-050965,-73.6053,42.7904,1.3766,ch2_ohr_ncp_20200229T0938004033_d_img_d32,ch2_tmc_ncn_20220112T1458093645_g_grd_d32
10-1-050965,-73.6053,42.7904,1.3766,ch2_ohr_ncp_20200229T0938004033_d_img_d32,ch2_tmc_ncn_20220114T1405515898_g_grd_d32
10-1-050965,-73.6053,42.7904,1.3766,ch2_ohr_ncp_20200229T0938004033_d_img_d32,ch2_tmc_ncn_20220126T0302597871_g_grd_d18
10-1-050965,-73.6053,42.7904,1.3766,ch2_ohr_ncp_20200229T0938004033_d_img_d32,ch2_tmc_ncn_20220126T2241288791_g_grd_d18
10-1-050965,-73.6053,42.7904,1.3766,ch2_ohr_ncp_20200229T0938004033_d_img_d32,ch2_tmc_ncn_20220127T0039185733_g_grd_d18
10-1-050965,-73.6053,42.7904,1.3766,ch2_ohr_ncp_20200229T0938004033_d_img_d32,ch2_tmc_ncn_20220127T0237112157_g_grd_d18
10-1-050965,-73.6053,42.7904,1.3766,ch2_ohr_ncp_20200229T0938004033_d_img_d32,ch2_tmc_ncn_20220127T0434599637_g_grd_d18
10-1-050965,-73.6053,42.7904,1.3766,ch2_ohr_ncp_20200229T0938004033_d_img_d32,ch2_tmc_ncn_20220127T2215296303_g_grd_d18
10-1-050965,-73.6053,42.7904,1.3766,ch2_ohr_ncp_20200229T0938004033_d_img_d32,ch2_tmc_ncn_20220128T0409055907_g_grd_d18
10-1-050965,-73.6053,42.7904,1.3766,ch2_ohr_ncp_20200229T0938004033_d_img_d32,ch2_tmc_ncn_20220129T0541079533_g_grd_d18
10-1-050966,-73.6743,42.5249,1.15554,ch2_ohr_ncp_20200229T0938004033_d_img_d32,ch2_tmc_ncn_20210528T2116056144_g_grd_d18
10-1-050966,-73.6743,42.5249,1.15554,ch2_ohr_ncp_20200229T0938004033_d_img_d32,ch2_tmc_ncn_20211113T1650236492_g_grd_d18
10-1-050966,-73.6743,42.5249,1.15554,ch2_ohr_ncp_20200229T0938004033_d_img_d32,ch2_tmc_ncn_20220112T1102281958_g_grd_d32
10-1-050966,-73.6743,42.5249,1.15554,ch2_ohr_ncp_20200229T0938004033_d_img_d32,ch2_tmc_ncn_20220112T1300186367_g_grd_d32
10-1-050966,-73.6743,42.5249,1.15554,ch2_ohr_ncp_20200229T0938004033_d_img_d32,ch2_tmc_ncn_20220112T1458093645_g_grd_d32
10-1-050966,-73.6743,42.5249,1.15554,ch2_ohr_ncp_20200229T0938004033_d_img_d32,ch2_tmc_ncn_20220114T1405515898_g_grd_d32
10-1-050966,-73.6743,42.5249,1.15554,ch2_ohr_ncp_20200229T0938004033_d_img_d32,ch2_tmc_ncn_20220126T0302597871_g_grd_d18
10-1-050966,-73.6743,42.5249,1.15554,ch2_ohr_ncp_20200229T0938004033_d_img_d32,ch2_tmc_ncn_20220126T2241288791_g_grd_d18
10-1-050966,-73.6743,42.5249,1.15554,ch2_ohr_ncp_20200229T0938004033_d_img_d32,ch2_tmc_ncn_20220127T0039185733_g_grd_d18
10-1-050966,-73.6743,42.5249,1.15554,ch2_ohr_ncp_20200229T0938004033_d_img_d32,ch2_tmc_ncn_20220127T0237112157_g_grd_d18
10-1-050966,-73.6743,42.5249,1.15554,ch2_ohr_ncp_20200229T0938004033_d_img_d32,ch2_tmc_ncn_20220127T0434599637_g_grd_d18
10-1-050966,-73.6743,42.5249,1.15554,ch2_ohr_ncp_20200229T0938004033_d_img_d32,ch2_tmc_ncn_20220127T2215296303_g_grd_d18
10-1-050966,-73.6743,42.5249,1.15554,ch2_ohr_ncp_20200229T0938004033_d_img_d32,ch2_tmc_ncn_20220128T0409055907_g_grd_d18
10-1-050966,-73.6743,42.5249,1.15554,ch2_ohr_ncp_20200229T0938004033_d_img_d32,ch2_tmc_ncn_20220129T0541079533_g_grd_d18
10-1-050974,-73.3434,42.5604,1.01843,ch2_ohr_ncp_20200229T0938004033_d_img_d32,ch2_tmc_ncn_20210528T2116056144_g_grd_d18
10-1-050974,-73.3434,42.5604,1.01843,ch2_ohr_ncp_20200229T0938004033_d_img_d32,ch2_tmc_ncn_20211113T1650236492_g_grd_d18
10-1-050974,-73.3434,42.5604,1.01843,ch2_ohr_ncp_20200229T0938004033_d_img_d32,ch2_tmc_ncn_20220112T1102281958_g_grd_d32
10-1-050974,-73.3434,42.5604,1.01843,ch2_ohr_ncp_20200229T0938004033_d_img_d32,ch2_tmc_ncn_20220112T1300186367_g_grd_d32
10-1-050974,-73.3434,42.5604,1.01843,ch2_ohr_ncp_20200229T0938004033_d_img_d32,ch2_tmc_ncn_20220112T1458093645_g_grd_d32
10-1-050974,-73.3434,42.5604,1.01843,ch2_ohr_ncp_20200229T0938004033_d_img_d32,ch2_tmc_ncn_20220114T1405515898_g_grd_d32
10-1-050974,-73.3434,42.5604,1.01843,ch2_ohr_ncp_20200229T0938004033_d_img_d32,ch2_tmc_ncn_20220126T0302597871_g_grd_d18
10-1-050974,-73.3434,42.5604,1.01843,ch2_ohr_ncp_20200229T0938004033_d_img_d32,ch2_tmc_ncn_20220126T2241288791_g_grd_d18
10-1-050974,-73.3434,42.5604,1.01843,ch2_ohr_ncp_20200229T0938004033_d_img_d32,ch2_tmc_ncn_20220127T0039185733_g_grd_d18
10-1-050974,-73.3434,42.5604,1.01843,ch2_ohr_ncp_20200229T0938004033_d_img_d32,ch2_tmc_ncn_20220127T0237112157_g_grd_d18
10-1-050974,-73.3434,42.5604,1.01843,ch2_ohr_ncp_20200229T0938004033_d_img_d32,ch2_tmc_ncn_20220127T0434599637_g_grd_d18
10-1-050974,-73.3434,42.5604,1.01843,ch2_ohr_ncp_20200229T0938004033_d_img_d32,ch2_tmc_ncn_20220127T2215296303_g_grd_d18
10-1-050974,-73.3434,42.5604,1.01843,ch2_ohr_ncp_20200229T0938004033_d_img_d32,ch2_tmc_ncn_20220128T0409055907_g_grd_d18
10-1-050974,-73.3434,42.5604,1.01843,ch2_ohr_ncp_20200229T0938004033_d_img_d32,ch2_tmc_ncn_20220129T0541079533_g_grd_d18
10-1-052599,-73.8752,42.8516,2.97005,ch2_ohr_ncp_20200229T0938004033_d_img_d32,ch2_tmc_ncn_20210528T2116056144_g_grd_d18
10-1-052599,-73.8752,42.8516,2.97005,ch2_ohr_ncp_20200229T0938004033_d_img_d32,ch2_tmc_ncn_20211113T1650236492_g_grd_d18
10-1-052599,-73.8752,42.8516,2.97005,ch2_ohr_ncp_20200229T0938004033_d_img_d32,ch2_tmc_ncn_20220112T1102281958_g_grd_d32
10-1-052599,-73.8752,42.8516,2.97005,ch2_ohr_ncp_20200229T0938004033_d_img_d32,ch2_tmc_ncn_20220112T1300186367_g_grd_d32
10-1-052599,-73.8752,42.8516,2.97005,ch2_ohr_ncp_20200229T0938004033_d_img_d32,ch2_tmc_ncn_20220112T1458093645_g_grd_d32
10-1-052599,-73.8752,42.8516,2.97005,ch2_ohr_ncp_20200229T0938004033_d_img_d32,ch2_tmc_ncn_20220114T1405515898_g_grd_d32
10-1-052599,-73.8752,42.8516,2.97005,ch2_ohr_ncp_20200229T0938004033_d_img_d32,ch2_tmc_ncn_20220126T0302597871_g_grd_d18
10-1-052599,-73.8752,42.8516,2.97005,ch2_ohr_ncp_20200229T0938004033_d_img_d32,ch2_tmc_ncn_20220126T2241288791_g_grd_d18
10-1-052599,-73.8752,42.8516,2.97005,ch2_ohr_ncp_20200229T0938004033_d_img_d32,ch2_tmc_ncn_20220127T0039185733_g_grd_d18
10-1-052599,-73.8752,42.8516,2.97005,ch2_ohr_ncp_20200229T0938004033_d_img_d32,ch2_tmc_ncn_20220127T0237112157_g_grd_d18
10-1-052599,-73.8752,42.8516,2.97005,ch2_ohr_ncp_20200229T0938004033_d_img_d32,ch2_tmc_ncn_20220127T0434599637_g_grd_d18
10-1-052599,-73.8752,42.8516,2.97005,ch2_ohr_ncp_20200229T0938004033_d_img_d32,ch2_tmc_ncn_20220127T2215296303_g_grd_d18
10-1-052599,-73.8752,42.8516,2.97005,ch2_ohr_ncp_20200229T0938004033_d_img_d32,ch2_tmc_ncn_20220128T0409055907_g_grd_d18
10-1-052599,-73.8752,42.8516,2.97005,ch2_ohr_ncp_20200229T0938004033_d_img_d32,ch2_tmc_ncn_20220129T0541079533_g_grd_d18
10-1-037925,-62.1928,56.5972,1.21023,ch2_ohr_ncp_20200824T0806596861_d_img_d18,ch2_tmc_ncn_20210524T1311568462_g_grd_d18
10-1-037925,-62.1928,56.5972,1.21023,ch2_ohr_ncp_20200824T0806596861_d_img_d18,ch2_tmc_ncn_20210524T1512098273_g_grd_d18
10-1-037925,-62.1928,56.5972,1.21023,ch2_ohr_ncp_20200824T0806596861_d_img_d18,ch2_tmc_ncn_20210528T2116056144_g_grd_d18
10-1-037925,-62.1928,56.5972,1.21023,ch2_ohr_ncp_20200824T0806596861_d_img_d18,ch2_tmc_ncn_20211113T1650236492_g_grd_d18
10-1-037925,-62.1928,56.5972,1.21023,ch2_ohr_ncp_20200824T0806596861_d_img_d18,ch2_tmc_ncn_20220111T0930287739_g_grd_d32
10-1-037925,-62.1928,56.5972,1.21023,ch2_ohr_ncp_20200824T0806596861_d_img_d18,ch2_tmc_ncn_20220111T1128205233_g_grd_d32
10-1-037925,-62.1928,56.5972,1.21023,ch2_ohr_ncp_20200824T0806596861_d_img_d18,ch2_tmc_ncn_20220111T1523597843_g_grd_d32
10-1-037925,-62.1928,56.5972,1.21023,ch2_ohr_ncp_20200824T0806596861_d_img_d18,ch2_tmc_ncn_20220111T1721503392_g_grd_d32
10-1-037925,-62.1928,56.5972,1.21023,ch2_ohr_ncp_20200824T0806596861_d_img_d18,ch2_tmc_ncn_20220112T1102281958_g_grd_d32
10-1-037925,-62.1928,56.5972,1.21023,ch2_ohr_ncp_20200824T0806596861_d_img_d18,ch2_tmc_ncn_20220112T1300186367_g_grd_d32
10-1-037925,-62.1928,56.5972,1.21023,ch2_ohr_ncp_20200824T0806596861_d_img_d18,ch2_tmc_ncn_20220112T1458093645_g_grd_d32
10-1-037925,-62.1928,56.5972,1.21023,ch2_ohr_ncp_20200824T0806596861_d_img_d18,ch2_tmc_ncn_20220114T1405515898_g_grd_d32
10-1-037925,-62.1928,56.5972,1.21023,ch2_ohr_ncp_20200824T0806596861_d_img_d18,ch2_tmc_ncn_20220125T1911266677_g_grd_d18
10-1-037925,-62.1928,56.5972,1.21023,ch2_ohr_ncp_20200824T0806596861_d_img_d18,ch2_tmc_ncn_20220125T2109207915_g_grd_d18
10-1-037925,-62.1928,56.5972,1.21023,ch2_ohr_ncp_20200824T0806596861_d_img_d18,ch2_tmc_ncn_20220125T2307105389_g_grd_d18
10-1-037925,-62.1928,56.5972,1.21023,ch2_ohr_ncp_20200824T0806596861_d_img_d18,ch2_tmc_ncn_20220126T0105091944_g_grd_d18
10-1-037925,-62.1928,56.5972,1.21023,ch2_ohr_ncp_20200824T0806596861_d_img_d18,ch2_tmc_ncn_20220126T0302597871_g_grd_d18
10-1-037925,-62.1928,56.5972,1.21023,ch2_ohr_ncp_20200824T0806596861_d_img_d18,ch2_tmc_ncn_20220126T2241288791_g_grd_d18
10-1-037925,-62.1928,56.5972,1.21023,ch2_ohr_ncp_20200824T0806596861_d_img_d18,ch2_tmc_ncn_20220127T0039185733_g_grd_d18
10-1-037925,-62.1928,56.5972,1.21023,ch2_ohr_ncp_20200824T0806596861_d_img_d18,ch2_tmc_ncn_20220127T0237112157_g_grd_d18
10-1-037925,-62.1928,56.5972,1.21023,ch2_ohr_ncp_20200824T0806596861_d_img_d18,ch2_tmc_ncn_20220127T0434599637_g_grd_d18
10-1-037925,-62.1928,56.5972,1.21023,ch2_ohr_ncp_20200824T0806596861_d_img_d18,ch2_tmc_ncn_20220127T2215296303_g_grd_d18
10-1-037925,-62.1928,56.5972,1.21023,ch2_ohr_ncp_20200824T0806596861_d_img_d18,ch2_tmc_ncn_20220128T0409055907_g_grd_d18
10-1-037925,-62.1928,56.5972,1.21023,ch2_ohr_ncp_20200824T0806596861_d_img_d18,ch2_tmc_ncn_20220129T0541079533_g_grd_d18
10-1-037927,-62.2393,56.7231,1.44698,ch2_ohr_ncp_20200824T0806596861_d_img_d18,ch2_tmc_ncn_20210524T1311568462_g_grd_d18
10-1-037927,-62.2393,56.7231,1.44698,ch2_ohr_ncp_20200824T0806596861_d_img_d18,ch2_tmc_ncn_20210524T1512098273_g_grd_d18
10-1-037927,-62.2393,56.7231,1.44698,ch2_ohr_ncp_20200824T0806596861_d_img_d18,ch2_tmc_ncn_20210528T2116056144_g_grd_d18
10-1-037927,-62.2393,56.7231,1.44698,ch2_ohr_ncp_20200824T0806596861_d_img_d18,ch2_tmc_ncn_20211113T1650236492_g_grd_d18
10-1-037927,-62.2393,56.7231,1.44698,ch2_ohr_ncp_20200824T0806596861_d_img_d18,ch2_tmc_ncn_20220111T0930287739_g_grd_d32
10-1-037927,-62.2393,56.7231,1.44698,ch2_ohr_ncp_20200824T0806596861_d_img_d18,ch2_tmc_ncn_20220111T1128205233_g_grd_d32
10-1-037927,-62.2393,56.7231,1.44698,ch2_ohr_ncp_20200824T0806596861_d_img_d18,ch2_tmc_ncn_20220111T1523597843_g_grd_d32
10-1-037927,-62.2393,56.7231,1.44698,ch2_ohr_ncp_20200824T0806596861_d_img_d18,ch2_tmc_ncn_20220111T1721503392_g_grd_d32
10-1-037927,-62.2393,56.7231,1.44698,ch2_ohr_ncp_20200824T0806596861_d_img_d18,ch2_tmc_ncn_20220112T1102281958_g_grd_d32
10-1-037927,-62.2393,56.7231,1.44698,ch2_ohr_ncp_20200824T0806596861_d_img_d18,ch2_tmc_ncn_20220112T1300186367_g_grd_d32
10-1-037927,-62.2393,56.7231,1.44698,ch2_ohr_ncp_20200824T0806596861_d_img_d18,ch2_tmc_ncn_20220112T1458093645_g_grd_d32
10-1-037927,-62.2393,56.7231,1.44698,ch2_ohr_ncp_20200824T0806596861_d_img_d18,ch2_tmc_ncn_20220114T1405515898_g_grd_d32
10-1-037927,-62.2393,56.7231,1.44698,ch2_ohr_ncp_20200824T0806596861_d_img_d18,ch2_tmc_ncn_20220125T1911266677_g_grd_d18
10-1-037927,-62.2393,56.7231,1.44698,ch2_ohr_ncp_20200824T0806596861_d_img_d18,ch2_tmc_ncn_20220125T2109207915_g_grd_d18
10-1-037927,-62.2393,56.7231,1.44698,ch2_ohr_ncp_20200824T0806596861_d_img_d18,ch2_tmc_ncn_20220125T2307105389_g_grd_d18
10-1-037927,-62.2393,56.7231,1.44698,ch2_ohr_ncp_20200824T0806596861_d_img_d18,ch2_tmc_ncn_20220126T0105091944_g_grd_d18
10-1-037927,-62.2393,56.7231,1.44698,ch2_ohr_ncp_20200824T0806596861_d_img_d18,ch2_tmc_ncn_20220126T0302597871_g_grd_d18
10-1-037927,-62.2393,56.7231,1.44698,ch2_ohr_ncp_20200824T0806596861_d_img_d18,ch2_tmc_ncn_20220126T2241288791_g_grd_d18
10-1-037927,-62.2393,56.7231,1.44698,ch2_ohr_ncp_20200824T0806596861_d_img_d18,ch2_tmc_ncn_20220127T0039185733_g_grd_d18
10-1-037927,-62.2393,56.7231,1.44698,ch2_ohr_ncp_20200824T0806596861_d_img_d18,ch2_tmc_ncn_20220127T0237112157_g_grd_d18
10-1-037927,-62.2393,56.7231,1.44698,ch2_ohr_ncp_20200824T0806596861_d_img_d18,ch2_tmc_ncn_20220127T0434599637_g_grd_d18
10-1-037927,-62.2393,56.7231,1.44698,ch2_ohr_ncp_20200824T0806596861_d_img_d18,ch2_tmc_ncn_20220127T2215296303_g_grd_d18
10-1-037927,-62.2393,56.7231,1.44698,ch2_ohr_ncp_20200824T0806596861_d_img_d18,ch2_tmc_ncn_20220128T0409055907_g_grd_d18
10-1-037927,-62.2393,56.7231,1.44698,ch2_ohr_ncp_20200824T0806596861_d_img_d18,ch2_tmc_ncn_20220129T0541079533_g_grd_d18
10-1-037928,-62.3222,56.6282,1.05882,ch2_ohr_ncp_20200824T0806596861_d_img_d18,ch2_tmc_ncn_20210524T1311568462_g_grd_d18
10-1-037928,-62.3222,56.6282,1.05882,ch2_ohr_ncp_20200824T0806596861_d_img_d18,ch2_tmc_ncn_20210524T1512098273_g_grd_d18
10-1-037928,-62.3222,56.6282,1.05882,ch2_ohr_ncp_20200824T0806596861_d_img_d18,ch2_tmc_ncn_20210528T2116056144_g_grd_d18
10-1-037928,-62.3222,56.6282,1.05882,ch2_ohr_ncp_20200824T0806596861_d_img_d18,ch2_tmc_ncn_20211113T1650236492_g_grd_d18
10-1-037928,-62.3222,56.6282,1.05882,ch2_ohr_ncp_20200824T0806596861_d_img_d18,ch2_tmc_ncn_20220111T0930287739_g_grd_d32
10-1-037928,-62.3222,56.6282,1.05882,ch2_ohr_ncp_20200824T0806596861_d_img_d18,ch2_tmc_ncn_20220111T1128205233_g_grd_d32
10-1-037928,-62.3222,56.6282,1.05882,ch2_ohr_ncp_20200824T0806596861_d_img_d18,ch2_tmc_ncn_20220111T1523597843_g_grd_d32
10-1-037928,-62.3222,56.6282,1.05882,ch2_ohr_ncp_20200824T0806596861_d_img_d18,ch2_tmc_ncn_20220111T1721503392_g_grd_d32
10-1-037928,-62.3222,56.6282,1.05882,ch2_ohr_ncp_20200824T0806596861_d_img_d18,ch2_tmc_ncn_20220112T1102281958_g_grd_d32
10-1-037928,-62.3222,56.6282,1.05882,ch2_ohr_ncp_20200824T0806596861_d_img_d18,ch2_tmc_ncn_20220112T1300186367_g_grd_d32
10-1-037928,-62.3222,56.6282,1.05882,ch2_ohr_ncp_20200824T0806596861_d_img_d18,ch2_tmc_ncn_20220112T1458093645_g_grd_d32
10-1-037928,-62.3222,56.6282,1.05882,ch2_ohr_ncp_20200824T0806596861_d_img_d18,ch2_tmc_ncn_20220114T1405515898_g_grd_d32
10-1-037928,-62.3222,56.6282,1.05882,ch2_ohr_ncp_20200824T0806596861_d_img_d18,ch2_tmc_ncn_20220125T1911266677_g_grd_d18
10-1-037928,-62.3222,56.6282,1.05882,ch2_ohr_ncp_20200824T0806596861_d_img_d18,ch2_tmc_ncn_20220125T2109207915_g_grd_d18
10-1-037928,-62.3222,56.6282,1.05882,ch2_ohr_ncp_20200824T0806596861_d_img_d18,ch2_tmc_ncn_20220125T2307105389_g_grd_d18
10-1-037928,-62.3222,56.6282,1.05882,ch2_ohr_ncp_20200824T0806596861_d_img_d18,ch2_tmc_ncn_20220126T0105091944_g_grd_d18
10-1-037928,-62.3222,56.6282,1.05882,ch2_ohr_ncp_20200824T0806596861_d_img_d18,ch2_tmc_ncn_20220126T0302597871_g_grd_d18
10-1-037928,-62.3222,56.6282,1.05882,ch2_ohr_ncp_20200824T0806596861_d_img_d18,ch2_tmc_ncn_20220126T2241288791_g_grd_d18
10-1-037928,-62.3222,56.6282,1.05882,ch2_ohr_ncp_20200824T0806596861_d_img_d18,ch2_tmc_ncn_20220127T0039185733_g_grd_d18
10-1-037928,-62.3222,56.6282,1.05882,ch2_ohr_ncp_20200824T0806596861_d_img_d18,ch2_tmc_ncn_20220127T0237112157_g_grd_d18
10-1-037928,-62.3222,56.6282,1.05882,ch2_ohr_ncp_20200824T0806596861_d_img_d18,ch2_tmc_ncn_20220127T0434599637_g_grd_d18
10-1-037928,-62.3222,56.6282,1.05882,ch2_ohr_ncp_20200824T0806596861_d_img_d18,ch2_tmc_ncn_20220127T2215296303_g_grd_d18
10-1-037928,-62.3222,56.6282,1.05882,ch2_ohr_ncp_20200824T0806596861_d_img_d18,ch2_tmc_ncn_20220128T0409055907_g_grd_d18
10-1-037928,-62.3222,56.6282,1.05882,ch2_ohr_ncp_20200824T0806596861_d_img_d18,ch2_tmc_ncn_20220129T0541079533_g_grd_d18
10-1-037932,-62.321,56.7357,1.6248,ch2_ohr_ncp_20200824T0806596861_d_img_d18,ch2_tmc_ncn_20210524T1311568462_g_grd_d18
10-1-037932,-62.321,56.7357,1.6248,ch2_ohr_ncp_20200824T0806596861_d_img_d18,ch2_tmc_ncn_20210524T1512098273_g_grd_d18
10-1-037932,-62.321,56.7357,1.6248,ch2_ohr_ncp_20200824T0806596861_d_img_d18,ch2_tmc_ncn_20210528T2116056144_g_grd_d18
10-1-037932,-62.321,56.7357,1.6248,ch2_ohr_ncp_20200824T0806596861_d_img_d18,ch2_tmc_ncn_20211113T1650236492_g_grd_d18
10-1-037932,-62.321,56.7357,1.6248,ch2_ohr_ncp_20200824T0806596861_d_img_d18,ch2_tmc_ncn_20220111T0930287739_g_grd_d32
10-1-037932,-62.321,56.7357,1.6248,ch2_ohr_ncp_20200824T0806596861_d_img_d18,ch2_tmc_ncn_20220111T1128205233_g_grd_d32
10-1-037932,-62.321,56.7357,1.6248,ch2_ohr_ncp_20200824T0806596861_d_img_d18,ch2_tmc_ncn_20220111T1523597843_g_grd_d32
10-1-037932,-62.321,56.7357,1.6248,ch2_ohr_ncp_20200824T0806596861_d_img_d18,ch2_tmc_ncn_20220111T1721503392_g_grd_d32
10-1-037932,-62.321,56.7357,1.6248,ch2_ohr_ncp_20200824T0806596861_d_img_d18,ch2_tmc_ncn_20220112T1102281958_g_grd_d32
10-1-037932,-62.321,56.7357,1.6248,ch2_ohr_ncp_20200824T0806596861_d_img_d18,ch2_tmc_ncn_20220112T1300186367_g_grd_d32
10-1-037932,-62.321,56.7357,1.6248,ch2_ohr_ncp_20200824T0806596861_d_img_d18,ch2_tmc_ncn_20220112T1458093645_g_grd_d32
10-1-037932,-62.321,56.7357,1.6248,ch2_ohr_ncp_20200824T0806596861_d_img_d18,ch2_tmc_ncn_20220114T1405515898_g_grd_d32
10-1-037932,-62.321,56.7357,1.6248,ch2_ohr_ncp_20200824T0806596861_d_img_d18,ch2_tmc_ncn_20220125T1911266677_g_grd_d18
10-1-037932,-62.321,56.7357,1.6248,ch2_ohr_ncp_20200824T0806596861_d_img_d18,ch2_tmc_ncn_20220125T2109207915_g_grd_d18
10-1-037932,-62.321,56.7357,1.6248,ch2_ohr_ncp_20200824T0806596861_d_img_d18,ch2_tmc_ncn_20220125T2307105389_g_grd_d18
10-1-037932,-62.321,56.7357,1.6248,ch2_ohr_ncp_20200824T0806596861_d_img_d18,ch2_tmc_ncn_20220126T0105091944_g_grd_d18
10-1-037932,-62.321,56.7357,1.6248,ch2_ohr_ncp_20200824T0806596861_d_img_d18,ch2_tmc_ncn_20220126T0302597871_g_grd_d18
10-1-037932,-62.321,56.7357,1.6248,ch2_ohr_ncp_20200824T0806596861_d_img_d18,ch2_tmc_ncn_20220126T2241288791_g_grd_d18
10-1-037932,-62.321,56.7357,1.6248,ch2_ohr_ncp_20200824T0806596861_d_img_d18,ch2_tmc_ncn_20220127T0039185733_g_grd_d18
10-1-037932,-62.321,56.7357,1.6248,ch2_ohr_ncp_20200824T0806596861_d_img_d18,ch2_tmc_ncn_20220127T0237112157_g_grd_d18
10-1-037932,-62.321,56.7357,1.6248,ch2_ohr_ncp_20200824T0806596861_d_img_d18,ch2_tmc_ncn_20220127T0434599637_g_grd_d18
10-1-037932,-62.321,56.7357,1.6248,ch2_ohr_ncp_20200824T0806596861_d_img_d18,ch2_tmc_ncn_20220127T2215296303_g_grd_d18
10-1-037932,-62.321,56.7357,1.6248,ch2_ohr_ncp_20200824T0806596861_d_img_d18,ch2_tmc_ncn_20220128T0409055907_g_grd_d18
10-1-037932,-62.321,56.7357,1.6248,ch2_ohr_ncp_20200824T0806596861_d_img_d18,ch2_tmc_ncn_20220129T0541079533_g_grd_d18
10-1-037933,-62.0603,56.6636,1.16263,ch2_ohr_ncp_20200824T0806596861_d_img_d18,ch2_tmc_ncn_20210524T1311568462_g_grd_d18
10-1-037933,-62.0603,56.6636,1.16263,ch2_ohr_ncp_20200824T0806596861_d_img_d18,ch2_tmc_ncn_20210524T1512098273_g_grd_d18
10-1-037933,-62.0603,56.6636,1.16263,ch2_ohr_ncp_20200824T0806596861_d_img_d18,ch2_tmc_ncn_20210528T2116056144_g_grd_d18
10-1-037933,-62.0603,56.6636,1.16263,ch2_ohr_ncp_20200824T0806596861_d_img_d18,ch2_tmc_ncn_20211113T1650236492_g_grd_d18
10-1-037933,-62.0603,56.6636,1.16263,ch2_ohr_ncp_20200824T0806596861_d_img_d18,ch2_tmc_ncn_20220111T0930287739_g_grd_d32
10-1-037933,-62.0603,56.6636,1.16263,ch2_ohr_ncp_20200824T0806596861_d_img_d18,ch2_tmc_ncn_20220111T1128205233_g_grd_d32
10-1-037933,-62.0603,56.6636,1.16263,ch2_ohr_ncp_20200824T0806596861_d_img_d18,ch2_tmc_ncn_20220111T1523597843_g_grd_d32
10-1-037933,-62.0603,56.6636,1.16263,ch2_ohr_ncp_20200824T0806596861_d_img_d18,ch2_tmc_ncn_20220111T1721503392_g_grd_d32
10-1-037933,-62.0603,56.6636,1.16263,ch2_ohr_ncp_20200824T0806596861_d_img_d18,ch2_tmc_ncn_20220112T1102281958_g_grd_d32
10-1-037933,-62.0603,56.6636,1.16263,ch2_ohr_ncp_20200824T0806596861_d_img_d18,ch2_tmc_ncn_20220112T1300186367_g_grd_d32
10-1-037933,-62.0603,56.6636,1.16263,ch2_ohr_ncp_20200824T0806596861_d_img_d18,ch2_tmc_ncn_20220112T1458093645_g_grd_d32
10-1-037933,-62.0603,56.6636,1.16263,ch2_ohr_ncp_20200824T0806596861_d_img_d18,ch2_tmc_ncn_20220114T1405515898_g_grd_d32
10-1-037933,-62.0603,56.6636,1.16263,ch2_ohr_ncp_20200824T0806596861_d_img_d18,ch2_tmc_ncn_20220125T1911266677_g_grd_d18
10-1-037933,-62.0603,56.6636,1.16263,ch2_ohr_ncp_20200824T0806596861_d_img_d18,ch2_tmc_ncn_20220125T2109207915_g_grd_d18
10-1-037933,-62.0603,56.6636,1.16263,ch2_ohr_ncp_20200824T0806596861_d_img_d18,ch2_tmc_ncn_20220125T2307105389_g_grd_d18
10-1-037933,-62.0603,56.6636,1.16263,ch2_ohr_ncp_20200824T0806596861_d_img_d18,ch2_tmc_ncn_20220126T0105091944_g_grd_d18
10-1-037933,-62.0603,56.6636,1.16263,ch2_ohr_ncp_20200824T0806596861_d_img_d18,ch2_tmc_ncn_20220126T0302597871_g_grd_d18
10-1-037933,-62.0603,56.6636,1.16263,ch2_ohr_ncp_20200824T0806596861_d_img_d18,ch2_tmc_ncn_20220126T2241288791_g_grd_d18
10-1-037933,-62.0603,56.6636,1.16263,ch2_ohr_ncp_20200824T0806596861_d_img_d18,ch2_tmc_ncn_20220127T0039185733_g_grd_d18
10-1-037933,-62.0603,56.6636,1.16263,ch2_ohr_ncp_20200824T0806596861_d_img_d18,ch2_tmc_ncn_20220127T0237112157_g_grd_d18
10-1-037933,-62.0603,56.6636,1.16263,ch2_ohr_ncp_20200824T0806596861_d_img_d18,ch2_tmc_ncn_20220127T0434599637_g_grd_d18
10-1-037933,-62.0603,56.6636,1.16263,ch2_ohr_ncp_20200824T0806596861_d_img_d18,ch2_tmc_ncn_20220127T2215296303_g_grd_d18
10-1-037933,-62.0603,56.6636,1.16263,ch2_ohr_ncp_20200824T0806596861_d_img_d18,ch2_tmc_ncn_20220128T0409055907_g_grd_d18
10-1-037933,-62.0603,56.6636,1.16263,ch2_ohr_ncp_20200824T0806596861_d_img_d18,ch2_tmc_ncn_20220129T0541079533_g_grd_d18
10-1-037934,-61.9919,56.6431,2.90111,ch2_ohr_ncp_20200824T0806596861_d_img_d18,ch2_tmc_ncn_20210524T1311568462_g_grd_d18
10-1-037934,-61.9919,56.6431,2.90111,ch2_ohr_ncp_20200824T0806596861_d_img_d18,ch2_tmc_ncn_20210524T1512098273_g_grd_d18
10-1-037934,-61.9919,56.6431,2.90111,ch2_ohr_ncp_20200824T0806596861_d_img_d18,ch2_tmc_ncn_20210528T2116056144_g_grd_d18
10-1-037934,-61.9919,56.6431,2.90111,ch2_ohr_ncp_20200824T0806596861_d_img_d18,ch2_tmc_ncn_20211113T1650236492_g_grd_d18
10-1-037934,-61.9919,56.6431,2.90111,ch2_ohr_ncp_20200824T0806596861_d_img_d18,ch2_tmc_ncn_20220111T0930287739_g_grd_d32
10-1-037934,-61.9919,56.6431,2.90111,ch2_ohr_ncp_20200824T0806596861_d_img_d18,ch2_tmc_ncn_20220111T1128205233_g_grd_d32
10-1-037934,-61.9919,56.6431,2.90111,ch2_ohr_ncp_20200824T0806596861_d_img_d18,ch2_tmc_ncn_20220111T1523597843_g_grd_d32
10-1-037934,-61.9919,56.6431,2.90111,ch2_ohr_ncp_20200824T0806596861_d_img_d18,ch2_tmc_ncn_20220111T1721503392_g_grd_d32
10-1-037934,-61.9919,56.6431,2.90111,ch2_ohr_ncp_20200824T0806596861_d_img_d18,ch2_tmc_ncn_20220112T1102281958_g_grd_d32
10-1-037934,-61.9919,56.6431,2.90111,ch2_ohr_ncp_20200824T0806596861_d_img_d18,ch2_tmc_ncn_20220112T1300186367_g_grd_d32
10-1-037934,-61.9919,56.6431,2.90111,ch2_ohr_ncp_20200824T0806596861_d_img_d18,ch2_tmc_ncn_20220112T1458093645_g_grd_d32
10-1-037934,-61.9919,56.6431,2.90111,ch2_ohr_ncp_20200824T0806596861_d_img_d18,ch2_tmc_ncn_20220114T1405515898_g_grd_d32
10-1-037934,-61.9919,56.6431,2.90111,ch2_ohr_ncp_20200824T0806596861_d_img_d18,ch2_tmc_ncn_20220125T1911266677_g_grd_d18
10-1-037934,-61.9919,56.6431,2.90111,ch2_ohr_ncp_20200824T0806596861_d_img_d18,ch2_tmc_ncn_20220125T2109207915_g_grd_d18
10-1-037934,-61.9919,56.6431,2.90111,ch2_ohr_ncp_20200824T0806596861_d_img_d18,ch2_tmc_ncn_20220125T2307105389_g_grd_d18
10-1-037934,-61.9919,56.6431,2.90111,ch2_ohr_ncp_20200824T0806596861_d_img_d18,ch2_tmc_ncn_20220126T0105091944_g_grd_d18
10-1-037934,-61.9919,56.6431,2.90111,ch2_ohr_ncp_20200824T0806596861_d_img_d18,ch2_tmc_ncn_20220126T0302597871_g_grd_d18
10-1-037934,-61.9919,56.6431,2.90111,ch2_ohr_ncp_20200824T0806596861_d_img_d18,ch2_tmc_ncn_20220126T2241288791_g_grd_d18
10-1-037934,-61.9919,56.6431,2.90111,ch2_ohr_ncp_20200824T0806596861_d_img_d18,ch2_tmc_ncn_20220127T0039185733_g_grd_d18
10-1-037934,-61.9919,56.6431,2.90111,ch2_ohr_ncp_20200824T0806596861_d_img_d18,ch2_tmc_ncn_20220127T0237112157_g_grd_d18
10-1-037934,-61.9919,56.6431,2.90111,ch2_ohr_ncp_20200824T0806596861_d_img_d18,ch2_tmc_ncn_20220127T0434599637_g_grd_d18
10-1-037934,-61.9919,56.6431,2.90111,ch2_ohr_ncp_20200824T0806596861_d_img_d18,ch2_tmc_ncn_20220127T2215296303_g_grd_d18
10-1-037934,-61.9919,56.6431,2.90111,ch2_ohr_ncp_20200824T0806596861_d_img_d18,ch2_tmc_ncn_20220128T0409055907_g_grd_d18
10-1-037934,-61.9919,56.6431,2.90111,ch2_ohr_ncp_20200824T0806596861_d_img_d18,ch2_tmc_ncn_20220129T0541079533_g_grd_d18
10-1-037945,-62.1266,56.8222,1.29799,ch2_ohr_ncp_20200824T0806596861_d_img_d18,ch2_tmc_ncn_20210524T1311568462_g_grd_d18
10-1-037945,-62.1266,56.8222,1.29799,ch2_ohr_ncp_20200824T0806596861_d_img_d18,ch2_tmc_ncn_20210524T1512098273_g_grd_d18
10-1-037945,-62.1266,56.8222,1.29799,ch2_ohr_ncp_20200824T0806596861_d_img_d18,ch2_tmc_ncn_20210528T2116056144_g_grd_d18
10-1-037945,-62.1266,56.8222,1.29799,ch2_ohr_ncp_20200824T0806596861_d_img_d18,ch2_tmc_ncn_20211113T1650236492_g_grd_d18
10-1-037945,-62.1266,56.8222,1.29799,ch2_ohr_ncp_20200824T0806596861_d_img_d18,ch2_tmc_ncn_20220111T0930287739_g_grd_d32
10-1-037945,-62.1266,56.8222,1.29799,ch2_ohr_ncp_20200824T0806596861_d_img_d18,ch2_tmc_ncn_20220111T1128205233_g_grd_d32
10-1-037945,-62.1266,56.8222,1.29799,ch2_ohr_ncp_20200824T0806596861_d_img_d18,ch2_tmc_ncn_20220111T1523597843_g_grd_d32
10-1-037945,-62.1266,56.8222,1.29799,ch2_ohr_ncp_20200824T0806596861_d_img_d18,ch2_tmc_ncn_20220111T1721503392_g_grd_d32
10-1-037945,-62.1266,56.8222,1.29799,ch2_ohr_ncp_20200824T0806596861_d_img_d18,ch2_tmc_ncn_20220112T1102281958_g_grd_d32
10-1-037945,-62.1266,56.8222,1.29799,ch2_ohr_ncp_20200824T0806596861_d_img_d18,ch2_tmc_ncn_20220112T1300186367_g_grd_d32
10-1-037945,-62.1266,56.8222,1.29799,ch2_ohr_ncp_20200824T0806596861_d_img_d18,ch2_tmc_ncn_20220112T1458093645_g_grd_d32
10-1-037945,-62.1266,56.8222,1.29799,ch2_ohr_ncp_20200824T0806596861_d_img_d18,ch2_tmc_ncn_20220114T1405515898_g_grd_d32
10-1-037945,-62.1266,56.8222,1.29799,ch2_ohr_ncp_20200824T0806596861_d_img_d18,ch2_tmc_ncn_20220125T1911266677_g_grd_d18
10-1-037945,-62.1266,56.8222,1.29799,ch2_ohr_ncp_20200824T0806596861_d_img_d18,ch2_tmc_ncn_20220125T2109207915_g_grd_d18
10-1-037945,-62.1266,56.8222,1.29799,ch2_ohr_ncp_20200824T0806596861_d_img_d18,ch2_tmc_ncn_20220125T2307105389_g_grd_d18
10-1-037945,-62.1266,56.8222,1.29799,ch2_ohr_ncp_20200824T0806596861_d_img_d18,ch2_tmc_ncn_20220126T0105091944_g_grd_d18
10-1-037945,-62.1266,56.8222,1.29799,ch2_ohr_ncp_20200824T0806596861_d_img_d18,ch2_tmc_ncn_20220126T0302597871_g_grd_d18
10-1-037945,-62.1266,56.8222,1.29799,ch2_ohr_ncp_20200824T0806596861_d_img_d18,ch2_tmc_ncn_20220126T2241288791_g_grd_d18
10-1-037945,-62.1266,56.8222,1.29799,ch2_ohr_ncp_20200824T0806596861_d_img_d18,ch2_tmc_ncn_20220127T0039185733_g_grd_d18
10-1-037945,-62.1266,56.8222,1.29799,ch2_ohr_ncp_20200824T0806596861_d_img_d18,ch2_tmc_ncn_20220127T0237112157_g_grd_d18
10-1-037945,-62.1266,56.8222,1.29799,ch2_ohr_ncp_20200824T0806596861_d_img_d18,ch2_tmc_ncn_20220127T0434599637_g_grd_d18
10-1-037945,-62.1266,56.8222,1.29799,ch2_ohr_ncp_20200824T0806596861_d_img_d18,ch2_tmc_ncn_20220127T2215296303_g_grd_d18
10-1-037945,-62.1266,56.8222,1.29799,ch2_ohr_ncp_20200824T0806596861_d_img_d18,ch2_tmc_ncn_20220128T0409055907_g_grd_d18
10-1-037945,-62.1266,56.8222,1.29799,ch2_ohr_ncp_20200824T0806596861_d_img_d18,ch2_tmc_ncn_20220129T0541079533_g_grd_d18
10-1-037958,-61.6562,56.6301,1.19723,ch2_ohr_ncp_20200824T0806596861_d_img_d18,ch2_tmc_ncn_20210524T1311568462_g_grd_d18
10-1-037958,-61.6562,56.6301,1.19723,ch2_ohr_ncp_20200824T0806596861_d_img_d18,ch2_tmc_ncn_20210524T1512098273_g_grd_d18
10-1-037958,-61.6562,56.6301,1.19723,ch2_ohr_ncp_20200824T0806596861_d_img_d18,ch2_tmc_ncn_20210528T2116056144_g_grd_d18
10-1-037958,-61.6562,56.6301,1.19723,ch2_ohr_ncp_20200824T0806596861_d_img_d18,ch2_tmc_ncn_20211113T1650236492_g_grd_d18
10-1-037958,-61.6562,56.6301,1.19723,ch2_ohr_ncp_20200824T0806596861_d_img_d18,ch2_tmc_ncn_20220111T0930287739_g_grd_d32
10-1-037958,-61.6562,56.6301,1.19723,ch2_ohr_ncp_20200824T0806596861_d_img_d18,ch2_tmc_ncn_20220111T1128205233_g_grd_d32
10-1-037958,-61.6562,56.6301,1.19723,ch2_ohr_ncp_20200824T0806596861_d_img_d18,ch2_tmc_ncn_20220111T1523597843_g_grd_d32
10-1-037958,-61.6562,56.6301,1.19723,ch2_ohr_ncp_20200824T0806596861_d_img_d18,ch2_tmc_ncn_20220111T1721503392_g_grd_d32
10-1-037958,-61.6562,56.6301,1.19723,ch2_ohr_ncp_20200824T0806596861_d_img_d18,ch2_tmc_ncn_20220112T1102281958_g_grd_d32
10-1-037958,-61.6562,56.6301,1.19723,ch2_ohr_ncp_20200824T0806596861_d_img_d18,ch2_tmc_ncn_20220112T1300186367_g_grd_d32
10-1-037958,-61.6562,56.6301,1.19723,ch2_ohr_ncp_20200824T0806596861_d_img_d18,ch2_tmc_ncn_20220112T1458093645_g_grd_d32
10-1-037958,-61.6562,56.6301,1.19723,ch2_ohr_ncp_20200824T0806596861_d_img_d18,ch2_tmc_ncn_20220114T1405515898_g_grd_d32
10-1-037958,-61.6562,56.6301,1.19723,ch2_ohr_ncp_20200824T0806596861_d_img_d18,ch2_tmc_ncn_20220125T1911266677_g_grd_d18
10-1-037958,-61.6562,56.6301,1.19723,ch2_ohr_ncp_20200824T0806596861_d_img_d18,ch2_tmc_ncn_20220125T2109207915_g_grd_d18
10-1-037958,-61.6562,56.6301,1.19723,ch2_ohr_ncp_20200824T0806596861_d_img_d18,ch2_tmc_ncn_20220125T2307105389_g_grd_d18
10-1-037958,-61.6562,56.6301,1.19723,ch2_ohr_ncp_20200824T0806596861_d_img_d18,ch2_tmc_ncn_20220126T0105091944_g_grd_d18
10-1-037958,-61.6562,56.6301,1.19723,ch2_ohr_ncp_20200824T0806596861_d_img_d18,ch2_tmc_ncn_20220126T0302597871_g_grd_d18
10-1-037958,-61.6562,56.6301,1.19723,ch2_ohr_ncp_20200824T0806596861_d_img_d18,ch2_tmc_ncn_20220126T2241288791_g_grd_d18
10-1-037958,-61.6562,56.6301,1.19723,ch2_ohr_ncp_20200824T0806596861_d_img_d18,ch2_tmc_ncn_20220127T0039185733_g_grd_d18
10-1-037958,-61.6562,56.6301,1.19723,ch2_ohr_ncp_20200824T0806596861_d_img_d18,ch2_tmc_ncn_20220127T0237112157_g_grd_d18
10-1-037958,-61.6562,56.6301,1.19723,ch2_ohr_ncp_20200824T0806596861_d_img_d18,ch2_tmc_ncn_20220127T0434599637_g_grd_d18
10-1-037958,-61.6562,56.6301,1.19723,ch2_ohr_ncp_20200824T0806596861_d_img_d18,ch2_tmc_ncn_20220127T2215296303_g_grd_d18
10-1-037958,-61.6562,56.6301,1.19723,ch2_ohr_ncp_20200824T0806596861_d_img_d18,ch2_tmc_ncn_20220128T0409055907_g_grd_d18
10-1-037958,-61.6562,56.6301,1.19723,ch2_ohr_ncp_20200824T0806596861_d_img_d18,ch2_tmc_ncn_20220129T0541079533_g_grd_d18
10-1-037959,-61.7155,56.7762,1.77665,ch2_ohr_ncp_20200824T0806596861_d_img_d18,ch2_tmc_ncn_20210524T1311568462_g_grd_d18
10-1-037959,-61.7155,56.7762,1.77665,ch2_ohr_ncp_20200824T0806596861_d_img_d18,ch2_tmc_ncn_20210524T1512098273_g_grd_d18
10-1-037959,-61.7155,56.7762,1.77665,ch2_ohr_ncp_20200824T0806596861_d_img_d18,ch2_tmc_ncn_20210528T2116056144_g_grd_d18
10-1-037959,-61.7155,56.7762,1.77665,ch2_ohr_ncp_20200824T0806596861_d_img_d18,ch2_tmc_ncn_20211113T1650236492_g_grd_d18
10-1-037959,-61.7155,56.7762,1.77665,ch2_ohr_ncp_20200824T0806596861_d_img_d18,ch2_tmc_ncn_20220111T0930287739_g_grd_d32
10-1-037959,-61.7155,56.7762,1.77665,ch2_ohr_ncp_20200824T0806596861_d_img_d18,ch2_tmc_ncn_20220111T1128205233_g_grd_d32
10-1-037959,-61.7155,56.7762,1.77665,ch2_ohr_ncp_20200824T0806596861_d_img_d18,ch2_tmc_ncn_20220111T1523597843_g_grd_d32
10-1-037959,-61.7155,56.7762,1.77665,ch2_ohr_ncp_20200824T0806596861_d_img_d18,ch2_tmc_ncn_20220111T1721503392_g_grd_d32
10-1-037959,-61.7155,56.7762,1.77665,ch2_ohr_ncp_20200824T0806596861_d_img_d18,ch2_tmc_ncn_20220112T1102281958_g_grd_d32
10-1-037959,-61.7155,56.7762,1.77665,ch2_ohr_ncp_20200824T0806596861_d_img_d18,ch2_tmc_ncn_20220112T1300186367_g_grd_d32
10-1-037959,-61.7155,56.7762,1.77665,ch2_ohr_ncp_20200824T0806596861_d_img_d18,ch2_tmc_ncn_20220112T1458093645_g_grd_d32
10-1-037959,-61.7155,56.7762,1.77665,ch2_ohr_ncp_20200824T0806596861_d_img_d18,ch2_tmc_ncn_20220114T1405515898_g_grd_d32
10-1-037959,-61.7155,56.7762,1.77665,ch2_ohr_ncp_20200824T0806596861_d_img_d18,ch2_tmc_ncn_20220125T1911266677_g_grd_d18
10-1-037959,-61.7155,56.7762,1.77665,ch2_ohr_ncp_20200824T0806596861_d_img_d18,ch2_tmc_ncn_20220125T2109207915_g_grd_d18
10-1-037959,-61.7155,56.7762,1.77665,ch2_ohr_ncp_20200824T0806596861_d_img_d18,ch2_tmc_ncn_20220125T2307105389_g_grd_d18
10-1-037959,-61.7155,56.7762,1.77665,ch2_ohr_ncp_20200824T0806596861_d_img_d18,ch2_tmc_ncn_20220126T0105091944_g_grd_d18
10-1-037959,-61.7155,56.7762,1.77665,ch2_ohr_ncp_20200824T0806596861_d_img_d18,ch2_tmc_ncn_20220126T0302597871_g_grd_d18
10-1-037959,-61.7155,56.7762,1.77665,ch2_ohr_ncp_20200824T0806596861_d_img_d18,ch2_tmc_ncn_20220126T2241288791_g_grd_d18
10-1-037959,-61.7155,56.7762,1.77665,ch2_ohr_ncp_20200824T0806596861_d_img_d18,ch2_tmc_ncn_20220127T0039185733_g_grd_d18
10-1-037959,-61.7155,56.7762,1.77665,ch2_ohr_ncp_20200824T0806596861_d_img_d18,ch2_tmc_ncn_20220127T0237112157_g_grd_d18
10-1-037959,-61.7155,56.7762,1.77665,ch2_ohr_ncp_20200824T0806596861_d_img_d18,ch2_tmc_ncn_20220127T0434599637_g_grd_d18
10-1-037959,-61.7155,56.7762,1.77665,ch2_ohr_ncp_20200824T0806596861_d_img_d18,ch2_tmc_ncn_20220127T2215296303_g_grd_d18
10-1-037959,-61.7155,56.7762,1.77665,ch2_ohr_ncp_20200824T0806596861_d_img_d18,ch2_tmc_ncn_20220128T0409055907_g_grd_d18
10-1-037959,-61.7155,56.7762,1.77665,ch2_ohr_ncp_20200824T0806596861_d_img_d18,ch2_tmc_ncn_20220129T0541079533_g_grd_d18
10-1-037961,-61.6193,56.8343,1.00684,ch2_ohr_ncp_20200824T0806596861_d_img_d18,ch2_tmc_ncn_20210524T1311568462_g_grd_d18
10-1-037961,-61.6193,56.8343,1.00684,ch2_ohr_ncp_20200824T0806596861_d_img_d18,ch2_tmc_ncn_20210524T1512098273_g_grd_d18
10-1-037961,-61.6193,56.8343,1.00684,ch2_ohr_ncp_20200824T0806596861_d_img_d18,ch2_tmc_ncn_20210528T2116056144_g_grd_d18
10-1-037961,-61.6193,56.8343,1.00684,ch2_ohr_ncp_20200824T0806596861_d_img_d18,ch2_tmc_ncn_20211113T1650236492_g_grd_d18
10-1-037961,-61.6193,56.8343,1.00684,ch2_ohr_ncp_20200824T0806596861_d_img_d18,ch2_tmc_ncn_20220111T0930287739_g_grd_d32
10-1-037961,-61.6193,56.8343,1.00684,ch2_ohr_ncp_20200824T0806596861_d_img_d18,ch2_tmc_ncn_20220111T1128205233_g_grd_d32
10-1-037961,-61.6193,56.8343,1.00684,ch2_ohr_ncp_20200824T0806596861_d_img_d18,ch2_tmc_ncn_20220111T1523597843_g_grd_d32
10-1-037961,-61.6193,56.8343,1.00684,ch2_ohr_ncp_20200824T0806596861_d_img_d18,ch2_tmc_ncn_20220111T1721503392_g_grd_d32
10-1-037961,-61.6193,56.8343,1.00684,ch2_ohr_ncp_20200824T0806596861_d_img_d18,ch2_tmc_ncn_20220112T1102281958_g_grd_d32
10-1-037961,-61.6193,56.8343,1.00684,ch2_ohr_ncp_20200824T0806596861_d_img_d18,ch2_tmc_ncn_20220112T1300186367_g_grd_d32
10-1-037961,-61.6193,56.8343,1.00684,ch2_ohr_ncp_20200824T0806596861_d_img_d18,ch2_tmc_ncn_20220112T1458093645_g_grd_d32
10-1-037961,-61.6193,56.8343,1.00684,ch2_ohr_ncp_20200824T0806596861_d_img_d18,ch2_tmc_ncn_20220114T1405515898_g_grd_d32
10-1-037961,-61.6193,56.8343,1.00684,ch2_ohr_ncp_20200824T0806596861_d_img_d18,ch2_tmc_ncn_20220125T1911266677_g_grd_d18
10-1-037961,-61.6193,56.8343,1.00684,ch2_ohr_ncp_20200824T0806596861_d_img_d18,ch2_tmc_ncn_20220125T2109207915_g_grd_d18
10-1-037961,-61.6193,56.8343,1.00684,ch2_ohr_ncp_20200824T0806596861_d_img_d18,ch2_tmc_ncn_20220125T2307105389_g_grd_d18
10-1-037961,-61.6193,56.8343,1.00684,ch2_ohr_ncp_20200824T0806596861_d_img_d18,ch2_tmc_ncn_20220126T0105091944_g_grd_d18
10-1-037961,-61.6193,56.8343,1.00684,ch2_ohr_ncp_20200824T0806596861_d_img_d18,ch2_tmc_ncn_20220126T0302597871_g_grd_d18
10-1-037961,-61.6193,56.8343,1.00684,ch2_ohr_ncp_20200824T0806596861_d_img_d18,ch2_tmc_ncn_20220126T2241288791_g_grd_d18
10-1-037961,-61.6193,56.8343,1.00684,ch2_ohr_ncp_20200824T0806596861_d_img_d18,ch2_tmc_ncn_20220127T0039185733_g_grd_d18
10-1-037961,-61.6193,56.8343,1.00684,ch2_ohr_ncp_20200824T0806596861_d_img_d18,ch2_tmc_ncn_20220127T0237112157_g_grd_d18
10-1-037961,-61.6193,56.8343,1.00684,ch2_ohr_ncp_20200824T0806596861_d_img_d18,ch2_tmc_ncn_20220127T0434599637_g_grd_d18
10-1-037961,-61.6193,56.8343,1.00684,ch2_ohr_ncp_20200824T0806596861_d_img_d18,ch2_tmc_ncn_20220127T2215296303_g_grd_d18
10-1-037961,-61.6193,56.8343,1.00684,ch2_ohr_ncp_20200824T0806596861_d_img_d18,ch2_tmc_ncn_20220128T0409055907_g_grd_d18
10-1-037961,-61.6193,56.8343,1.00684,ch2_ohr_ncp_20200824T0806596861_d_img_d18,ch2_tmc_ncn_20220129T0541079533_g_grd_d18
10-1-038313,-62.347,56.8565,1.14755,ch2_ohr_ncp_20200824T0806596861_d_img_d18,ch2_tmc_ncn_20210524T1311568462_g_grd_d18
10-1-038313,-62.347,56.8565,1.14755,ch2_ohr_ncp_20200824T0806596861_d_img_d18,ch2_tmc_ncn_20210524T1512098273_g_grd_d18
10-1-038313,-62.347,56.8565,1.14755,ch2_ohr_ncp_20200824T0806596861_d_img_d18,ch2_tmc_ncn_20210528T2116056144_g_grd_d18
10-1-038313,-62.347,56.8565,1.14755,ch2_ohr_ncp_20200824T0806596861_d_img_d18,ch2_tmc_ncn_20211113T1650236492_g_grd_d18
10-1-038313,-62.347,56.8565,1.14755,ch2_ohr_ncp_20200824T0806596861_d_img_d18,ch2_tmc_ncn_20220111T0930287739_g_grd_d32
10-1-038313,-62.347,56.8565,1.14755,ch2_ohr_ncp_20200824T0806596861_d_img_d18,ch2_tmc_ncn_20220111T1128205233_g_grd_d32
10-1-038313,-62.347,56.8565,1.14755,ch2_ohr_ncp_20200824T0806596861_d_img_d18,ch2_tmc_ncn_20220111T1523597843_g_grd_d32
10-1-038313,-62.347,56.8565,1.14755,ch2_ohr_ncp_20200824T0806596861_d_img_d18,ch2_tmc_ncn_20220111T1721503392_g_grd_d32
10-1-038313,-62.347,56.8565,1.14755,ch2_ohr_ncp_20200824T0806596861_d_img_d18,ch2_tmc_ncn_20220112T1102281958_g_grd_d32
10-1-038313,-62.347,56.8565,1.14755,ch2_ohr_ncp_20200824T0806596861_d_img_d18,ch2_tmc_ncn_20220112T1300186367_g_grd_d32
10-1-038313,-62.347,56.8565,1.14755,ch2_ohr_ncp_20200824T0806596861_d_img_d18,ch2_tmc_ncn_20220112T1458093645_g_grd_d32
10-1-038313,-62.347,56.8565,1.14755,ch2_ohr_ncp_20200824T0806596861_d_img_d18,ch2_tmc_ncn_20220114T1405515898_g_grd_d32
10-1-038313,-62.347,56.8565,1.14755,ch2_ohr_ncp_20200824T0806596861_d_img_d18,ch2_tmc_ncn_20220125T1911266677_g_grd_d18
10-1-038313,-62.347,56.8565,1.14755,ch2_ohr_ncp_20200824T0806596861_d_img_d18,ch2_tmc_ncn_20220125T2109207915_g_grd_d18
10-1-038313,-62.347,56.8565,1.14755,ch2_ohr_ncp_20200824T0806596861_d_img_d18,ch2_tmc_ncn_20220125T2307105389_g_grd_d18
10-1-038313,-62.347,56.8565,1.14755,ch2_ohr_ncp_20200824T0806596861_d_img_d18,ch2_tmc_ncn_20220126T0105091944_g_grd_d18
10-1-038313,-62.347,56.8565,1.14755,ch2_ohr_ncp_20200824T0806596861_d_img_d18,ch2_tmc_ncn_20220126T0302597871_g_grd_d18
10-1-038313,-62.347,56.8565,1.14755,ch2_ohr_ncp_20200824T0806596861_d_img_d18,ch2_tmc_ncn_20220126T2241288791_g_grd_d18
10-1-038313,-62.347,56.8565,1.14755,ch2_ohr_ncp_20200824T0806596861_d_img_d18,ch2_tmc_ncn_20220127T0039185733_g_grd_d18
10-1-038313,-62.347,56.8565,1.14755,ch2_ohr_ncp_20200824T0806596861_d_img_d18,ch2_tmc_ncn_20220127T0237112157_g_grd_d18
10-1-038313,-62.347,56.8565,1.14755,ch2_ohr_ncp_20200824T0806596861_d_img_d18,ch2_tmc_ncn_20220127T0434599637_g_grd_d18
10-1-038313,-62.347,56.8565,1.14755,ch2_ohr_ncp_20200824T0806596861_d_img_d18,ch2_tmc_ncn_20220127T2215296303_g_grd_d18
10-1-038313,-62.347,56.8565,1.14755,ch2_ohr_ncp_20200824T0806596861_d_img_d18,ch2_tmc_ncn_20220128T0409055907_g_grd_d18
10-1-038313,-62.347,56.8565,1.14755,ch2_ohr_ncp_20200824T0806596861_d_img_d18,ch2_tmc_ncn_20220129T0541079533_g_grd_d18
10-1-038314,-62.371,56.7368,2.28546,ch2_ohr_ncp_20200824T0806596861_d_img_d18,ch2_tmc_ncn_20210524T1311568462_g_grd_d18
10-1-038314,-62.371,56.7368,2.28546,ch2_ohr_ncp_20200824T0806596861_d_img_d18,ch2_tmc_ncn_20210524T1512098273_g_grd_d18
10-1-038314,-62.371,56.7368,2.28546,ch2_ohr_ncp_20200824T0806596861_d_img_d18,ch2_tmc_ncn_20210528T2116056144_g_grd_d18
10-1-038314,-62.371,56.7368,2.28546,ch2_ohr_ncp_20200824T0806596861_d_img_d18,ch2_tmc_ncn_20211113T1650236492_g_grd_d18
10-1-038314,-62.371,56.7368,2.28546,ch2_ohr_ncp_20200824T0806596861_d_img_d18,ch2_tmc_ncn_20220111T0930287739_g_grd_d32
10-1-038314,-62.371,56.7368,2.28546,ch2_ohr_ncp_20200824T0806596861_d_img_d18,ch2_tmc_ncn_20220111T1128205233_g_grd_d32
10-1-038314,-62.371,56.7368,2.28546,ch2_ohr_ncp_20200824T0806596861_d_img_d18,ch2_tmc_ncn_20220111T1523597843_g_grd_d32
10-1-038314,-62.371,56.7368,2.28546,ch2_ohr_ncp_20200824T0806596861_d_img_d18,ch2_tmc_ncn_20220111T1721503392_g_grd_d32
10-1-038314,-62.371,56.7368,2.28546,ch2_ohr_ncp_20200824T0806596861_d_img_d18,ch2_tmc_ncn_20220112T1102281958_g_grd_d32
10-1-038314,-62.371,56.7368,2.28546,ch2_ohr_ncp_20200824T0806596861_d_img_d18,ch2_tmc_ncn_20220112T1300186367_g_grd_d32
10-1-038314,-62.371,56.7368,2.28546,ch2_ohr_ncp_20200824T0806596861_d_img_d18,ch2_tmc_ncn_20220112T1458093645_g_grd_d32
10-1-038314,-62.371,56.7368,2.28546,ch2_ohr_ncp_20200824T0806596861_d_img_d18,ch2_tmc_ncn_20220114T1405515898_g_grd_d32
10-1-038314,-62.371,56.7368,2.28546,ch2_ohr_ncp_20200824T0806596861_d_img_d18,ch2_tmc_ncn_20220125T1911266677_g_grd_d18
10-1-038314,-62.371,56.7368,2.28546,ch2_ohr_ncp_20200824T0806596861_d_img_d18,ch2_tmc_ncn_20220125T2109207915_g_grd_d18
10-1-038314,-62.371,56.7368,2.28546,ch2_ohr_ncp_20200824T0806596861_d_img_d18,ch2_tmc_ncn_20220125T2307105389_g_grd_d18
10-1-038314,-62.371,56.7368,2.28546,ch2_ohr_ncp_20200824T0806596861_d_img_d18,ch2_tmc_ncn_20220126T0105091944_g_grd_d18
10-1-038314,-62.371,56.7368,2.28546,ch2_ohr_ncp_20200824T0806596861_d_img_d18,ch2_tmc_ncn_20220126T0302597871_g_grd_d18
10-1-038314,-62.371,56.7368,2.28546,ch2_ohr_ncp_20200824T0806596861_d_img_d18,ch2_tmc_ncn_20220126T2241288791_g_grd_d18
10-1-038314,-62.371,56.7368,2.28546,ch2_ohr_ncp_20200824T0806596861_d_img_d18,ch2_tmc_ncn_20220127T0039185733_g_grd_d18
10-1-038314,-62.371,56.7368,2.28546,ch2_ohr_ncp_20200824T0806596861_d_img_d18,ch2_tmc_ncn_20220127T0237112157_g_grd_d18
10-1-038314,-62.371,56.7368,2.28546,ch2_ohr_ncp_20200824T0806596861_d_img_d18,ch2_tmc_ncn_20220127T0434599637_g_grd_d18
10-1-038314,-62.371,56.7368,2.28546,ch2_ohr_ncp_20200824T0806596861_d_img_d18,ch2_tmc_ncn_20220127T2215296303_g_grd_d18
10-1-038314,-62.371,56.7368,2.28546,ch2_ohr_ncp_20200824T0806596861_d_img_d18,ch2_tmc_ncn_20220128T0409055907_g_grd_d18
10-1-038314,-62.371,56.7368,2.28546,ch2_ohr_ncp_20200824T0806596861_d_img_d18,ch2_tmc_ncn_20220129T0541079533_g_grd_d18
10-1-037925,-62.1928,56.5972,1.21023,ch2_ohr_ncp_20200824T1003365280_d_img_d18,ch2_tmc_ncn_20210524T1311568462_g_grd_d18
10-1-037925,-62.1928,56.5972,1.21023,ch2_ohr_ncp_20200824T1003365280_d_img_d18,ch2_tmc_ncn_20210524T1512098273_g_grd_d18
10-1-037925,-62.1928,56.5972,1.21023,ch2_ohr_ncp_20200824T1003365280_d_img_d18,ch2_tmc_ncn_20210528T2116056144_g_grd_d18
10-1-037925,-62.1928,56.5972,1.21023,ch2_ohr_ncp_20200824T1003365280_d_img_d18,ch2_tmc_ncn_20211113T1650236492_g_grd_d18
10-1-037925,-62.1928,56.5972,1.21023,ch2_ohr_ncp_20200824T1003365280_d_img_d18,ch2_tmc_ncn_20220111T0930287739_g_grd_d32
10-1-037925,-62.1928,56.5972,1.21023,ch2_ohr_ncp_20200824T1003365280_d_img_d18,ch2_tmc_ncn_20220111T1128205233_g_grd_d32
10-1-037925,-62.1928,56.5972,1.21023,ch2_ohr_ncp_20200824T1003365280_d_img_d18,ch2_tmc_ncn_20220111T1523597843_g_grd_d32
10-1-037925,-62.1928,56.5972,1.21023,ch2_ohr_ncp_20200824T1003365280_d_img_d18,ch2_tmc_ncn_20220111T1721503392_g_grd_d32
10-1-037925,-62.1928,56.5972,1.21023,ch2_ohr_ncp_20200824T1003365280_d_img_d18,ch2_tmc_ncn_20220112T1102281958_g_grd_d32
10-1-037925,-62.1928,56.5972,1.21023,ch2_ohr_ncp_20200824T1003365280_d_img_d18,ch2_tmc_ncn_20220112T1300186367_g_grd_d32
10-1-037925,-62.1928,56.5972,1.21023,ch2_ohr_ncp_20200824T1003365280_d_img_d18,ch2_tmc_ncn_20220112T1458093645_g_grd_d32
10-1-037925,-62.1928,56.5972,1.21023,ch2_ohr_ncp_20200824T1003365280_d_img_d18,ch2_tmc_ncn_20220114T1405515898_g_grd_d32
10-1-037925,-62.1928,56.5972,1.21023,ch2_ohr_ncp_20200824T1003365280_d_img_d18,ch2_tmc_ncn_20220125T1911266677_g_grd_d18
10-1-037925,-62.1928,56.5972,1.21023,ch2_ohr_ncp_20200824T1003365280_d_img_d18,ch2_tmc_ncn_20220125T2109207915_g_grd_d18
10-1-037925,-62.1928,56.5972,1.21023,ch2_ohr_ncp_20200824T1003365280_d_img_d18,ch2_tmc_ncn_20220125T2307105389_g_grd_d18
10-1-037925,-62.1928,56.5972,1.21023,ch2_ohr_ncp_20200824T1003365280_d_img_d18,ch2_tmc_ncn_20220126T0105091944_g_grd_d18
10-1-037925,-62.1928,56.5972,1.21023,ch2_ohr_ncp_20200824T1003365280_d_img_d18,ch2_tmc_ncn_20220126T0302597871_g_grd_d18
10-1-037925,-62.1928,56.5972,1.21023,ch2_ohr_ncp_20200824T1003365280_d_img_d18,ch2_tmc_ncn_20220126T2241288791_g_grd_d18
10-1-037925,-62.1928,56.5972,1.21023,ch2_ohr_ncp_20200824T1003365280_d_img_d18,ch2_tmc_ncn_20220127T0039185733_g_grd_d18
10-1-037925,-62.1928,56.5972,1.21023,ch2_ohr_ncp_20200824T1003365280_d_img_d18,ch2_tmc_ncn_20220127T0237112157_g_grd_d18
10-1-037925,-62.1928,56.5972,1.21023,ch2_ohr_ncp_20200824T1003365280_d_img_d18,ch2_tmc_ncn_20220127T0434599637_g_grd_d18
10-1-037925,-62.1928,56.5972,1.21023,ch2_ohr_ncp_20200824T1003365280_d_img_d18,ch2_tmc_ncn_20220127T2215296303_g_grd_d18
10-1-037925,-62.1928,56.5972,1.21023,ch2_ohr_ncp_20200824T1003365280_d_img_d18,ch2_tmc_ncn_20220128T0409055907_g_grd_d18
10-1-037925,-62.1928,56.5972,1.21023,ch2_ohr_ncp_20200824T1003365280_d_img_d18,ch2_tmc_ncn_20220129T0541079533_g_grd_d18
10-1-037927,-62.2393,56.7231,1.44698,ch2_ohr_ncp_20200824T1003365280_d_img_d18,ch2_tmc_ncn_20210524T1311568462_g_grd_d18
10-1-037927,-62.2393,56.7231,1.44698,ch2_ohr_ncp_20200824T1003365280_d_img_d18,ch2_tmc_ncn_20210524T1512098273_g_grd_d18
10-1-037927,-62.2393,56.7231,1.44698,ch2_ohr_ncp_20200824T1003365280_d_img_d18,ch2_tmc_ncn_20210528T2116056144_g_grd_d18
10-1-037927,-62.2393,56.7231,1.44698,ch2_ohr_ncp_20200824T1003365280_d_img_d18,ch2_tmc_ncn_20211113T1650236492_g_grd_d18
10-1-037927,-62.2393,56.7231,1.44698,ch2_ohr_ncp_20200824T1003365280_d_img_d18,ch2_tmc_ncn_20220111T0930287739_g_grd_d32
10-1-037927,-62.2393,56.7231,1.44698,ch2_ohr_ncp_20200824T1003365280_d_img_d18,ch2_tmc_ncn_20220111T1128205233_g_grd_d32
10-1-037927,-62.2393,56.7231,1.44698,ch2_ohr_ncp_20200824T1003365280_d_img_d18,ch2_tmc_ncn_20220111T1523597843_g_grd_d32
10-1-037927,-62.2393,56.7231,1.44698,ch2_ohr_ncp_20200824T1003365280_d_img_d18,ch2_tmc_ncn_20220111T1721503392_g_grd_d32
10-1-037927,-62.2393,56.7231,1.44698,ch2_ohr_ncp_20200824T1003365280_d_img_d18,ch2_tmc_ncn_20220112T1102281958_g_grd_d32
10-1-037927,-62.2393,56.7231,1.44698,ch2_ohr_ncp_20200824T1003365280_d_img_d18,ch2_tmc_ncn_20220112T1300186367_g_grd_d32
10-1-037927,-62.2393,56.7231,1.44698,ch2_ohr_ncp_20200824T1003365280_d_img_d18,ch2_tmc_ncn_20220112T1458093645_g_grd_d32
10-1-037927,-62.2393,56.7231,1.44698,ch2_ohr_ncp_20200824T1003365280_d_img_d18,ch2_tmc_ncn_20220114T1405515898_g_grd_d32
10-1-037927,-62.2393,56.7231,1.44698,ch2_ohr_ncp_20200824T1003365280_d_img_d18,ch2_tmc_ncn_20220125T1911266677_g_grd_d18
10-1-037927,-62.2393,56.7231,1.44698,ch2_ohr_ncp_20200824T1003365280_d_img_d18,ch2_tmc_ncn_20220125T2109207915_g_grd_d18
10-1-037927,-62.2393,56.7231,1.44698,ch2_ohr_ncp_20200824T1003365280_d_img_d18,ch2_tmc_ncn_20220125T2307105389_g_grd_d18
10-1-037927,-62.2393,56.7231,1.44698,ch2_ohr_ncp_20200824T1003365280_d_img_d18,ch2_tmc_ncn_20220126T0105091944_g_grd_d18
10-1-037927,-62.2393,56.7231,1.44698,ch2_ohr_ncp_20200824T1003365280_d_img_d18,ch2_tmc_ncn_20220126T0302597871_g_grd_d18
10-1-037927,-62.2393,56.7231,1.44698,ch2_ohr_ncp_20200824T1003365280_d_img_d18,ch2_tmc_ncn_20220126T2241288791_g_grd_d18
10-1-037927,-62.2393,56.7231,1.44698,ch2_ohr_ncp_20200824T1003365280_d_img_d18,ch2_tmc_ncn_20220127T0039185733_g_grd_d18
10-1-037927,-62.2393,56.7231,1.44698,ch2_ohr_ncp_20200824T1003365280_d_img_d18,ch2_tmc_ncn_20220127T0237112157_g_grd_d18
10-1-037927,-62.2393,56.7231,1.44698,ch2_ohr_ncp_20200824T1003365280_d_img_d18,ch2_tmc_ncn_20220127T0434599637_g_grd_d18
10-1-037927,-62.2393,56.7231,1.44698,ch2_ohr_ncp_20200824T1003365280_d_img_d18,ch2_tmc_ncn_20220127T2215296303_g_grd_d18
10-1-037927,-62.2393,56.7231,1.44698,ch2_ohr_ncp_20200824T1003365280_d_img_d18,ch2_tmc_ncn_20220128T0409055907_g_grd_d18
10-1-037927,-62.2393,56.7231,1.44698,ch2_ohr_ncp_20200824T1003365280_d_img_d18,ch2_tmc_ncn_20220129T0541079533_g_grd_d18
10-1-037928,-62.3222,56.6282,1.05882,ch2_ohr_ncp_20200824T1003365280_d_img_d18,ch2_tmc_ncn_20210524T1311568462_g_grd_d18
10-1-037928,-62.3222,56.6282,1.05882,ch2_ohr_ncp_20200824T1003365280_d_img_d18,ch2_tmc_ncn_20210524T1512098273_g_grd_d18
10-1-037928,-62.3222,56.6282,1.05882,ch2_ohr_ncp_20200824T1003365280_d_img_d18,ch2_tmc_ncn_20210528T2116056144_g_grd_d18
10-1-037928,-62.3222,56.6282,1.05882,ch2_ohr_ncp_20200824T1003365280_d_img_d18,ch2_tmc_ncn_20211113T1650236492_g_grd_d18
10-1-037928,-62.3222,56.6282,1.05882,ch2_ohr_ncp_20200824T1003365280_d_img_d18,ch2_tmc_ncn_20220111T0930287739_g_grd_d32
10-1-037928,-62.3222,56.6282,1.05882,ch2_ohr_ncp_20200824T1003365280_d_img_d18,ch2_tmc_ncn_20220111T1128205233_g_grd_d32
10-1-037928,-62.3222,56.6282,1.05882,ch2_ohr_ncp_20200824T1003365280_d_img_d18,ch2_tmc_ncn_20220111T1523597843_g_grd_d32
10-1-037928,-62.3222,56.6282,1.05882,ch2_ohr_ncp_20200824T1003365280_d_img_d18,ch2_tmc_ncn_20220111T1721503392_g_grd_d32
10-1-037928,-62.3222,56.6282,1.05882,ch2_ohr_ncp_20200824T1003365280_d_img_d18,ch2_tmc_ncn_20220112T1102281958_g_grd_d32
10-1-037928,-62.3222,56.6282,1.05882,ch2_ohr_ncp_20200824T1003365280_d_img_d18,ch2_tmc_ncn_20220112T1300186367_g_grd_d32
10-1-037928,-62.3222,56.6282,1.05882,ch2_ohr_ncp_20200824T1003365280_d_img_d18,ch2_tmc_ncn_20220112T1458093645_g_grd_d32
10-1-037928,-62.3222,56.6282,1.05882,ch2_ohr_ncp_20200824T1003365280_d_img_d18,ch2_tmc_ncn_20220114T1405515898_g_grd_d32
10-1-037928,-62.3222,56.6282,1.05882,ch2_ohr_ncp_20200824T1003365280_d_img_d18,ch2_tmc_ncn_20220125T1911266677_g_grd_d18
10-1-037928,-62.3222,56.6282,1.05882,ch2_ohr_ncp_20200824T1003365280_d_img_d18,ch2_tmc_ncn_20220125T2109207915_g_grd_d18
10-1-037928,-62.3222,56.6282,1.05882,ch2_ohr_ncp_20200824T1003365280_d_img_d18,ch2_tmc_ncn_20220125T2307105389_g_grd_d18
10-1-037928,-62.3222,56.6282,1.05882,ch2_ohr_ncp_20200824T1003365280_d_img_d18,ch2_tmc_ncn_20220126T0105091944_g_grd_d18
10-1-037928,-62.3222,56.6282,1.05882,ch2_ohr_ncp_20200824T1003365280_d_img_d18,ch2_tmc_ncn_20220126T0302597871_g_grd_d18
10-1-037928,-62.3222,56.6282,1.05882,ch2_ohr_ncp_20200824T1003365280_d_img_d18,ch2_tmc_ncn_20220126T2241288791_g_grd_d18
10-1-037928,-62.3222,56.6282,1.05882,ch2_ohr_ncp_20200824T1003365280_d_img_d18,ch2_tmc_ncn_20220127T0039185733_g_grd_d18
10-1-037928,-62.3222,56.6282,1.05882,ch2_ohr_ncp_20200824T1003365280_d_img_d18,ch2_tmc_ncn_20220127T0237112157_g_grd_d18
10-1-037928,-62.3222,56.6282,1.05882,ch2_ohr_ncp_20200824T1003365280_d_img_d18,ch2_tmc_ncn_20220127T0434599637_g_grd_d18
10-1-037928,-62.3222,56.6282,1.05882,ch2_ohr_ncp_20200824T1003365280_d_img_d18,ch2_tmc_ncn_20220127T2215296303_g_grd_d18
10-1-037928,-62.3222,56.6282,1.05882,ch2_ohr_ncp_20200824T1003365280_d_img_d18,ch2_tmc_ncn_20220128T0409055907_g_grd_d18
10-1-037928,-62.3222,56.6282,1.05882,ch2_ohr_ncp_20200824T1003365280_d_img_d18,ch2_tmc_ncn_20220129T0541079533_g_grd_d18
10-1-037932,-62.321,56.7357,1.6248,ch2_ohr_ncp_20200824T1003365280_d_img_d18,ch2_tmc_ncn_20210524T1311568462_g_grd_d18
10-1-037932,-62.321,56.7357,1.6248,ch2_ohr_ncp_20200824T1003365280_d_img_d18,ch2_tmc_ncn_20210524T1512098273_g_grd_d18
10-1-037932,-62.321,56.7357,1.6248,ch2_ohr_ncp_20200824T1003365280_d_img_d18,ch2_tmc_ncn_20210528T2116056144_g_grd_d18
10-1-037932,-62.321,56.7357,1.6248,ch2_ohr_ncp_20200824T1003365280_d_img_d18,ch2_tmc_ncn_20211113T1650236492_g_grd_d18
10-1-037932,-62.321,56.7357,1.6248,ch2_ohr_ncp_20200824T1003365280_d_img_d18,ch2_tmc_ncn_20220111T0930287739_g_grd_d32
10-1-037932,-62.321,56.7357,1.6248,ch2_ohr_ncp_20200824T1003365280_d_img_d18,ch2_tmc_ncn_20220111T1128205233_g_grd_d32
10-1-037932,-62.321,56.7357,1.6248,ch2_ohr_ncp_20200824T1003365280_d_img_d18,ch2_tmc_ncn_20220111T1523597843_g_grd_d32
10-1-037932,-62.321,56.7357,1.6248,ch2_ohr_ncp_20200824T1003365280_d_img_d18,ch2_tmc_ncn_20220111T1721503392_g_grd_d32
10-1-037932,-62.321,56.7357,1.6248,ch2_ohr_ncp_20200824T1003365280_d_img_d18,ch2_tmc_ncn_20220112T1102281958_g_grd_d32
10-1-037932,-62.321,56.7357,1.6248,ch2_ohr_ncp_20200824T1003365280_d_img_d18,ch2_tmc_ncn_20220112T1300186367_g_grd_d32
10-1-037932,-62.321,56.7357,1.6248,ch2_ohr_ncp_20200824T1003365280_d_img_d18,ch2_tmc_ncn_20220112T1458093645_g_grd_d32
10-1-037932,-62.321,56.7357,1.6248,ch2_ohr_ncp_20200824T1003365280_d_img_d18,ch2_tmc_ncn_20220114T1405515898_g_grd_d32
10-1-037932,-62.321,56.7357,1.6248,ch2_ohr_ncp_20200824T1003365280_d_img_d18,ch2_tmc_ncn_20220125T1911266677_g_grd_d18
10-1-037932,-62.321,56.7357,1.6248,ch2_ohr_ncp_20200824T1003365280_d_img_d18,ch2_tmc_ncn_20220125T2109207915_g_grd_d18
10-1-037932,-62.321,56.7357,1.6248,ch2_ohr_ncp_20200824T1003365280_d_img_d18,ch2_tmc_ncn_20220125T2307105389_g_grd_d18
10-1-037932,-62.321,56.7357,1.6248,ch2_ohr_ncp_20200824T1003365280_d_img_d18,ch2_tmc_ncn_20220126T0105091944_g_grd_d18
10-1-037932,-62.321,56.7357,1.6248,ch2_ohr_ncp_20200824T1003365280_d_img_d18,ch2_tmc_ncn_20220126T0302597871_g_grd_d18
10-1-037932,-62.321,56.7357,1.6248,ch2_ohr_ncp_20200824T1003365280_d_img_d18,ch2_tmc_ncn_20220126T2241288791_g_grd_d18
10-1-037932,-62.321,56.7357,1.6248,ch2_ohr_ncp_20200824T1003365280_d_img_d18,ch2_tmc_ncn_20220127T0039185733_g_grd_d18
10-1-037932,-62.321,56.7357,1.6248,ch2_ohr_ncp_20200824T1003365280_d_img_d18,ch2_tmc_ncn_20220127T0237112157_g_grd_d18
10-1-037932,-62.321,56.7357,1.6248,ch2_ohr_ncp_20200824T1003365280_d_img_d18,ch2_tmc_ncn_20220127T0434599637_g_grd_d18
10-1-037932,-62.321,56.7357,1.6248,ch2_ohr_ncp_20200824T1003365280_d_img_d18,ch2_tmc_ncn_20220127T2215296303_g_grd_d18
10-1-037932,-62.321,56.7357,1.6248,ch2_ohr_ncp_20200824T1003365280_d_img_d18,ch2_tmc_ncn_20220128T0409055907_g_grd_d18
10-1-037932,-62.321,56.7357,1.6248,ch2_ohr_ncp_20200824T1003365280_d_img_d18,ch2_tmc_ncn_20220129T0541079533_g_grd_d18
10-1-037933,-62.0603,56.6636,1.16263,ch2_ohr_ncp_20200824T1003365280_d_img_d18,ch2_tmc_ncn_20210524T1311568462_g_grd_d18
10-1-037933,-62.0603,56.6636,1.16263,ch2_ohr_ncp_20200824T1003365280_d_img_d18,ch2_tmc_ncn_20210524T1512098273_g_grd_d18
10-1-037933,-62.0603,56.6636,1.16263,ch2_ohr_ncp_20200824T1003365280_d_img_d18,ch2_tmc_ncn_20210528T2116056144_g_grd_d18
10-1-037933,-62.0603,56.6636,1.16263,ch2_ohr_ncp_20200824T1003365280_d_img_d18,ch2_tmc_ncn_20211113T1650236492_g_grd_d18
10-1-037933,-62.0603,56.6636,1.16263,ch2_ohr_ncp_20200824T1003365280_d_img_d18,ch2_tmc_ncn_20220111T0930287739_g_grd_d32
10-1-037933,-62.0603,56.6636,1.16263,ch2_ohr_ncp_20200824T1003365280_d_img_d18,ch2_tmc_ncn_20220111T1128205233_g_grd_d32
10-1-037933,-62.0603,56.6636,1.16263,ch2_ohr_ncp_20200824T1003365280_d_img_d18,ch2_tmc_ncn_20220111T1523597843_g_grd_d32
10-1-037933,-62.0603,56.6636,1.16263,ch2_ohr_ncp_20200824T1003365280_d_img_d18,ch2_tmc_ncn_20220111T1721503392_g_grd_d32
10-1-037933,-62.0603,56.6636,1.16263,ch2_ohr_ncp_20200824T1003365280_d_img_d18,ch2_tmc_ncn_20220112T1102281958_g_grd_d32
10-1-037933,-62.0603,56.6636,1.16263,ch2_ohr_ncp_20200824T1003365280_d_img_d18,ch2_tmc_ncn_20220112T1300186367_g_grd_d32
10-1-037933,-62.0603,56.6636,1.16263,ch2_ohr_ncp_20200824T1003365280_d_img_d18,ch2_tmc_ncn_20220112T1458093645_g_grd_d32
10-1-037933,-62.0603,56.6636,1.16263,ch2_ohr_ncp_20200824T1003365280_d_img_d18,ch2_tmc_ncn_20220114T1405515898_g_grd_d32
10-1-037933,-62.0603,56.6636,1.16263,ch2_ohr_ncp_20200824T1003365280_d_img_d18,ch2_tmc_ncn_20220125T1911266677_g_grd_d18
10-1-037933,-62.0603,56.6636,1.16263,ch2_ohr_ncp_20200824T1003365280_d_img_d18,ch2_tmc_ncn_20220125T2109207915_g_grd_d18
10-1-037933,-62.0603,56.6636,1.16263,ch2_ohr_ncp_20200824T1003365280_d_img_d18,ch2_tmc_ncn_20220125T2307105389_g_grd_d18
10-1-037933,-62.0603,56.6636,1.16263,ch2_ohr_ncp_20200824T1003365280_d_img_d18,ch2_tmc_ncn_20220126T0105091944_g_grd_d18
10-1-037933,-62.0603,56.6636,1.16263,ch2_ohr_ncp_20200824T1003365280_d_img_d18,ch2_tmc_ncn_20220126T0302597871_g_grd_d18
10-1-037933,-62.0603,56.6636,1.16263,ch2_ohr_ncp_20200824T1003365280_d_img_d18,ch2_tmc_ncn_20220126T2241288791_g_grd_d18
10-1-037933,-62.0603,56.6636,1.16263,ch2_ohr_ncp_20200824T1003365280_d_img_d18,ch2_tmc_ncn_20220127T0039185733_g_grd_d18
10-1-037933,-62.0603,56.6636,1.16263,ch2_ohr_ncp_20200824T1003365280_d_img_d18,ch2_tmc_ncn_20220127T0237112157_g_grd_d18
10-1-037933,-62.0603,56.6636,1.16263,ch2_ohr_ncp_20200824T1003365280_d_img_d18,ch2_tmc_ncn_20220127T0434599637_g_grd_d18
10-1-037933,-62.0603,56.6636,1.16263,ch2_ohr_ncp_20200824T1003365280_d_img_d18,ch2_tmc_ncn_20220127T2215296303_g_grd_d18
10-1-037933,-62.0603,56.6636,1.16263,ch2_ohr_ncp_20200824T1003365280_d_img_d18,ch2_tmc_ncn_20220128T0409055907_g_grd_d18
10-1-037933,-62.0603,56.6636,1.16263,ch2_ohr_ncp_20200824T1003365280_d_img_d18,ch2_tmc_ncn_20220129T0541079533_g_grd_d18
10-1-037934,-61.9919,56.6431,2.90111,ch2_ohr_ncp_20200824T1003365280_d_img_d18,ch2_tmc_ncn_20210524T1311568462_g_grd_d18
10-1-037934,-61.9919,56.6431,2.90111,ch2_ohr_ncp_20200824T1003365280_d_img_d18,ch2_tmc_ncn_20210524T1512098273_g_grd_d18
10-1-037934,-61.9919,56.6431,2.90111,ch2_ohr_ncp_20200824T1003365280_d_img_d18,ch2_tmc_ncn_20210528T2116056144_g_grd_d18
10-1-037934,-61.9919,56.6431,2.90111,ch2_ohr_ncp_20200824T1003365280_d_img_d18,ch2_tmc_ncn_20211113T1650236492_g_grd_d18
10-1-037934,-61.9919,56.6431,2.90111,ch2_ohr_ncp_20200824T1003365280_d_img_d18,ch2_tmc_ncn_20220111T0930287739_g_grd_d32
10-1-037934,-61.9919,56.6431,2.90111,ch2_ohr_ncp_20200824T1003365280_d_img_d18,ch2_tmc_ncn_20220111T1128205233_g_grd_d32
10-1-037934,-61.9919,56.6431,2.90111,ch2_ohr_ncp_20200824T1003365280_d_img_d18,ch2_tmc_ncn_20220111T1523597843_g_grd_d32
10-1-037934,-61.9919,56.6431,2.90111,ch2_ohr_ncp_20200824T1003365280_d_img_d18,ch2_tmc_ncn_20220111T1721503392_g_grd_d32
10-1-037934,-61.9919,56.6431,2.90111,ch2_ohr_ncp_20200824T1003365280_d_img_d18,ch2_tmc_ncn_20220112T1102281958_g_grd_d32
10-1-037934,-61.9919,56.6431,2.90111,ch2_ohr_ncp_20200824T1003365280_d_img_d18,ch2_tmc_ncn_20220112T1300186367_g_grd_d32
10-1-037934,-61.9919,56.6431,2.90111,ch2_ohr_ncp_20200824T1003365280_d_img_d18,ch2_tmc_ncn_20220112T1458093645_g_grd_d32
10-1-037934,-61.9919,56.6431,2.90111,ch2_ohr_ncp_20200824T1003365280_d_img_d18,ch2_tmc_ncn_20220114T1405515898_g_grd_d32
10-1-037934,-61.9919,56.6431,2.90111,ch2_ohr_ncp_20200824T1003365280_d_img_d18,ch2_tmc_ncn_20220125T1911266677_g_grd_d18
10-1-037934,-61.9919,56.6431,2.90111,ch2_ohr_ncp_20200824T1003365280_d_img_d18,ch2_tmc_ncn_20220125T2109207915_g_grd_d18
10-1-037934,-61.9919,56.6431,2.90111,ch2_ohr_ncp_20200824T1003365280_d_img_d18,ch2_tmc_ncn_20220125T2307105389_g_grd_d18
10-1-037934,-61.9919,56.6431,2.90111,ch2_ohr_ncp_20200824T1003365280_d_img_d18,ch2_tmc_ncn_20220126T0105091944_g_grd_d18
10-1-037934,-61.9919,56.6431,2.90111,ch2_ohr_ncp_20200824T1003365280_d_img_d18,ch2_tmc_ncn_20220126T0302597871_g_grd_d18
10-1-037934,-61.9919,56.6431,2.90111,ch2_ohr_ncp_20200824T1003365280_d_img_d18,ch2_tmc_ncn_20220126T2241288791_g_grd_d18
10-1-037934,-61.9919,56.6431,2.90111,ch2_ohr_ncp_20200824T1003365280_d_img_d18,ch2_tmc_ncn_20220127T0039185733_g_grd_d18
10-1-037934,-61.9919,56.6431,2.90111,ch2_ohr_ncp_20200824T1003365280_d_img_d18,ch2_tmc_ncn_20220127T0237112157_g_grd_d18
10-1-037934,-61.9919,56.6431,2.90111,ch2_ohr_ncp_20200824T1003365280_d_img_d18,ch2_tmc_ncn_20220127T0434599637_g_grd_d18
10-1-037934,-61.9919,56.6431,2.90111,ch2_ohr_ncp_20200824T1003365280_d_img_d18,ch2_tmc_ncn_20220127T2215296303_g_grd_d18
10-1-037934,-61.9919,56.6431,2.90111,ch2_ohr_ncp_20200824T1003365280_d_img_d18,ch2_tmc_ncn_20220128T0409055907_g_grd_d18
10-1-037934,-61.9919,56.6431,2.90111,ch2_ohr_ncp_20200824T1003365280_d_img_d18,ch2_tmc_ncn_20220129T0541079533_g_grd_d18
10-1-037945,-62.1266,56.8222,1.29799,ch2_ohr_ncp_20200824T1003365280_d_img_d18,ch2_tmc_ncn_20210524T1311568462_g_grd_d18
10-1-037945,-62.1266,56.8222,1.29799,ch2_ohr_ncp_20200824T1003365280_d_img_d18,ch2_tmc_ncn_20210524T1512098273_g_grd_d18
10-1-037945,-62.1266,56.8222,1.29799,ch2_ohr_ncp_20200824T1003365280_d_img_d18,ch2_tmc_ncn_20210528T2116056144_g_grd_d18
10-1-037945,-62.1266,56.8222,1.29799,ch2_ohr_ncp_20200824T1003365280_d_img_d18,ch2_tmc_ncn_20211113T1650236492_g_grd_d18
10-1-037945,-62.1266,56.8222,1.29799,ch2_ohr_ncp_20200824T1003365280_d_img_d18,ch2_tmc_ncn_20220111T0930287739_g_grd_d32
10-1-037945,-62.1266,56.8222,1.29799,ch2_ohr_ncp_20200824T1003365280_d_img_d18,ch2_tmc_ncn_20220111T1128205233_g_grd_d32
10-1-037945,-62.1266,56.8222,1.29799,ch2_ohr_ncp_20200824T1003365280_d_img_d18,ch2_tmc_ncn_20220111T1523597843_g_grd_d32
10-1-037945,-62.1266,56.8222,1.29799,ch2_ohr_ncp_20200824T1003365280_d_img_d18,ch2_tmc_ncn_20220111T1721503392_g_grd_d32
10-1-037945,-62.1266,56.8222,1.29799,ch2_ohr_ncp_20200824T1003365280_d_img_d18,ch2_tmc_ncn_20220112T1102281958_g_grd_d32
10-1-037945,-62.1266,56.8222,1.29799,ch2_ohr_ncp_20200824T1003365280_d_img_d18,ch2_tmc_ncn_20220112T1300186367_g_grd_d32
10-1-037945,-62.1266,56.8222,1.29799,ch2_ohr_ncp_20200824T1003365280_d_img_d18,ch2_tmc_ncn_20220112T1458093645_g_grd_d32
10-1-037945,-62.1266,56.8222,1.29799,ch2_ohr_ncp_20200824T1003365280_d_img_d18,ch2_tmc_ncn_20220114T1405515898_g_grd_d32
10-1-037945,-62.1266,56.8222,1.29799,ch2_ohr_ncp_20200824T1003365280_d_img_d18,ch2_tmc_ncn_20220125T1911266677_g_grd_d18
10-1-037945,-62.1266,56.8222,1.29799,ch2_ohr_ncp_20200824T1003365280_d_img_d18,ch2_tmc_ncn_20220125T2109207915_g_grd_d18
10-1-037945,-62.1266,56.8222,1.29799,ch2_ohr_ncp_20200824T1003365280_d_img_d18,ch2_tmc_ncn_20220125T2307105389_g_grd_d18
10-1-037945,-62.1266,56.8222,1.29799,ch2_ohr_ncp_20200824T1003365280_d_img_d18,ch2_tmc_ncn_20220126T0105091944_g_grd_d18
10-1-037945,-62.1266,56.8222,1.29799,ch2_ohr_ncp_20200824T1003365280_d_img_d18,ch2_tmc_ncn_20220126T0302597871_g_grd_d18
10-1-037945,-62.1266,56.8222,1.29799,ch2_ohr_ncp_20200824T1003365280_d_img_d18,ch2_tmc_ncn_20220126T2241288791_g_grd_d18
10-1-037945,-62.1266,56.8222,1.29799,ch2_ohr_ncp_20200824T1003365280_d_img_d18,ch2_tmc_ncn_20220127T0039185733_g_grd_d18
10-1-037945,-62.1266,56.8222,1.29799,ch2_ohr_ncp_20200824T1003365280_d_img_d18,ch2_tmc_ncn_20220127T0237112157_g_grd_d18
10-1-037945,-62.1266,56.8222,1.29799,ch2_ohr_ncp_20200824T1003365280_d_img_d18,ch2_tmc_ncn_20220127T0434599637_g_grd_d18
10-1-037945,-62.1266,56.8222,1.29799,ch2_ohr_ncp_20200824T1003365280_d_img_d18,ch2_tmc_ncn_20220127T2215296303_g_grd_d18
10-1-037945,-62.1266,56.8222,1.29799,ch2_ohr_ncp_20200824T1003365280_d_img_d18,ch2_tmc_ncn_20220128T0409055907_g_grd_d18
10-1-037945,-62.1266,56.8222,1.29799,ch2_ohr_ncp_20200824T1003365280_d_img_d18,ch2_tmc_ncn_20220129T0541079533_g_grd_d18
10-1-037946,-62.1272,56.8843,1.25087,ch2_ohr_ncp_20200824T1003365280_d_img_d18,ch2_tmc_ncn_20210524T1311568462_g_grd_d18
10-1-037946,-62.1272,56.8843,1.25087,ch2_ohr_ncp_20200824T1003365280_d_img_d18,ch2_tmc_ncn_20210524T1512098273_g_grd_d18
10-1-037946,-62.1272,56.8843,1.25087,ch2_ohr_ncp_20200824T1003365280_d_img_d18,ch2_tmc_ncn_20210528T2116056144_g_grd_d18
10-1-037946,-62.1272,56.8843,1.25087,ch2_ohr_ncp_20200824T1003365280_d_img_d18,ch2_tmc_ncn_20211113T1650236492_g_grd_d18
10-1-037946,-62.1272,56.8843,1.25087,ch2_ohr_ncp_20200824T1003365280_d_img_d18,ch2_tmc_ncn_20220111T0930287739_g_grd_d32
10-1-037946,-62.1272,56.8843,1.25087,ch2_ohr_ncp_20200824T1003365280_d_img_d18,ch2_tmc_ncn_20220111T1128205233_g_grd_d32
10-1-037946,-62.1272,56.8843,1.25087,ch2_ohr_ncp_20200824T1003365280_d_img_d18,ch2_tmc_ncn_20220111T1523597843_g_grd_d32
10-1-037946,-62.1272,56.8843,1.25087,ch2_ohr_ncp_20200824T1003365280_d_img_d18,ch2_tmc_ncn_20220111T1721503392_g_grd_d32
10-1-037946,-62.1272,56.8843,1.25087,ch2_ohr_ncp_20200824T1003365280_d_img_d18,ch2_tmc_ncn_20220112T1102281958_g_grd_d32
10-1-037946,-62.1272,56.8843,1.25087,ch2_ohr_ncp_20200824T1003365280_d_img_d18,ch2_tmc_ncn_20220112T1300186367_g_grd_d32
10-1-037946,-62.1272,56.8843,1.25087,ch2_ohr_ncp_20200824T1003365280_d_img_d18,ch2_tmc_ncn_20220112T1458093645_g_grd_d32
10-1-037946,-62.1272,56.8843,1.25087,ch2_ohr_ncp_20200824T1003365280_d_img_d18,ch2_tmc_ncn_20220114T1405515898_g_grd_d32
10-1-037946,-62.1272,56.8843,1.25087,ch2_ohr_ncp_20200824T1003365280_d_img_d18,ch2_tmc_ncn_20220125T1911266677_g_grd_d18
10-1-037946,-62.1272,56.8843,1.25087,ch2_ohr_ncp_20200824T1003365280_d_img_d18,ch2_tmc_ncn_20220125T2109207915_g_grd_d18
10-1-037946,-62.1272,56.8843,1.25087,ch2_ohr_ncp_20200824T1003365280_d_img_d18,ch2_tmc_ncn_20220125T2307105389_g_grd_d18
10-1-037946,-62.1272,56.8843,1.25087,ch2_ohr_ncp_20200824T1003365280_d_img_d18,ch2_tmc_ncn_20220126T0105091944_g_grd_d18
10-1-037946,-62.1272,56.8843,1.25087,ch2_ohr_ncp_20200824T1003365280_d_img_d18,ch2_tmc_ncn_20220126T0302597871_g_grd_d18
10-1-037946,-62.1272,56.8843,1.25087,ch2_ohr_ncp_20200824T1003365280_d_img_d18,ch2_tmc_ncn_20220126T2241288791_g_grd_d18
10-1-037946,-62.1272,56.8843,1.25087,ch2_ohr_ncp_20200824T1003365280_d_img_d18,ch2_tmc_ncn_20220127T0039185733_g_grd_d18
10-1-037946,-62.1272,56.8843,1.25087,ch2_ohr_ncp_20200824T1003365280_d_img_d18,ch2_tmc_ncn_20220127T0237112157_g_grd_d18
10-1-037946,-62.1272,56.8843,1.25087,ch2_ohr_ncp_20200824T1003365280_d_img_d18,ch2_tmc_ncn_20220127T0434599637_g_grd_d18
10-1-037946,-62.1272,56.8843,1.25087,ch2_ohr_ncp_20200824T1003365280_d_img_d18,ch2_tmc_ncn_20220127T2215296303_g_grd_d18
10-1-037946,-62.1272,56.8843,1.25087,ch2_ohr_ncp_20200824T1003365280_d_img_d18,ch2_tmc_ncn_20220128T0409055907_g_grd_d18
10-1-037946,-62.1272,56.8843,1.25087,ch2_ohr_ncp_20200824T1003365280_d_img_d18,ch2_tmc_ncn_20220129T0541079533_g_grd_d18
10-1-037959,-61.7155,56.7762,1.77665,ch2_ohr_ncp_20200824T1003365280_d_img_d18,ch2_tmc_ncn_20210524T1311568462_g_grd_d18
10-1-037959,-61.7155,56.7762,1.77665,ch2_ohr_ncp_20200824T1003365280_d_img_d18,ch2_tmc_ncn_20210524T1512098273_g_grd_d18
10-1-037959,-61.7155,56.7762,1.77665,ch2_ohr_ncp_20200824T1003365280_d_img_d18,ch2_tmc_ncn_20210528T2116056144_g_grd_d18
10-1-037959,-61.7155,56.7762,1.77665,ch2_ohr_ncp_20200824T1003365280_d_img_d18,ch2_tmc_ncn_20211113T1650236492_g_grd_d18
10-1-037959,-61.7155,56.7762,1.77665,ch2_ohr_ncp_20200824T1003365280_d_img_d18,ch2_tmc_ncn_20220111T0930287739_g_grd_d32
10-1-037959,-61.7155,56.7762,1.77665,ch2_ohr_ncp_20200824T1003365280_d_img_d18,ch2_tmc_ncn_20220111T1128205233_g_grd_d32
10-1-037959,-61.7155,56.7762,1.77665,ch2_ohr_ncp_20200824T1003365280_d_img_d18,ch2_tmc_ncn_20220111T1523597843_g_grd_d32
10-1-037959,-61.7155,56.7762,1.77665,ch2_ohr_ncp_20200824T1003365280_d_img_d18,ch2_tmc_ncn_20220111T1721503392_g_grd_d32
10-1-037959,-61.7155,56.7762,1.77665,ch2_ohr_ncp_20200824T1003365280_d_img_d18,ch2_tmc_ncn_20220112T1102281958_g_grd_d32
10-1-037959,-61.7155,56.7762,1.77665,ch2_ohr_ncp_20200824T1003365280_d_img_d18,ch2_tmc_ncn_20220112T1300186367_g_grd_d32
10-1-037959,-61.7155,56.7762,1.77665,ch2_ohr_ncp_20200824T1003365280_d_img_d18,ch2_tmc_ncn_20220112T1458093645_g_grd_d32
10-1-037959,-61.7155,56.7762,1.77665,ch2_ohr_ncp_20200824T1003365280_d_img_d18,ch2_tmc_ncn_20220114T1405515898_g_grd_d32
10-1-037959,-61.7155,56.7762,1.77665,ch2_ohr_ncp_20200824T1003365280_d_img_d18,ch2_tmc_ncn_20220125T1911266677_g_grd_d18
10-1-037959,-61.7155,56.7762,1.77665,ch2_ohr_ncp_20200824T1003365280_d_img_d18,ch2_tmc_ncn_20220125T2109207915_g_grd_d18
10-1-037959,-61.7155,56.7762,1.77665,ch2_ohr_ncp_20200824T1003365280_d_img_d18,ch2_tmc_ncn_20220125T2307105389_g_grd_d18
10-1-037959,-61.7155,56.7762,1.77665,ch2_ohr_ncp_20200824T1003365280_d_img_d18,ch2_tmc_ncn_20220126T0105091944_g_grd_d18
10-1-037959,-61.7155,56.7762,1.77665,ch2_ohr_ncp_20200824T1003365280_d_img_d18,ch2_tmc_ncn_20220126T0302597871_g_grd_d18
10-1-037959,-61.7155,56.7762,1.77665,ch2_ohr_ncp_20200824T1003365280_d_img_d18,ch2_tmc_ncn_20220126T2241288791_g_grd_d18
10-1-037959,-61.7155,56.7762,1.77665,ch2_ohr_ncp_20200824T1003365280_d_img_d18,ch2_tmc_ncn_20220127T0039185733_g_grd_d18
10-1-037959,-61.7155,56.7762,1.77665,ch2_ohr_ncp_20200824T1003365280_d_img_d18,ch2_tmc_ncn_20220127T0237112157_g_grd_d18
10-1-037959,-61.7155,56.7762,1.77665,ch2_ohr_ncp_20200824T1003365280_d_img_d18,ch2_tmc_ncn_20220127T0434599637_g_grd_d18
10-1-037959,-61.7155,56.7762,1.77665,ch2_ohr_ncp_20200824T1003365280_d_img_d18,ch2_tmc_ncn_20220127T2215296303_g_grd_d18
10-1-037959,-61.7155,56.7762,1.77665,ch2_ohr_ncp_20200824T1003365280_d_img_d18,ch2_tmc_ncn_20220128T0409055907_g_grd_d18
10-1-037959,-61.7155,56.7762,1.77665,ch2_ohr_ncp_20200824T1003365280_d_img_d18,ch2_tmc_ncn_20220129T0541079533_g_grd_d18
10-1-037962,-61.6747,56.8777,1.41886,ch2_ohr_ncp_20200824T1003365280_d_img_d18,ch2_tmc_ncn_20210524T1311568462_g_grd_d18
10-1-037962,-61.6747,56.8777,1.41886,ch2_ohr_ncp_20200824T1003365280_d_img_d18,ch2_tmc_ncn_20210524T1512098273_g_grd_d18
10-1-037962,-61.6747,56.8777,1.41886,ch2_ohr_ncp_20200824T1003365280_d_img_d18,ch2_tmc_ncn_20210528T2116056144_g_grd_d18
10-1-037962,-61.6747,56.8777,1.41886,ch2_ohr_ncp_20200824T1003365280_d_img_d18,ch2_tmc_ncn_20211113T1650236492_g_grd_d18
10-1-037962,-61.6747,56.8777,1.41886,ch2_ohr_ncp_20200824T1003365280_d_img_d18,ch2_tmc_ncn_20220111T0930287739_g_grd_d32
10-1-037962,-61.6747,56.8777,1.41886,ch2_ohr_ncp_20200824T1003365280_d_img_d18,ch2_tmc_ncn_20220111T1128205233_g_grd_d32
10-1-037962,-61.6747,56.8777,1.41886,ch2_ohr_ncp_20200824T1003365280_d_img_d18,ch2_tmc_ncn_20220111T1523597843_g_grd_d32
10-1-037962,-61.6747,56.8777,1.41886,ch2_ohr_ncp_20200824T1003365280_d_img_d18,ch2_tmc_ncn_20220111T1721503392_g_grd_d32
10-1-037962,-61.6747,56.8777,1.41886,ch2_ohr_ncp_20200824T1003365280_d_img_d18,ch2_tmc_ncn_20220112T1102281958_g_grd_d32
10-1-037962,-61.6747,56.8777,1.41886,ch2_ohr_ncp_20200824T1003365280_d_img_d18,ch2_tmc_ncn_20220112T1300186367_g_grd_d32
10-1-037962,-61.6747,56.8777,1.41886,ch2_ohr_ncp_20200824T1003365280_d_img_d18,ch2_tmc_ncn_20220112T1458093645_g_grd_d32
10-1-037962,-61.6747,56.8777,1.41886,ch2_ohr_ncp_20200824T1003365280_d_img_d18,ch2_tmc_ncn_20220114T1405515898_g_grd_d32
10-1-037962,-61.6747,56.8777,1.41886,ch2_ohr_ncp_20200824T1003365280_d_img_d18,ch2_tmc_ncn_20220125T1911266677_g_grd_d18
10-1-037962,-61.6747,56.8777,1.41886,ch2_ohr_ncp_20200824T1003365280_d_img_d18,ch2_tmc_ncn_20220125T2109207915_g_grd_d18
10-1-037962,-61.6747,56.8777,1.41886,ch2_ohr_ncp_20200824T1003365280_d_img_d18,ch2_tmc_ncn_20220125T2307105389_g_grd_d18
10-1-037962,-61.6747,56.8777,1.41886,ch2_ohr_ncp_20200824T1003365280_d_img_d18,ch2_tmc_ncn_20220126T0105091944_g_grd_d18
10-1-037962,-61.6747,56.8777,1.41886,ch2_ohr_ncp_20200824T1003365280_d_img_d18,ch2_tmc_ncn_20220126T0302597871_g_grd_d18
10-1-037962,-61.6747,56.8777,1.41886,ch2_ohr_ncp_20200824T1003365280_d_img_d18,ch2_tmc_ncn_20220126T2241288791_g_grd_d18
10-1-037962,-61.6747,56.8777,1.41886,ch2_ohr_ncp_20200824T1003365280_d_img_d18,ch2_tmc_ncn_20220127T0039185733_g_grd_d18
10-1-037962,-61.6747,56.8777,1.41886,ch2_ohr_ncp_20200824T1003365280_d_img_d18,ch2_tmc_ncn_20220127T0237112157_g_grd_d18
10-1-037962,-61.6747,56.8777,1.41886,ch2_ohr_ncp_20200824T1003365280_d_img_d18,ch2_tmc_ncn_20220127T0434599637_g_grd_d18
10-1-037962,-61.6747,56.8777,1.41886,ch2_ohr_ncp_20200824T1003365280_d_img_d18,ch2_tmc_ncn_20220127T2215296303_g_grd_d18
10-1-037962,-61.6747,56.8777,1.41886,ch2_ohr_ncp_20200824T1003365280_d_img_d18,ch2_tmc_ncn_20220128T0409055907_g_grd_d18
10-1-037962,-61.6747,56.8777,1.41886,ch2_ohr_ncp_20200824T1003365280_d_img_d18,ch2_tmc_ncn_20220129T0541079533_g_grd_d18
10-1-038313,-62.347,56.8565,1.14755,ch2_ohr_ncp_20200824T1003365280_d_img_d18,ch2_tmc_ncn_20210524T1311568462_g_grd_d18
10-1-038313,-62.347,56.8565,1.14755,ch2_ohr_ncp_20200824T1003365280_d_img_d18,ch2_tmc_ncn_20210524T1512098273_g_grd_d18
10-1-038313,-62.347,56.8565,1.14755,ch2_ohr_ncp_20200824T1003365280_d_img_d18,ch2_tmc_ncn_20210528T2116056144_g_grd_d18
10-1-038313,-62.347,56.8565,1.14755,ch2_ohr_ncp_20200824T1003365280_d_img_d18,ch2_tmc_ncn_20211113T1650236492_g_grd_d18
10-1-038313,-62.347,56.8565,1.14755,ch2_ohr_ncp_20200824T1003365280_d_img_d18,ch2_tmc_ncn_20220111T0930287739_g_grd_d32
10-1-038313,-62.347,56.8565,1.14755,ch2_ohr_ncp_20200824T1003365280_d_img_d18,ch2_tmc_ncn_20220111T1128205233_g_grd_d32
10-1-038313,-62.347,56.8565,1.14755,ch2_ohr_ncp_20200824T1003365280_d_img_d18,ch2_tmc_ncn_20220111T1523597843_g_grd_d32
10-1-038313,-62.347,56.8565,1.14755,ch2_ohr_ncp_20200824T1003365280_d_img_d18,ch2_tmc_ncn_20220111T1721503392_g_grd_d32
10-1-038313,-62.347,56.8565,1.14755,ch2_ohr_ncp_20200824T1003365280_d_img_d18,ch2_tmc_ncn_20220112T1102281958_g_grd_d32
10-1-038313,-62.347,56.8565,1.14755,ch2_ohr_ncp_20200824T1003365280_d_img_d18,ch2_tmc_ncn_20220112T1300186367_g_grd_d32
10-1-038313,-62.347,56.8565,1.14755,ch2_ohr_ncp_20200824T1003365280_d_img_d18,ch2_tmc_ncn_20220112T1458093645_g_grd_d32
10-1-038313,-62.347,56.8565,1.14755,ch2_ohr_ncp_20200824T1003365280_d_img_d18,ch2_tmc_ncn_20220114T1405515898_g_grd_d32
10-1-038313,-62.347,56.8565,1.14755,ch2_ohr_ncp_20200824T1003365280_d_img_d18,ch2_tmc_ncn_20220125T1911266677_g_grd_d18
10-1-038313,-62.347,56.8565,1.14755,ch2_ohr_ncp_20200824T1003365280_d_img_d18,ch2_tmc_ncn_20220125T2109207915_g_grd_d18
10-1-038313,-62.347,56.8565,1.14755,ch2_ohr_ncp_20200824T1003365280_d_img_d18,ch2_tmc_ncn_20220125T2307105389_g_grd_d18
10-1-038313,-62.347,56.8565,1.14755,ch2_ohr_ncp_20200824T1003365280_d_img_d18,ch2_tmc_ncn_20220126T0105091944_g_grd_d18
10-1-038313,-62.347,56.8565,1.14755,ch2_ohr_ncp_20200824T1003365280_d_img_d18,ch2_tmc_ncn_20220126T0302597871_g_grd_d18
10-1-038313,-62.347,56.8565,1.14755,ch2_ohr_ncp_20200824T1003365280_d_img_d18,ch2_tmc_ncn_20220126T2241288791_g_grd_d18
10-1-038313,-62.347,56.8565,1.14755,ch2_ohr_ncp_20200824T1003365280_d_img_d18,ch2_tmc_ncn_20220127T0039185733_g_grd_d18
10-1-038313,-62.347,56.8565,1.14755,ch2_ohr_ncp_20200824T1003365280_d_img_d18,ch2_tmc_ncn_20220127T0237112157_g_grd_d18
10-1-038313,-62.347,56.8565,1.14755,ch2_ohr_ncp_20200824T1003365280_d_img_d18,ch2_tmc_ncn_20220127T0434599637_g_grd_d18
10-1-038313,-62.347,56.8565,1.14755,ch2_ohr_ncp_20200824T1003365280_d_img_d18,ch2_tmc_ncn_20220127T2215296303_g_grd_d18
10-1-038313,-62.347,56.8565,1.14755,ch2_ohr_ncp_20200824T1003365280_d_img_d18,ch2_tmc_ncn_20220128T0409055907_g_grd_d18
10-1-038313,-62.347,56.8565,1.14755,ch2_ohr_ncp_20200824T1003365280_d_img_d18,ch2_tmc_ncn_20220129T0541079533_g_grd_d18
10-1-038314,-62.371,56.7368,2.28546,ch2_ohr_ncp_20200824T1003365280_d_img_d18,ch2_tmc_ncn_20210524T1311568462_g_grd_d18
10-1-038314,-62.371,56.7368,2.28546,ch2_ohr_ncp_20200824T1003365280_d_img_d18,ch2_tmc_ncn_20210524T1512098273_g_grd_d18
10-1-038314,-62.371,56.7368,2.28546,ch2_ohr_ncp_20200824T1003365280_d_img_d18,ch2_tmc_ncn_20210528T2116056144_g_grd_d18
10-1-038314,-62.371,56.7368,2.28546,ch2_ohr_ncp_20200824T1003365280_d_img_d18,ch2_tmc_ncn_20211113T1650236492_g_grd_d18
10-1-038314,-62.371,56.7368,2.28546,ch2_ohr_ncp_20200824T1003365280_d_img_d18,ch2_tmc_ncn_20220111T0930287739_g_grd_d32
10-1-038314,-62.371,56.7368,2.28546,ch2_ohr_ncp_20200824T1003365280_d_img_d18,ch2_tmc_ncn_20220111T1128205233_g_grd_d32
10-1-038314,-62.371,56.7368,2.28546,ch2_ohr_ncp_20200824T1003365280_d_img_d18,ch2_tmc_ncn_20220111T1523597843_g_grd_d32
10-1-038314,-62.371,56.7368,2.28546,ch2_ohr_ncp_20200824T1003365280_d_img_d18,ch2_tmc_ncn_20220111T1721503392_g_grd_d32
10-1-038314,-62.371,56.7368,2.28546,ch2_ohr_ncp_20200824T1003365280_d_img_d18,ch2_tmc_ncn_20220112T1102281958_g_grd_d32
10-1-038314,-62.371,56.7368,2.28546,ch2_ohr_ncp_20200824T1003365280_d_img_d18,ch2_tmc_ncn_20220112T1300186367_g_grd_d32
10-1-038314,-62.371,56.7368,2.28546,ch2_ohr_ncp_20200824T1003365280_d_img_d18,ch2_tmc_ncn_20220112T1458093645_g_grd_d32
10-1-038314,-62.371,56.7368,2.28546,ch2_ohr_ncp_20200824T1003365280_d_img_d18,ch2_tmc_ncn_20220114T1405515898_g_grd_d32
10-1-038314,-62.371,56.7368,2.28546,ch2_ohr_ncp_20200824T1003365280_d_img_d18,ch2_tmc_ncn_20220125T1911266677_g_grd_d18
10-1-038314,-62.371,56.7368,2.28546,ch2_ohr_ncp_20200824T1003365280_d_img_d18,ch2_tmc_ncn_20220125T2109207915_g_grd_d18
10-1-038314,-62.371,56.7368,2.28546,ch2_ohr_ncp_20200824T1003365280_d_img_d18,ch2_tmc_ncn_20220125T2307105389_g_grd_d18
10-1-038314,-62.371,56.7368,2.28546,ch2_ohr_ncp_20200824T1003365280_d_img_d18,ch2_tmc_ncn_20220126T0105091944_g_grd_d18
10-1-038314,-62.371,56.7368,2.28546,ch2_ohr_ncp_20200824T1003365280_d_img_d18,ch2_tmc_ncn_20220126T0302597871_g_grd_d18
10-1-038314,-62.371,56.7368,2.28546,ch2_ohr_ncp_20200824T1003365280_d_img_d18,ch2_tmc_ncn_20220126T2241288791_g_grd_d18
10-1-038314,-62.371,56.7368,2.28546,ch2_ohr_ncp_20200824T1003365280_d_img_d18,ch2_tmc_ncn_20220127T0039185733_g_grd_d18
10-1-038314,-62.371,56.7368,2.28546,ch2_ohr_ncp_20200824T1003365280_d_img_d18,ch2_tmc_ncn_20220127T0237112157_g_grd_d18
10-1-038314,-62.371,56.7368,2.28546,ch2_ohr_ncp_20200824T1003365280_d_img_d18,ch2_tmc_ncn_20220127T0434599637_g_grd_d18
10-1-038314,-62.371,56.7368,2.28546,ch2_ohr_ncp_20200824T1003365280_d_img_d18,ch2_tmc_ncn_20220127T2215296303_g_grd_d18
10-1-038314,-62.371,56.7368,2.28546,ch2_ohr_ncp_20200824T1003365280_d_img_d18,ch2_tmc_ncn_20220128T0409055907_g_grd_d18
10-1-038314,-62.371,56.7368,2.28546,ch2_ohr_ncp_20200824T1003365280_d_img_d18,ch2_tmc_ncn_20220129T0541079533_g_grd_d18
10-1-038315,-62.4642,56.8209,1.98905,ch2_ohr_ncp_20200824T1003365280_d_img_d18,ch2_tmc_ncn_20210524T1311568462_g_grd_d18
10-1-038315,-62.4642,56.8209,1.98905,ch2_ohr_ncp_20200824T1003365280_d_img_d18,ch2_tmc_ncn_20210524T1512098273_g_grd_d18
10-1-038315,-62.4642,56.8209,1.98905,ch2_ohr_ncp_20200824T1003365280_d_img_d18,ch2_tmc_ncn_20210528T2116056144_g_grd_d18
10-1-038315,-62.4642,56.8209,1.98905,ch2_ohr_ncp_20200824T1003365280_d_img_d18,ch2_tmc_ncn_20211113T1650236492_g_grd_d18
10-1-038315,-62.4642,56.8209,1.98905,ch2_ohr_ncp_20200824T1003365280_d_img_d18,ch2_tmc_ncn_20220111T0930287739_g_grd_d32
10-1-038315,-62.4642,56.8209,1.98905,ch2_ohr_ncp_20200824T1003365280_d_img_d18,ch2_tmc_ncn_20220111T1128205233_g_grd_d32
10-1-038315,-62.4642,56.8209,1.98905,ch2_ohr_ncp_20200824T1003365280_d_img_d18,ch2_tmc_ncn_20220111T1523597843_g_grd_d32
10-1-038315,-62.4642,56.8209,1.98905,ch2_ohr_ncp_20200824T1003365280_d_img_d18,ch2_tmc_ncn_20220111T1721503392_g_grd_d32
10-1-038315,-62.4642,56.8209,1.98905,ch2_ohr_ncp_20200824T1003365280_d_img_d18,ch2_tmc_ncn_20220112T1102281958_g_grd_d32
10-1-038315,-62.4642,56.8209,1.98905,ch2_ohr_ncp_20200824T1003365280_d_img_d18,ch2_tmc_ncn_20220112T1300186367_g_grd_d32
10-1-038315,-62.4642,56.8209,1.98905,ch2_ohr_ncp_20200824T1003365280_d_img_d18,ch2_tmc_ncn_20220112T1458093645_g_grd_d32
10-1-038315,-62.4642,56.8209,1.98905,ch2_ohr_ncp_20200824T1003365280_d_img_d18,ch2_tmc_ncn_20220114T1405515898_g_grd_d32
10-1-038315,-62.4642,56.8209,1.98905,ch2_ohr_ncp_20200824T1003365280_d_img_d18,ch2_tmc_ncn_20220125T1911266677_g_grd_d18
10-1-038315,-62.4642,56.8209,1.98905,ch2_ohr_ncp_20200824T1003365280_d_img_d18,ch2_tmc_ncn_20220125T2109207915_g_grd_d18
10-1-038315,-62.4642,56.8209,1.98905,ch2_ohr_ncp_20200824T1003365280_d_img_d18,ch2_tmc_ncn_20220125T2307105389_g_grd_d18
10-1-038315,-62.4642,56.8209,1.98905,ch2_ohr_ncp_20200824T1003365280_d_img_d18,ch2_tmc_ncn_20220126T0105091944_g_grd_d18
10-1-038315,-62.4642,56.8209,1.98905,ch2_ohr_ncp_20200824T1003365280_d_img_d18,ch2_tmc_ncn_20220126T0302597871_g_grd_d18
10-1-038315,-62.4642,56.8209,1.98905,ch2_ohr_ncp_20200824T1003365280_d_img_d18,ch2_tmc_ncn_20220126T2241288791_g_grd_d18
10-1-038315,-62.4642,56.8209,1.98905,ch2_ohr_ncp_20200824T1003365280_d_img_d18,ch2_tmc_ncn_20220127T0039185733_g_grd_d18
10-1-038315,-62.4642,56.8209,1.98905,ch2_ohr_ncp_20200824T1003365280_d_img_d18,ch2_tmc_ncn_20220127T0237112157_g_grd_d18
10-1-038315,-62.4642,56.8209,1.98905,ch2_ohr_ncp_20200824T1003365280_d_img_d18,ch2_tmc_ncn_20220127T0434599637_g_grd_d18
10-1-038315,-62.4642,56.8209,1.98905,ch2_ohr_ncp_20200824T1003365280_d_img_d18,ch2_tmc_ncn_20220127T2215296303_g_grd_d18
10-1-038315,-62.4642,56.8209,1.98905,ch2_ohr_ncp_20200824T1003365280_d_img_d18,ch2_tmc_ncn_20220128T0409055907_g_grd_d18
10-1-038315,-62.4642,56.8209,1.98905,ch2_ohr_ncp_20200824T1003365280_d_img_d18,ch2_tmc_ncn_20220129T0541079533_g_grd_d18
10-1-037346,-69.1277,41.3675,2.34695,ch2_ohr_ncp_20200825T1127278043_d_img_d18,ch2_tmc_ncn_20210528T2116056144_g_grd_d18
10-1-037346,-69.1277,41.3675,2.34695,ch2_ohr_ncp_20200825T1127278043_d_img_d18,ch2_tmc_ncn_20211113T1650236492_g_grd_d18
10-1-037346,-69.1277,41.3675,2.34695,ch2_ohr_ncp_20200825T1127278043_d_img_d18,ch2_tmc_ncn_20220112T1102281958_g_grd_d32
10-1-037346,-69.1277,41.3675,2.34695,ch2_ohr_ncp_20200825T1127278043_d_img_d18,ch2_tmc_ncn_20220112T1300186367_g_grd_d32
10-1-037346,-69.1277,41.3675,2.34695,ch2_ohr_ncp_20200825T1127278043_d_img_d18,ch2_tmc_ncn_20220112T1458093645_g_grd_d32
10-1-037346,-69.1277,41.3675,2.34695,ch2_ohr_ncp_20200825T1127278043_d_img_d18,ch2_tmc_ncn_20220114T1405515898_g_grd_d32
10-1-037346,-69.1277,41.3675,2.34695,ch2_ohr_ncp_20200825T1127278043_d_img_d18,ch2_tmc_ncn_20220126T2241288791_g_grd_d18
10-1-037346,-69.1277,41.3675,2.34695,ch2_ohr_ncp_20200825T1127278043_d_img_d18,ch2_tmc_ncn_20220127T0039185733_g_grd_d18
10-1-037346,-69.1277,41.3675,2.34695,ch2_ohr_ncp_20200825T1127278043_d_img_d18,ch2_tmc_ncn_20220127T0237112157_g_grd_d18
10-1-037346,-69.1277,41.3675,2.34695,ch2_ohr_ncp_20200825T1127278043_d_img_d18,ch2_tmc_ncn_20220127T0434599637_g_grd_d18
10-1-037346,-69.1277,41.3675,2.34695,ch2_ohr_ncp_20200825T1127278043_d_img_d18,ch2_tmc_ncn_20220127T2215296303_g_grd_d18
10-1-037346,-69.1277,41.3675,2.34695,ch2_ohr_ncp_20200825T1127278043_d_img_d18,ch2_tmc_ncn_20220128T0409055907_g_grd_d18
10-1-037346,-69.1277,41.3675,2.34695,ch2_ohr_ncp_20200825T1127278043_d_img_d18,ch2_tmc_ncn_20220129T0541079533_g_grd_d18
10-1-037382,-68.5633,41.2024,1.36967,ch2_ohr_ncp_20200825T1127278043_d_img_d18,ch2_tmc_ncn_20210528T2116056144_g_grd_d18
10-1-037382,-68.5633,41.2024,1.36967,ch2_ohr_ncp_20200825T1127278043_d_img_d18,ch2_tmc_ncn_20211113T1650236492_g_grd_d18
10-1-037382,-68.5633,41.2024,1.36967,ch2_ohr_ncp_20200825T1127278043_d_img_d18,ch2_tmc_ncn_20220112T1102281958_g_grd_d32
10-1-037382,-68.5633,41.2024,1.36967,ch2_ohr_ncp_20200825T1127278043_d_img_d18,ch2_tmc_ncn_20220112T1300186367_g_grd_d32
10-1-037382,-68.5633,41.2024,1.36967,ch2_ohr_ncp_20200825T1127278043_d_img_d18,ch2_tmc_ncn_20220112T1458093645_g_grd_d32
10-1-037382,-68.5633,41.2024,1.36967,ch2_ohr_ncp_20200825T1127278043_d_img_d18,ch2_tmc_ncn_20220114T1405515898_g_grd_d32
10-1-037382,-68.5633,41.2024,1.36967,ch2_ohr_ncp_20200825T1127278043_d_img_d18,ch2_tmc_ncn_20220126T2241288791_g_grd_d18
10-1-037382,-68.5633,41.2024,1.36967,ch2_ohr_ncp_20200825T1127278043_d_img_d18,ch2_tmc_ncn_20220127T0039185733_g_grd_d18
10-1-037382,-68.5633,41.2024,1.36967,ch2_ohr_ncp_20200825T1127278043_d_img_d18,ch2_tmc_ncn_20220127T0237112157_g_grd_d18
10-1-037382,-68.5633,41.2024,1.36967,ch2_ohr_ncp_20200825T1127278043_d_img_d18,ch2_tmc_ncn_20220127T0434599637_g_grd_d18
10-1-037382,-68.5633,41.2024,1.36967,ch2_ohr_ncp_20200825T1127278043_d_img_d18,ch2_tmc_ncn_20220127T2215296303_g_grd_d18
10-1-037382,-68.5633,41.2024,1.36967,ch2_ohr_ncp_20200825T1127278043_d_img_d18,ch2_tmc_ncn_20220128T0409055907_g_grd_d18
10-1-037382,-68.5633,41.2024,1.36967,ch2_ohr_ncp_20200825T1127278043_d_img_d18,ch2_tmc_ncn_20220129T0541079533_g_grd_d18
10-1-037413,-68.677,41.3212,4.63088,ch2_ohr_ncp_20200825T1127278043_d_img_d18,ch2_tmc_ncn_20210528T2116056144_g_grd_d18
10-1-037413,-68.677,41.3212,4.63088,ch2_ohr_ncp_20200825T1127278043_d_img_d18,ch2_tmc_ncn_20211113T1650236492_g_grd_d18
10-1-037413,-68.677,41.3212,4.63088,ch2_ohr_ncp_20200825T1127278043_d_img_d18,ch2_tmc_ncn_20220112T1102281958_g_grd_d32
10-1-037413,-68.677,41.3212,4.63088,ch2_ohr_ncp_20200825T1127278043_d_img_d18,ch2_tmc_ncn_20220112T1300186367_g_grd_d32
10-1-037413,-68.677,41.3212,4.63088,ch2_ohr_ncp_20200825T1127278043_d_img_d18,ch2_tmc_ncn_20220112T1458093645_g_grd_d32
10-1-037413,-68.677,41.3212,4.63088,ch2_ohr_ncp_20200825T1127278043_d_img_d18,ch2_tmc_ncn_20220114T1405515898_g_grd_d32
10-1-037413,-68.677,41.3212,4.63088,ch2_ohr_ncp_20200825T1127278043_d_img_d18,ch2_tmc_ncn_20220126T2241288791_g_grd_d18
10-1-037413,-68.677,41.3212,4.63088,ch2_ohr_ncp_20200825T1127278043_d_img_d18,ch2_tmc_ncn_20220127T0039185733_g_grd_d18
10-1-037413,-68.677,41.3212,4.63088,ch2_ohr_ncp_20200825T1127278043_d_img_d18,ch2_tmc_ncn_20220127T0237112157_g_grd_d18
10-1-037413,-68.677,41.3212,4.63088,ch2_ohr_ncp_20200825T1127278043_d_img_d18,ch2_tmc_ncn_20220127T0434599637_g_grd_d18
10-1-037413,-68.677,41.3212,4.63088,ch2_ohr_ncp_20200825T1127278043_d_img_d18,ch2_tmc_ncn_20220127T2215296303_g_grd_d18
10-1-037413,-68.677,41.3212,4.63088,ch2_ohr_ncp_20200825T1127278043_d_img_d18,ch2_tmc_ncn_20220128T0409055907_g_grd_d18
10-1-037413,-68.677,41.3212,4.63088,ch2_ohr_ncp_20200825T1127278043_d_img_d18,ch2_tmc_ncn_20220129T0541079533_g_grd_d18
10-1-019130,-63.3445,39.4878,1.06317,ch2_ohr_ncp_20200825T1322594314_d_img_d18,ch2_tmc_ncn_20210528T2116056144_g_grd_d18
10-1-019130,-63.3445,39.4878,1.06317,ch2_ohr_ncp_20200825T1322594314_d_img_d18,ch2_tmc_ncn_20211113T1650236492_g_grd_d18
10-1-019130,-63.3445,39.4878,1.06317,ch2_ohr_ncp_20200825T1322594314_d_img_d18,ch2_tmc_ncn_20220112T1458093645_g_grd_d32
10-1-019130,-63.3445,39.4878,1.06317,ch2_ohr_ncp_20200825T1322594314_d_img_d18,ch2_tmc_ncn_20220114T1405515898_g_grd_d32
10-1-019130,-63.3445,39.4878,1.06317,ch2_ohr_ncp_20200825T1322594314_d_img_d18,ch2_tmc_ncn_20220126T2241288791_g_grd_d18
10-1-019130,-63.3445,39.4878,1.06317,ch2_ohr_ncp_20200825T1322594314_d_img_d18,ch2_tmc_ncn_20220127T0039185733_g_grd_d18
10-1-019130,-63.3445,39.4878,1.06317,ch2_ohr_ncp_20200825T1322594314_d_img_d18,ch2_tmc_ncn_20220127T0237112157_g_grd_d18
10-1-019130,-63.3445,39.4878,1.06317,ch2_ohr_ncp_20200825T1322594314_d_img_d18,ch2_tmc_ncn_20220127T0434599637_g_grd_d18
10-1-019130,-63.3445,39.4878,1.06317,ch2_ohr_ncp_20200825T1322594314_d_img_d18,ch2_tmc_ncn_20220127T2215296303_g_grd_d18
10-1-019130,-63.3445,39.4878,1.06317,ch2_ohr_ncp_20200825T1322594314_d_img_d18,ch2_tmc_ncn_20220128T0409055907_g_grd_d18
10-1-019130,-63.3445,39.4878,1.06317,ch2_ohr_ncp_20200825T1322594314_d_img_d18,ch2_tmc_ncn_20220129T0541079533_g_grd_d18
10-1-019143,-63.4004,39.5722,1.02507,ch2_ohr_ncp_20200825T1322594314_d_img_d18,ch2_tmc_ncn_20210528T2116056144_g_grd_d18
10-1-019143,-63.4004,39.5722,1.02507,ch2_ohr_ncp_20200825T1322594314_d_img_d18,ch2_tmc_ncn_20211113T1650236492_g_grd_d18
10-1-019143,-63.4004,39.5722,1.02507,ch2_ohr_ncp_20200825T1322594314_d_img_d18,ch2_tmc_ncn_20220112T1458093645_g_grd_d32
10-1-019143,-63.4004,39.5722,1.02507,ch2_ohr_ncp_20200825T1322594314_d_img_d18,ch2_tmc_ncn_20220114T1405515898_g_grd_d32
10-1-019143,-63.4004,39.5722,1.02507,ch2_ohr_ncp_20200825T1322594314_d_img_d18,ch2_tmc_ncn_20220126T2241288791_g_grd_d18
10-1-019143,-63.4004,39.5722,1.02507,ch2_ohr_ncp_20200825T1322594314_d_img_d18,ch2_tmc_ncn_20220127T0039185733_g_grd_d18
10-1-019143,-63.4004,39.5722,1.02507,ch2_ohr_ncp_20200825T1322594314_d_img_d18,ch2_tmc_ncn_20220127T0237112157_g_grd_d18
10-1-019143,-63.4004,39.5722,1.02507,ch2_ohr_ncp_20200825T1322594314_d_img_d18,ch2_tmc_ncn_20220127T0434599637_g_grd_d18
10-1-019143,-63.4004,39.5722,1.02507,ch2_ohr_ncp_20200825T1322594314_d_img_d18,ch2_tmc_ncn_20220127T2215296303_g_grd_d18
10-1-019143,-63.4004,39.5722,1.02507,ch2_ohr_ncp_20200825T1322594314_d_img_d18,ch2_tmc_ncn_20220128T0409055907_g_grd_d18
10-1-019143,-63.4004,39.5722,1.02507,ch2_ohr_ncp_20200825T1322594314_d_img_d18,ch2_tmc_ncn_20220129T0541079533_g_grd_d18
10-1-024337,-63.899,39.6179,1.00684,ch2_ohr_ncp_20200825T1322594314_d_img_d18,ch2_tmc_ncn_20210528T2116056144_g_grd_d18
10-1-024337,-63.899,39.6179,1.00684,ch2_ohr_ncp_20200825T1322594314_d_img_d18,ch2_tmc_ncn_20211113T1650236492_g_grd_d18
10-1-024337,-63.899,39.6179,1.00684,ch2_ohr_ncp_20200825T1322594314_d_img_d18,ch2_tmc_ncn_20220112T1458093645_g_grd_d32
10-1-024337,-63.899,39.6179,1.00684,ch2_ohr_ncp_20200825T1322594314_d_img_d18,ch2_tmc_ncn_20220114T1405515898_g_grd_d32
10-1-024337,-63.899,39.6179,1.00684,ch2_ohr_ncp_20200825T1322594314_d_img_d18,ch2_tmc_ncn_20220126T2241288791_g_grd_d18
10-1-024337,-63.899,39.6179,1.00684,ch2_ohr_ncp_20200825T1322594314_d_img_d18,ch2_tmc_ncn_20220127T0039185733_g_grd_d18
10-1-024337,-63.899,39.6179,1.00684,ch2_ohr_ncp_20200825T1322594314_d_img_d18,ch2_tmc_ncn_20220127T0237112157_g_grd_d18
10-1-024337,-63.899,39.6179,1.00684,ch2_ohr_ncp_20200825T1322594314_d_img_d18,ch2_tmc_ncn_20220127T0434599637_g_grd_d18
10-1-024337,-63.899,39.6179,1.00684,ch2_ohr_ncp_20200825T1322594314_d_img_d18,ch2_tmc_ncn_20220127T2215296303_g_grd_d18
10-1-024337,-63.899,39.6179,1.00684,ch2_ohr_ncp_20200825T1322594314_d_img_d18,ch2_tmc_ncn_20220128T0409055907_g_grd_d18
10-1-024337,-63.899,39.6179,1.00684,ch2_ohr_ncp_20200825T1322594314_d_img_d18,ch2_tmc_ncn_20220129T0541079533_g_grd_d18
10-2-000030,-64.0452,39.614,80.3487,ch2_ohr_ncp_20200825T1322594314_d_img_d18,ch2_tmc_ncn_20210528T2116056144_g_grd_d18
10-2-000030,-64.0452,39.614,80.3487,ch2_ohr_ncp_20200825T1322594314_d_img_d18,ch2_tmc_ncn_20211113T1650236492_g_grd_d18
10-2-000030,-64.0452,39.614,80.3487,ch2_ohr_ncp_20200825T1322594314_d_img_d18,ch2_tmc_ncn_20220112T1458093645_g_grd_d32
10-2-000030,-64.0452,39.614,80.3487,ch2_ohr_ncp_20200825T1322594314_d_img_d18,ch2_tmc_ncn_20220114T1405515898_g_grd_d32
10-2-000030,-64.0452,39.614,80.3487,ch2_ohr_ncp_20200825T1322594314_d_img_d18,ch2_tmc_ncn_20220126T2241288791_g_grd_d18
10-2-000030,-64.0452,39.614,80.3487,ch2_ohr_ncp_20200825T1322594314_d_img_d18,ch2_tmc_ncn_20220127T0039185733_g_grd_d18
10-2-000030,-64.0452,39.614,80.3487,ch2_ohr_ncp_20200825T1322594314_d_img_d18,ch2_tmc_ncn_20220127T0237112157_g_grd_d18
10-2-000030,-64.0452,39.614,80.3487,ch2_ohr_ncp_20200825T1322594314_d_img_d18,ch2_tmc_ncn_20220127T0434599637_g_grd_d18
10-2-000030,-64.0452,39.614,80.3487,ch2_ohr_ncp_20200825T1322594314_d_img_d18,ch2_tmc_ncn_20220127T2215296303_g_grd_d18
10-2-000030,-64.0452,39.614,80.3487,ch2_ohr_ncp_20200825T1322594314_d_img_d18,ch2_tmc_ncn_20220128T0409055907_g_grd_d18
10-2-000030,-64.0452,39.614,80.3487,ch2_ohr_ncp_20200825T1322594314_d_img_d18,ch2_tmc_ncn_20220129T0541079533_g_grd_d18
10-1-037344,-69.0556,41.1377,1.28468,ch2_ohr_ncp_20200825T1521048453_d_img_d18,ch2_tmc_ncn_20210528T2116056144_g_grd_d18
10-1-037344,-69.0556,41.1377,1.28468,ch2_ohr_ncp_20200825T1521048453_d_img_d18,ch2_tmc_ncn_20211113T1650236492_g_grd_d18
10-1-037344,-69.0556,41.1377,1.28468,ch2_ohr_ncp_20200825T1521048453_d_img_d18,ch2_tmc_ncn_20220112T1102281958_g_grd_d32
10-1-037344,-69.0556,41.1377,1.28468,ch2_ohr_ncp_20200825T1521048453_d_img_d18,ch2_tmc_ncn_20220112T1300186367_g_grd_d32
10-1-037344,-69.0556,41.1377,1.28468,ch2_ohr_ncp_20200825T1521048453_d_img_d18,ch2_tmc_ncn_20220112T1458093645_g_grd_d32
10-1-037344,-69.0556,41.1377,1.28468,ch2_ohr_ncp_20200825T1521048453_d_img_d18,ch2_tmc_ncn_20220114T1405515898_g_grd_d32
10-1-037344,-69.0556,41.1377,1.28468,ch2_ohr_ncp_20200825T1521048453_d_img_d18,ch2_tmc_ncn_20220126T2241288791_g_grd_d18
10-1-037344,-69.0556,41.1377,1.28468,ch2_ohr_ncp_20200825T1521048453_d_img_d18,ch2_tmc_ncn_20220127T0039185733_g_grd_d18
10-1-037344,-69.0556,41.1377,1.28468,ch2_ohr_ncp_20200825T1521048453_d_img_d18,ch2_tmc_ncn_20220127T0237112157_g_grd_d18
10-1-037344,-69.0556,41.1377,1.28468,ch2_ohr_ncp_20200825T1521048453_d_img_d18,ch2_tmc_ncn_20220127T0434599637_g_grd_d18
10-1-037344,-69.0556,41.1377,1.28468,ch2_ohr_ncp_20200825T1521048453_d_img_d18,ch2_tmc_ncn_20220127T2215296303_g_grd_d18
10-1-037344,-69.0556,41.1377,1.28468,ch2_ohr_ncp_20200825T1521048453_d_img_d18,ch2_tmc_ncn_20220128T0409055907_g_grd_d18
10-1-037344,-69.0556,41.1377,1.28468,ch2_ohr_ncp_20200825T1521048453_d_img_d18,ch2_tmc_ncn_20220129T0541079533_g_grd_d18
10-1-037346,-69.1277,41.3675,2.34695,ch2_ohr_ncp_20200825T1521048453_d_img_d18,ch2_tmc_ncn_20210528T2116056144_g_grd_d18
10-1-037346,-69.1277,41.3675,2.34695,ch2_ohr_ncp_20200825T1521048453_d_img_d18,ch2_tmc_ncn_20211113T1650236492_g_grd_d18
10-1-037346,-69.1277,41.3675,2.34695,ch2_ohr_ncp_20200825T1521048453_d_img_d18,ch2_tmc_ncn_20220112T1102281958_g_grd_d32
10-1-037346,-69.1277,41.3675,2.34695,ch2_ohr_ncp_20200825T1521048453_d_img_d18,ch2_tmc_ncn_20220112T1300186367_g_grd_d32
10-1-037346,-69.1277,41.3675,2.34695,ch2_ohr_ncp_20200825T1521048453_d_img_d18,ch2_tmc_ncn_20220112T1458093645_g_grd_d32
10-1-037346,-69.1277,41.3675,2.34695,ch2_ohr_ncp_20200825T1521048453_d_img_d18,ch2_tmc_ncn_20220114T1405515898_g_grd_d32
10-1-037346,-69.1277,41.3675,2.34695,ch2_ohr_ncp_20200825T1521048453_d_img_d18,ch2_tmc_ncn_20220126T2241288791_g_grd_d18
10-1-037346,-69.1277,41.3675,2.34695,ch2_ohr_ncp_20200825T1521048453_d_img_d18,ch2_tmc_ncn_20220127T0039185733_g_grd_d18
10-1-037346,-69.1277,41.3675,2.34695,ch2_ohr_ncp_20200825T1521048453_d_img_d18,ch2_tmc_ncn_20220127T0237112157_g_grd_d18
10-1-037346,-69.1277,41.3675,2.34695,ch2_ohr_ncp_20200825T1521048453_d_img_d18,ch2_tmc_ncn_20220127T0434599637_g_grd_d18
10-1-037346,-69.1277,41.3675,2.34695,ch2_ohr_ncp_20200825T1521048453_d_img_d18,ch2_tmc_ncn_20220127T2215296303_g_grd_d18
10-1-037346,-69.1277,41.3675,2.34695,ch2_ohr_ncp_20200825T1521048453_d_img_d18,ch2_tmc_ncn_20220128T0409055907_g_grd_d18
10-1-037346,-69.1277,41.3675,2.34695,ch2_ohr_ncp_20200825T1521048453_d_img_d18,ch2_tmc_ncn_20220129T0541079533_g_grd_d18
10-1-037363,-69.1132,41.1251,2.19444,ch2_ohr_ncp_20200825T1521048453_d_img_d18,ch2_tmc_ncn_20210528T2116056144_g_grd_d18
10-1-037363,-69.1132,41.1251,2.19444,ch2_ohr_ncp_20200825T1521048453_d_img_d18,ch2_tmc_ncn_20211113T1650236492_g_grd_d18
10-1-037363,-69.1132,41.1251,2.19444,ch2_ohr_ncp_20200825T1521048453_d_img_d18,ch2_tmc_ncn_20220112T1102281958_g_grd_d32
10-1-037363,-69.1132,41.1251,2.19444,ch2_ohr_ncp_20200825T1521048453_d_img_d18,ch2_tmc_ncn_20220112T1300186367_g_grd_d32
10-1-037363,-69.1132,41.1251,2.19444,ch2_ohr_ncp_20200825T1521048453_d_img_d18,ch2_tmc_ncn_20220112T1458093645_g_grd_d32
10-1-037363,-69.1132,41.1251,2.19444,ch2_ohr_ncp_20200825T1521048453_d_img_d18,ch2_tmc_ncn_20220114T1405515898_g_grd_d32
10-1-037363,-69.1132,41.1251,2.19444,ch2_ohr_ncp_20200825T1521048453_d_img_d18,ch2_tmc_ncn_20220126T2241288791_g_grd_d18
10-1-037363,-69.1132,41.1251,2.19444,ch2_ohr_ncp_20200825T1521048453_d_img_d18,ch2_tmc_ncn_20220127T0039185733_g_grd_d18
10-1-037363,-69.1132,41.1251,2.19444,ch2_ohr_ncp_20200825T1521048453_d_img_d18,ch2_tmc_ncn_20220127T0237112157_g_grd_d18
10-1-037363,-69.1132,41.1251,2.19444,ch2_ohr_ncp_20200825T1521048453_d_img_d18,ch2_tmc_ncn_20220127T0434599637_g_grd_d18
10-1-037363,-69.1132,41.1251,2.19444,ch2_ohr_ncp_20200825T1521048453_d_img_d18,ch2_tmc_ncn_20220127T2215296303_g_grd_d18
10-1-037363,-69.1132,41.1251,2.19444,ch2_ohr_ncp_20200825T1521048453_d_img_d18,ch2_tmc_ncn_20220128T0409055907_g_grd_d18
10-1-037363,-69.1132,41.1251,2.19444,ch2_ohr_ncp_20200825T1521048453_d_img_d18,ch2_tmc_ncn_20220129T0541079533_g_grd_d18
10-1-037381,-68.5297,41.0809,1.18356,ch2_ohr_ncp_20200825T1521048453_d_img_d18,ch2_tmc_ncn_20210528T2116056144_g_grd_d18
10-1-037381,-68.5297,41.0809,1.18356,ch2_ohr_ncp_20200825T1521048453_d_img_d18,ch2_tmc_ncn_20211113T1650236492_g_grd_d18
10-1-037381,-68.5297,41.0809,1.18356,ch2_ohr_ncp_20200825T1521048453_d_img_d18,ch2_tmc_ncn_20220112T1102281958_g_grd_d32
10-1-037381,-68.5297,41.0809,1.18356,ch2_ohr_ncp_20200825T1521048453_d_img_d18,ch2_tmc_ncn_20220112T1300186367_g_grd_d32
10-1-037381,-68.5297,41.0809,1.18356,ch2_ohr_ncp_20200825T1521048453_d_img_d18,ch2_tmc_ncn_20220112T1458093645_g_grd_d32
10-1-037381,-68.5297,41.0809,1.18356,ch2_ohr_ncp_20200825T1521048453_d_img_d18,ch2_tmc_ncn_20220114T1405515898_g_grd_d32
10-1-037381,-68.5297,41.0809,1.18356,ch2_ohr_ncp_20200825T1521048453_d_img_d18,ch2_tmc_ncn_20220126T2241288791_g_grd_d18
10-1-037381,-68.5297,41.0809,1.18356,ch2_ohr_ncp_20200825T1521048453_d_img_d18,ch2_tmc_ncn_20220127T0039185733_g_grd_d18
10-1-037381,-68.5297,41.0809,1.18356,ch2_ohr_ncp_20200825T1521048453_d_img_d18,ch2_tmc_ncn_20220127T0237112157_g_grd_d18
10-1-037381,-68.5297,41.0809,1.18356,ch2_ohr_ncp_20200825T1521048453_d_img_d18,ch2_tmc_ncn_20220127T0434599637_g_grd_d18
10-1-037381,-68.5297,41.0809,1.18356,ch2_ohr_ncp_20200825T1521048453_d_img_d18,ch2_tmc_ncn_20220127T2215296303_g_grd_d18
10-1-037381,-68.5297,41.0809,1.18356,ch2_ohr_ncp_20200825T1521048453_d_img_d18,ch2_tmc_ncn_20220128T0409055907_g_grd_d18
10-1-037381,-68.5297,41.0809,1.18356,ch2_ohr_ncp_20200825T1521048453_d_img_d18,ch2_tmc_ncn_20220129T0541079533_g_grd_d18
10-1-037382,-68.5633,41.2024,1.36967,ch2_ohr_ncp_20200825T1521048453_d_img_d18,ch2_tmc_ncn_20210528T2116056144_g_grd_d18
10-1-037382,-68.5633,41.2024,1.36967,ch2_ohr_ncp_20200825T1521048453_d_img_d18,ch2_tmc_ncn_20211113T1650236492_g_grd_d18
10-1-037382,-68.5633,41.2024,1.36967,ch2_ohr_ncp_20200825T1521048453_d_img_d18,ch2_tmc_ncn_20220112T1102281958_g_grd_d32
10-1-037382,-68.5633,41.2024,1.36967,ch2_ohr_ncp_20200825T1521048453_d_img_d18,ch2_tmc_ncn_20220112T1300186367_g_grd_d32
10-1-037382,-68.5633,41.2024,1.36967,ch2_ohr_ncp_20200825T1521048453_d_img_d18,ch2_tmc_ncn_20220112T1458093645_g_grd_d32
10-1-037382,-68.5633,41.2024,1.36967,ch2_ohr_ncp_20200825T1521048453_d_img_d18,ch2_tmc_ncn_20220114T1405515898_g_grd_d32
10-1-037382,-68.5633,41.2024,1.36967,ch2_ohr_ncp_20200825T1521048453_d_img_d18,ch2_tmc_ncn_20220126T2241288791_g_grd_d18
10-1-037382,-68.5633,41.2024,1.36967,ch2_ohr_ncp_20200825T1521048453_d_img_d18,ch2_tmc_ncn_20220127T0039185733_g_grd_d18
10-1-037382,-68.5633,41.2024,1.36967,ch2_ohr_ncp_20200825T1521048453_d_img_d18,ch2_tmc_ncn_20220127T0237112157_g_grd_d18
10-1-037382,-68.5633,41.2024,1.36967,ch2_ohr_ncp_20200825T1521048453_d_img_d18,ch2_tmc_ncn_20220127T0434599637_g_grd_d18
10-1-037382,-68.5633,41.2024,1.36967,ch2_ohr_ncp_20200825T1521048453_d_img_d18,ch2_tmc_ncn_20220127T2215296303_g_grd_d18
10-1-037382,-68.5633,41.2024,1.36967,ch2_ohr_ncp_20200825T1521048453_d_img_d18,ch2_tmc_ncn_20220128T0409055907_g_grd_d18
10-1-037382,-68.5633,41.2024,1.36967,ch2_ohr_ncp_20200825T1521048453_d_img_d18,ch2_tmc_ncn_20220129T0541079533_g_grd_d18
10-1-037394,-69.0006,41.1377,2.87385,ch2_ohr_ncp_20200825T1521048453_d_img_d18,ch2_tmc_ncn_20210528T2116056144_g_grd_d18
10-1-037394,-69.0006,41.1377,2.87385,ch2_ohr_ncp_20200825T1521048453_d_img_d18,ch2_tmc_ncn_20211113T1650236492_g_grd_d18
10-1-037394,-69.0006,41.1377,2.87385,ch2_ohr_ncp_20200825T1521048453_d_img_d18,ch2_tmc_ncn_20220112T1102281958_g_grd_d32
10-1-037394,-69.0006,41.1377,2.87385,ch2_ohr_ncp_20200825T1521048453_d_img_d18,ch2_tmc_ncn_20220112T1300186367_g_grd_d32
10-1-037394,-69.0006,41.1377,2.87385,ch2_ohr_ncp_20200825T1521048453_d_img_d18,ch2_tmc_ncn_20220112T1458093645_g_grd_d32
10-1-037394,-69.0006,41.1377,2.87385,ch2_ohr_ncp_20200825T1521048453_d_img_d18,ch2_tmc_ncn_20220114T1405515898_g_grd_d32
10-1-037394,-69.0006,41.1377,2.87385,ch2_ohr_ncp_20200825T1521048453_d_img_d18,ch2_tmc_ncn_20220126T2241288791_g_grd_d18
10-1-037394,-69.0006,41.1377,2.87385,ch2_ohr_ncp_20200825T1521048453_d_img_d18,ch2_tmc_ncn_20220127T0039185733_g_grd_d18
10-1-037394,-69.0006,41.1377,2.87385,ch2_ohr_ncp_20200825T1521048453_d_img_d18,ch2_tmc_ncn_20220127T0237112157_g_grd_d18
10-1-037394,-69.0006,41.1377,2.87385,ch2_ohr_ncp_20200825T1521048453_d_img_d18,ch2_tmc_ncn_20220127T0434599637_g_grd_d18
10-1-037394,-69.0006,41.1377,2.87385,ch2_ohr_ncp_20200825T1521048453_d_img_d18,ch2_tmc_ncn_20220127T2215296303_g_grd_d18
10-1-037394,-69.0006,41.1377,2.87385,ch2_ohr_ncp_20200825T1521048453_d_img_d18,ch2_tmc_ncn_20220128T0409055907_g_grd_d18
10-1-037394,-69.0006,41.1377,2.87385,ch2_ohr_ncp_20200825T1521048453_d_img_d18,ch2_tmc_ncn_20220129T0541079533_g_grd_d18
10-1-037404,-68.415,41.1315,1.40844,ch2_ohr_ncp_20200825T1521048453_d_img_d18,ch2_tmc_ncn_20210528T2116056144_g_grd_d18
10-1-037404,-68.415,41.1315,1.40844,ch2_ohr_ncp_20200825T1521048453_d_img_d18,ch2_tmc_ncn_20211113T1650236492_g_grd_d18
10-1-037404,-68.415,41.1315,1.40844,ch2_ohr_ncp_20200825T1521048453_d_img_d18,ch2_tmc_ncn_20220112T1102281958_g_grd_d32
10-1-037404,-68.415,41.1315,1.40844,ch2_ohr_ncp_20200825T1521048453_d_img_d18,ch2_tmc_ncn_20220112T1300186367_g_grd_d32
10-1-037404,-68.415,41.1315,1.40844,ch2_ohr_ncp_20200825T1521048453_d_img_d18,ch2_tmc_ncn_20220112T1458093645_g_grd_d32
10-1-037404,-68.415,41.1315,1.40844,ch2_ohr_ncp_20200825T1521048453_d_img_d18,ch2_tmc_ncn_20220114T1405515898_g_grd_d32
10-1-037404,-68.415,41.1315,1.40844,ch2_ohr_ncp_20200825T1521048453_d_img_d18,ch2_tmc_ncn_20220126T2241288791_g_grd_d18
10-1-037404,-68.415,41.1315,1.40844,ch2_ohr_ncp_20200825T1521048453_d_img_d18,ch2_tmc_ncn_20220127T0039185733_g_grd_d18
10-1-037404,-68.415,41.1315,1.40844,ch2_ohr_ncp_20200825T1521048453_d_img_d18,ch2_tmc_ncn_20220127T0237112157_g_grd_d18
10-1-037404,-68.415,41.1315,1.40844,ch2_ohr_ncp_20200825T1521048453_d_img_d18,ch2_tmc_ncn_20220127T0434599637_g_grd_d18
10-1-037404,-68.415,41.1315,1.40844,ch2_ohr_ncp_20200825T1521048453_d_img_d18,ch2_tmc_ncn_20220127T2215296303_g_grd_d18
10-1-037404,-68.415,41.1315,1.40844,ch2_ohr_ncp_20200825T1521048453_d_img_d18,ch2_tmc_ncn_20220128T0409055907_g_grd_d18
10-1-037404,-68.415,41.1315,1.40844,ch2_ohr_ncp_20200825T1521048453_d_img_d18,ch2_tmc_ncn_20220129T0541079533_g_grd_d18
10-1-037405,-68.3623,41.0921,1.00606,ch2_ohr_ncp_20200825T1521048453_d_img_d18,ch2_tmc_ncn_20210528T2116056144_g_grd_d18
10-1-037405,-68.3623,41.0921,1.00606,ch2_ohr_ncp_20200825T1521048453_d_img_d18,ch2_tmc_ncn_20211113T1650236492_g_grd_d18
10-1-037405,-68.3623,41.0921,1.00606,ch2_ohr_ncp_20200825T1521048453_d_img_d18,ch2_tmc_ncn_20220112T1102281958_g_grd_d32
10-1-037405,-68.3623,41.0921,1.00606,ch2_ohr_ncp_20200825T1521048453_d_img_d18,ch2_tmc_ncn_20220112T1300186367_g_grd_d32
10-1-037405,-68.3623,41.0921,1.00606,ch2_ohr_ncp_20200825T1521048453_d_img_d18,ch2_tmc_ncn_20220112T1458093645_g_grd_d32
10-1-037405,-68.3623,41.0921,1.00606,ch2_ohr_ncp_20200825T1521048453_d_img_d18,ch2_tmc_ncn_20220114T1405515898_g_grd_d32
10-1-037405,-68.3623,41.0921,1.00606,ch2_ohr_ncp_20200825T1521048453_d_img_d18,ch2_tmc_ncn_20220126T2241288791_g_grd_d18
10-1-037405,-68.3623,41.0921,1.00606,ch2_ohr_ncp_20200825T1521048453_d_img_d18,ch2_tmc_ncn_20220127T0039185733_g_grd_d18
10-1-037405,-68.3623,41.0921,1.00606,ch2_ohr_ncp_20200825T1521048453_d_img_d18,ch2_tmc_ncn_20220127T0237112157_g_grd_d18
10-1-037405,-68.3623,41.0921,1.00606,ch2_ohr_ncp_20200825T1521048453_d_img_d18,ch2_tmc_ncn_20220127T0434599637_g_grd_d18
10-1-037405,-68.3623,41.0921,1.00606,ch2_ohr_ncp_20200825T1521048453_d_img_d18,ch2_tmc_ncn_20220127T2215296303_g_grd_d18
10-1-037405,-68.3623,41.0921,1.00606,ch2_ohr_ncp_20200825T1521048453_d_img_d18,ch2_tmc_ncn_20220128T0409055907_g_grd_d18
10-1-037405,-68.3623,41.0921,1.00606,ch2_ohr_ncp_20200825T1521048453_d_img_d18,ch2_tmc_ncn_20220129T0541079533_g_grd_d18
10-1-037413,-68.677,41.3212,4.63088,ch2_ohr_ncp_20200825T1521048453_d_img_d18,ch2_tmc_ncn_20210528T2116056144_g_grd_d18
10-1-037413,-68.677,41.3212,4.63088,ch2_ohr_ncp_20200825T1521048453_d_img_d18,ch2_tmc_ncn_20211113T1650236492_g_grd_d18
10-1-037413,-68.677,41.3212,4.63088,ch2_ohr_ncp_20200825T1521048453_d_img_d18,ch2_tmc_ncn_20220112T1102281958_g_grd_d32
10-1-037413,-68.677,41.3212,4.63088,ch2_ohr_ncp_20200825T1521048453_d_img_d18,ch2_tmc_ncn_20220112T1300186367_g_grd_d32
10-1-037413,-68.677,41.3212,4.63088,ch2_ohr_ncp_20200825T1521048453_d_img_d18,ch2_tmc_ncn_20220112T1458093645_g_grd_d32
10-1-037413,-68.677,41.3212,4.63088,ch2_ohr_ncp_20200825T1521048453_d_img_d18,ch2_tmc_ncn_20220114T1405515898_g_grd_d32
10-1-037413,-68.677,41.3212,4.63088,ch2_ohr_ncp_20200825T1521048453_d_img_d18,ch2_tmc_ncn_20220126T2241288791_g_grd_d18
10-1-037413,-68.677,41.3212,4.63088,ch2_ohr_ncp_20200825T1521048453_d_img_d18,ch2_tmc_ncn_20220127T0039185733_g_grd_d18
10-1-037413,-68.677,41.3212,4.63088,ch2_ohr_ncp_20200825T1521048453_d_img_d18,ch2_tmc_ncn_20220127T0237112157_g_grd_d18
10-1-037413,-68.677,41.3212,4.63088,ch2_ohr_ncp_20200825T1521048453_d_img_d18,ch2_tmc_ncn_20220127T0434599637_g_grd_d18
10-1-037413,-68.677,41.3212,4.63088,ch2_ohr_ncp_20200825T1521048453_d_img_d18,ch2_tmc_ncn_20220127T2215296303_g_grd_d18
10-1-037413,-68.677,41.3212,4.63088,ch2_ohr_ncp_20200825T1521048453_d_img_d18,ch2_tmc_ncn_20220128T0409055907_g_grd_d18
10-1-037413,-68.677,41.3212,4.63088,ch2_ohr_ncp_20200825T1521048453_d_img_d18,ch2_tmc_ncn_20220129T0541079533_g_grd_d18
10-1-019130,-63.3445,39.4878,1.06317,ch2_ohr_ncp_20200825T1716291272_d_img_d18,ch2_tmc_ncn_20210528T2116056144_g_grd_d18
10-1-019130,-63.3445,39.4878,1.06317,ch2_ohr_ncp_20200825T1716291272_d_img_d18,ch2_tmc_ncn_20211113T1650236492_g_grd_d18
10-1-019130,-63.3445,39.4878,1.06317,ch2_ohr_ncp_20200825T1716291272_d_img_d18,ch2_tmc_ncn_20220112T1458093645_g_grd_d32
10-1-019130,-63.3445,39.4878,1.06317,ch2_ohr_ncp_20200825T1716291272_d_img_d18,ch2_tmc_ncn_20220114T1405515898_g_grd_d32
10-1-019130,-63.3445,39.4878,1.06317,ch2_ohr_ncp_20200825T1716291272_d_img_d18,ch2_tmc_ncn_20220126T2241288791_g_grd_d18
10-1-019130,-63.3445,39.4878,1.06317,ch2_ohr_ncp_20200825T1716291272_d_img_d18,ch2_tmc_ncn_20220127T0039185733_g_grd_d18
10-1-019130,-63.3445,39.4878,1.06317,ch2_ohr_ncp_20200825T1716291272_d_img_d18,ch2_tmc_ncn_20220127T0237112157_g_grd_d18
10-1-019130,-63.3445,39.4878,1.06317,ch2_ohr_ncp_20200825T1716291272_d_img_d18,ch2_tmc_ncn_20220127T0434599637_g_grd_d18
10-1-019130,-63.3445,39.4878,1.06317,ch2_ohr_ncp_20200825T1716291272_d_img_d18,ch2_tmc_ncn_20220127T2215296303_g_grd_d18
10-1-019130,-63.3445,39.4878,1.06317,ch2_ohr_ncp_20200825T1716291272_d_img_d18,ch2_tmc_ncn_20220128T0409055907_g_grd_d18
10-1-019130,-63.3445,39.4878,1.06317,ch2_ohr_ncp_20200825T1716291272_d_img_d18,ch2_tmc_ncn_20220129T0541079533_g_grd_d18
10-1-019143,-63.4004,39.5722,1.02507,ch2_ohr_ncp_20200825T1716291272_d_img_d18,ch2_tmc_ncn_20210528T2116056144_g_grd_d18
10-1-019143,-63.4004,39.5722,1.02507,ch2_ohr_ncp_20200825T1716291272_d_img_d18,ch2_tmc_ncn_20211113T1650236492_g_grd_d18
10-1-019143,-63.4004,39.5722,1.02507,ch2_ohr_ncp_20200825T1716291272_d_img_d18,ch2_tmc_ncn_20220112T1458093645_g_grd_d32
10-1-019143,-63.4004,39.5722,1.02507,ch2_ohr_ncp_20200825T1716291272_d_img_d18,ch2_tmc_ncn_20220114T1405515898_g_grd_d32
10-1-019143,-63.4004,39.5722,1.02507,ch2_ohr_ncp_20200825T1716291272_d_img_d18,ch2_tmc_ncn_20220126T2241288791_g_grd_d18
10-1-019143,-63.4004,39.5722,1.02507,ch2_ohr_ncp_20200825T1716291272_d_img_d18,ch2_tmc_ncn_20220127T0039185733_g_grd_d18
10-1-019143,-63.4004,39.5722,1.02507,ch2_ohr_ncp_20200825T1716291272_d_img_d18,ch2_tmc_ncn_20220127T0237112157_g_grd_d18
10-1-019143,-63.4004,39.5722,1.02507,ch2_ohr_ncp_20200825T1716291272_d_img_d18,ch2_tmc_ncn_20220127T0434599637_g_grd_d18
10-1-019143,-63.4004,39.5722,1.02507,ch2_ohr_ncp_20200825T1716291272_d_img_d18,ch2_tmc_ncn_20220127T2215296303_g_grd_d18
10-1-019143,-63.4004,39.5722,1.02507,ch2_ohr_ncp_20200825T1716291272_d_img_d18,ch2_tmc_ncn_20220128T0409055907_g_grd_d18
10-1-019143,-63.4004,39.5722,1.02507,ch2_ohr_ncp_20200825T1716291272_d_img_d18,ch2_tmc_ncn_20220129T0541079533_g_grd_d18
10-1-024337,-63.899,39.6179,1.00684,ch2_ohr_ncp_20200825T1716291272_d_img_d18,ch2_tmc_ncn_20210528T2116056144_g_grd_d18
10-1-024337,-63.899,39.6179,1.00684,ch2_ohr_ncp_20200825T1716291272_d_img_d18,ch2_tmc_ncn_20211113T1650236492_g_grd_d18
10-1-024337,-63.899,39.6179,1.00684,ch2_ohr_ncp_20200825T1716291272_d_img_d18,ch2_tmc_ncn_20220112T1458093645_g_grd_d32
10-1-024337,-63.899,39.6179,1.00684,ch2_ohr_ncp_20200825T1716291272_d_img_d18,ch2_tmc_ncn_20220114T1405515898_g_grd_d32
10-1-024337,-63.899,39.6179,1.00684,ch2_ohr_ncp_20200825T1716291272_d_img_d18,ch2_tmc_ncn_20220126T2241288791_g_grd_d18
10-1-024337,-63.899,39.6179,1.00684,ch2_ohr_ncp_20200825T1716291272_d_img_d18,ch2_tmc_ncn_20220127T0039185733_g_grd_d18
10-1-024337,-63.899,39.6179,1.00684,ch2_ohr_ncp_20200825T1716291272_d_img_d18,ch2_tmc_ncn_20220127T0237112157_g_grd_d18
10-1-024337,-63.899,39.6179,1.00684,ch2_ohr_ncp_20200825T1716291272_d_img_d18,ch2_tmc_ncn_20220127T0434599637_g_grd_d18
10-1-024337,-63.899,39.6179,1.00684,ch2_ohr_ncp_20200825T1716291272_d_img_d18,ch2_tmc_ncn_20220127T2215296303_g_grd_d18
10-1-024337,-63.899,39.6179,1.00684,ch2_ohr_ncp_20200825T1716291272_d_img_d18,ch2_tmc_ncn_20220128T0409055907_g_grd_d18
10-1-024337,-63.899,39.6179,1.00684,ch2_ohr_ncp_20200825T1716291272_d_img_d18,ch2_tmc_ncn_20220129T0541079533_g_grd_d18
10-2-000030,-64.0452,39.614,80.3487,ch2_ohr_ncp_20200825T1716291272_d_img_d18,ch2_tmc_ncn_20210528T2116056144_g_grd_d18
10-2-000030,-64.0452,39.614,80.3487,ch2_ohr_ncp_20200825T1716291272_d_img_d18,ch2_tmc_ncn_20211113T1650236492_g_grd_d18
10-2-000030,-64.0452,39.614,80.3487,ch2_ohr_ncp_20200825T1716291272_d_img_d18,ch2_tmc_ncn_20220112T1458093645_g_grd_d32
10-2-000030,-64.0452,39.614,80.3487,ch2_ohr_ncp_20200825T1716291272_d_img_d18,ch2_tmc_ncn_20220114T1405515898_g_grd_d32
10-2-000030,-64.0452,39.614,80.3487,ch2_ohr_ncp_20200825T1716291272_d_img_d18,ch2_tmc_ncn_20220126T2241288791_g_grd_d18
10-2-000030,-64.0452,39.614,80.3487,ch2_ohr_ncp_20200825T1716291272_d_img_d18,ch2_tmc_ncn_20220127T0039185733_g_grd_d18
10-2-000030,-64.0452,39.614,80.3487,ch2_ohr_ncp_20200825T1716291272_d_img_d18,ch2_tmc_ncn_20220127T0237112157_g_grd_d18
10-2-000030,-64.0452,39.614,80.3487,ch2_ohr_ncp_20200825T1716291272_d_img_d18,ch2_tmc_ncn_20220127T0434599637_g_grd_d18
10-2-000030,-64.0452,39.614,80.3487,ch2_ohr_ncp_20200825T1716291272_d_img_d18,ch2_tmc_ncn_20220127T2215296303_g_grd_d18
10-2-000030,-64.0452,39.614,80.3487,ch2_ohr_ncp_20200825T1716291272_d_img_d18,ch2_tmc_ncn_20220128T0409055907_g_grd_d18
10-2-000030,-64.0452,39.614,80.3487,ch2_ohr_ncp_20200825T1716291272_d_img_d18,ch2_tmc_ncn_20220129T0541079533_g_grd_d18
10-1-023973,-66.438,31.8118,1.11512,ch2_ohr_ncp_20200826T0459464752_d_img_d18,ch2_tmc_ncn_20210528T2116056144_g_grd_d18
10-1-023973,-66.438,31.8118,1.11512,ch2_ohr_ncp_20200826T0459464752_d_img_d18,ch2_tmc_ncn_20211113T1650236492_g_grd_d18
10-1-023973,-66.438,31.8118,1.11512,ch2_ohr_ncp_20200826T0459464752_d_img_d18,ch2_tmc_ncn_20220114T1405515898_g_grd_d32
10-1-023973,-66.438,31.8118,1.11512,ch2_ohr_ncp_20200826T0459464752_d_img_d18,ch2_tmc_ncn_20220126T2241288791_g_grd_d18
10-1-023973,-66.438,31.8118,1.11512,ch2_ohr_ncp_20200826T0459464752_d_img_d18,ch2_tmc_ncn_20220127T0039185733_g_grd_d18
10-1-023973,-66.438,31.8118,1.11512,ch2_ohr_ncp_20200826T0459464752_d_img_d18,ch2_tmc_ncn_20220127T0237112157_g_grd_d18
10-1-023973,-66.438,31.8118,1.11512,ch2_ohr_ncp_20200826T0459464752_d_img_d18,ch2_tmc_ncn_20220127T0434599637_g_grd_d18
10-1-023973,-66.438,31.8118,1.11512,ch2_ohr_ncp_20200826T0459464752_d_img_d18,ch2_tmc_ncn_20220127T2215296303_g_grd_d18
10-1-023973,-66.438,31.8118,1.11512,ch2_ohr_ncp_20200826T0459464752_d_img_d18,ch2_tmc_ncn_20220128T0409055907_g_grd_d18
10-1-023973,-66.438,31.8118,1.11512,ch2_ohr_ncp_20200826T0459464752_d_img_d18,ch2_tmc_ncn_20220129T0541079533_g_grd_d18
10-1-019446,-66.0864,31.5804,2.13609,ch2_ohr_ncp_20200826T0853204550_d_img_d18,ch2_tmc_ncn_20210528T2116056144_g_grd_d18
10-1-019446,-66.0864,31.5804,2.13609,ch2_ohr_ncp_20200826T0853204550_d_img_d18,ch2_tmc_ncn_20211113T1650236492_g_grd_d18
10-1-019446,-66.0864,31.5804,2.13609,ch2_ohr_ncp_20200826T0853204550_d_img_d18,ch2_tmc_ncn_20220114T1405515898_g_grd_d32
10-1-019446,-66.0864,31.5804,2.13609,ch2_ohr_ncp_20200826T0853204550_d_img_d18,ch2_tmc_ncn_20220126T2241288791_g_grd_d18
10-1-019446,-66.0864,31.5804,2.13609,ch2_ohr_ncp_20200826T0853204550_d_img_d18,ch2_tmc_ncn_20220127T0039185733_g_grd_d18
10-1-019446,-66.0864,31.5804,2.13609,ch2_ohr_ncp_20200826T0853204550_d_img_d18,ch2_tmc_ncn_20220127T0237112157_g_grd_d18
10-1-019446,-66.0864,31.5804,2.13609,ch2_ohr_ncp_20200826T0853204550_d_img_d18,ch2_tmc_ncn_20220127T0434599637_g_grd_d18
10-1-019446,-66.0864,31.5804,2.13609,ch2_ohr_ncp_20200826T0853204550_d_img_d18,ch2_tmc_ncn_20220127T2215296303_g_grd_d18
10-1-019446,-66.0864,31.5804,2.13609,ch2_ohr_ncp_20200826T0853204550_d_img_d18,ch2_tmc_ncn_20220128T0409055907_g_grd_d18
10-1-019446,-66.0864,31.5804,2.13609,ch2_ohr_ncp_20200826T0853204550_d_img_d18,ch2_tmc_ncn_20220129T0541079533_g_grd_d18
10-1-023970,-66.6404,31.8609,1.13026,ch2_ohr_ncp_20200826T0853204550_d_img_d18,ch2_tmc_ncn_20210528T2116056144_g_grd_d18
10-1-023970,-66.6404,31.8609,1.13026,ch2_ohr_ncp_20200826T0853204550_d_img_d18,ch2_tmc_ncn_20211113T1650236492_g_grd_d18
10-1-023970,-66.6404,31.8609,1.13026,ch2_ohr_ncp_20200826T0853204550_d_img_d18,ch2_tmc_ncn_20220114T1405515898_g_grd_d32
10-1-023970,-66.6404,31.8609,1.13026,ch2_ohr_ncp_20200826T0853204550_d_img_d18,ch2_tmc_ncn_20220126T2241288791_g_grd_d18
10-1-023970,-66.6404,31.8609,1.13026,ch2_ohr_ncp_20200826T0853204550_d_img_d18,ch2_tmc_ncn_20220127T0039185733_g_grd_d18
10-1-023970,-66.6404,31.8609,1.13026,ch2_ohr_ncp_20200826T0853204550_d_img_d18,ch2_tmc_ncn_20220127T0237112157_g_grd_d18
10-1-023970,-66.6404,31.8609,1.13026,ch2_ohr_ncp_20200826T0853204550_d_img_d18,ch2_tmc_ncn_20220127T0434599637_g_grd_d18
10-1-023970,-66.6404,31.8609,1.13026,ch2_ohr_ncp_20200826T0853204550_d_img_d18,ch2_tmc_ncn_20220127T2215296303_g_grd_d18
10-1-023970,-66.6404,31.8609,1.13026,ch2_ohr_ncp_20200826T0853204550_d_img_d18,ch2_tmc_ncn_20220128T0409055907_g_grd_d18
10-1-023970,-66.6404,31.8609,1.13026,ch2_ohr_ncp_20200826T0853204550_d_img_d18,ch2_tmc_ncn_20220129T0541079533_g_grd_d18
10-1-023973,-66.438,31.8118,1.11512,ch2_ohr_ncp_20200826T0853204550_d_img_d18,ch2_tmc_ncn_20210528T2116056144_g_grd_d18
10-1-023973,-66.438,31.8118,1.11512,ch2_ohr_ncp_20200826T0853204550_d_img_d18,ch2_tmc_ncn_20211113T1650236492_g_grd_d18
10-1-023973,-66.438,31.8118,1.11512,ch2_ohr_ncp_20200826T0853204550_d_img_d18,ch2_tmc_ncn_20220114T1405515898_g_grd_d32
10-1-023973,-66.438,31.8118,1.11512,ch2_ohr_ncp_20200826T0853204550_d_img_d18,ch2_tmc_ncn_20220126T2241288791_g_grd_d18
10-1-023973,-66.438,31.8118,1.11512,ch2_ohr_ncp_20200826T0853204550_d_img_d18,ch2_tmc_ncn_20220127T0039185733_g_grd_d18
10-1-023973,-66.438,31.8118,1.11512,ch2_ohr_ncp_20200826T0853204550_d_img_d18,ch2_tmc_ncn_20220127T0237112157_g_grd_d18
10-1-023973,-66.438,31.8118,1.11512,ch2_ohr_ncp_20200826T0853204550_d_img_d18,ch2_tmc_ncn_20220127T0434599637_g_grd_d18
10-1-023973,-66.438,31.8118,1.11512,ch2_ohr_ncp_20200826T0853204550_d_img_d18,ch2_tmc_ncn_20220127T2215296303_g_grd_d18
10-1-023973,-66.438,31.8118,1.11512,ch2_ohr_ncp_20200826T0853204550_d_img_d18,ch2_tmc_ncn_20220128T0409055907_g_grd_d18
10-1-023973,-66.438,31.8118,1.11512,ch2_ohr_ncp_20200826T0853204550_d_img_d18,ch2_tmc_ncn_20220129T0541079533_g_grd_d18
10-1-023980,-66.4669,31.6559,5.02515,ch2_ohr_ncp_20200826T0853204550_d_img_d18,ch2_tmc_ncn_20210528T2116056144_g_grd_d18
10-1-023980,-66.4669,31.6559,5.02515,ch2_ohr_ncp_20200826T0853204550_d_img_d18,ch2_tmc_ncn_20211113T1650236492_g_grd_d18
10-1-023980,-66.4669,31.6559,5.02515,ch2_ohr_ncp_20200826T0853204550_d_img_d18,ch2_tmc_ncn_20220114T1405515898_g_grd_d32
10-1-023980,-66.4669,31.6559,5.02515,ch2_ohr_ncp_20200826T0853204550_d_img_d18,ch2_tmc_ncn_20220126T2241288791_g_grd_d18
10-1-023980,-66.4669,31.6559,5.02515,ch2_ohr_ncp_20200826T0853204550_d_img_d18,ch2_tmc_ncn_20220127T0039185733_g_grd_d18
10-1-023980,-66.4669,31.6559,5.02515,ch2_ohr_ncp_20200826T0853204550_d_img_d18,ch2_tmc_ncn_20220127T0237112157_g_grd_d18
10-1-023980,-66.4669,31.6559,5.02515,ch2_ohr_ncp_20200826T0853204550_d_img_d18,ch2_tmc_ncn_20220127T0434599637_g_grd_d18
10-1-023980,-66.4669,31.6559,5.02515,ch2_ohr_ncp_20200826T0853204550_d_img_d18,ch2_tmc_ncn_20220127T2215296303_g_grd_d18
10-1-023980,-66.4669,31.6559,5.02515,ch2_ohr_ncp_20200826T0853204550_d_img_d18,ch2_tmc_ncn_20220128T0409055907_g_grd_d18
10-1-023980,-66.4669,31.6559,5.02515,ch2_ohr_ncp_20200826T0853204550_d_img_d18,ch2_tmc_ncn_20220129T0541079533_g_grd_d18
10-1-023703,-68.2591,20.9083,3.39517,ch2_ohr_ncp_20200827T0030107497_d_img_d18,ch2_tmc_ncn_20210528T2116056144_g_grd_d18
10-1-023703,-68.2591,20.9083,3.39517,ch2_ohr_ncp_20200827T0030107497_d_img_d18,ch2_tmc_ncn_20211113T1650236492_g_grd_d18
10-1-023703,-68.2591,20.9083,3.39517,ch2_ohr_ncp_20200827T0030107497_d_img_d18,ch2_tmc_ncn_20220114T1405515898_g_grd_d32
10-1-023703,-68.2591,20.9083,3.39517,ch2_ohr_ncp_20200827T0030107497_d_img_d18,ch2_tmc_ncn_20220127T2215296303_g_grd_d18
10-1-023703,-68.2591,20.9083,3.39517,ch2_ohr_ncp_20200827T0030107497_d_img_d18,ch2_tmc_ncn_20220128T0409055907_g_grd_d18
10-1-023703,-68.2591,20.9083,3.39517,ch2_ohr_ncp_20200827T0030107497_d_img_d18,ch2_tmc_ncn_20220129T0541079533_g_grd_d18
10-1-023707,-68.5579,20.8656,1.09609,ch2_ohr_ncp_20200827T0030107497_d_img_d18,ch2_tmc_ncn_20210528T2116056144_g_grd_d18
10-1-023707,-68.5579,20.8656,1.09609,ch2_ohr_ncp_20200827T0030107497_d_img_d18,ch2_tmc_ncn_20211113T1650236492_g_grd_d18
10-1-023707,-68.5579,20.8656,1.09609,ch2_ohr_ncp_20200827T0030107497_d_img_d18,ch2_tmc_ncn_20220114T1405515898_g_grd_d32
10-1-023707,-68.5579,20.8656,1.09609,ch2_ohr_ncp_20200827T0030107497_d_img_d18,ch2_tmc_ncn_20220127T2215296303_g_grd_d18
10-1-023707,-68.5579,20.8656,1.09609,ch2_ohr_ncp_20200827T0030107497_d_img_d18,ch2_tmc_ncn_20220128T0409055907_g_grd_d18
10-1-023707,-68.5579,20.8656,1.09609,ch2_ohr_ncp_20200827T0030107497_d_img_d18,ch2_tmc_ncn_20220129T0541079533_g_grd_d18
10-1-023708,-68.6124,20.8373,1.10314,ch2_ohr_ncp_20200827T0030107497_d_img_d18,ch2_tmc_ncn_20210528T2116056144_g_grd_d18
10-1-023708,-68.6124,20.8373,1.10314,ch2_ohr_ncp_20200827T0030107497_d_img_d18,ch2_tmc_ncn_20211113T1650236492_g_grd_d18
10-1-023708,-68.6124,20.8373,1.10314,ch2_ohr_ncp_20200827T0030107497_d_img_d18,ch2_tmc_ncn_20220114T1405515898_g_grd_d32
10-1-023708,-68.6124,20.8373,1.10314,ch2_ohr_ncp_20200827T0030107497_d_img_d18,ch2_tmc_ncn_20220127T2215296303_g_grd_d18
10-1-023708,-68.6124,20.8373,1.10314,ch2_ohr_ncp_20200827T0030107497_d_img_d18,ch2_tmc_ncn_20220128T0409055907_g_grd_d18
10-1-023708,-68.6124,20.8373,1.10314,ch2_ohr_ncp_20200827T0030107497_d_img_d18,ch2_tmc_ncn_20220129T0541079533_g_grd_d18
10-1-023739,-67.9748,20.9498,1.38925,ch2_ohr_ncp_20200827T0030107497_d_img_d18,ch2_tmc_ncn_20210528T2116056144_g_grd_d18
10-1-023739,-67.9748,20.9498,1.38925,ch2_ohr_ncp_20200827T0030107497_d_img_d18,ch2_tmc_ncn_20211113T1650236492_g_grd_d18
10-1-023739,-67.9748,20.9498,1.38925,ch2_ohr_ncp_20200827T0030107497_d_img_d18,ch2_tmc_ncn_20220114T1405515898_g_grd_d32
10-1-023739,-67.9748,20.9498,1.38925,ch2_ohr_ncp_20200827T0030107497_d_img_d18,ch2_tmc_ncn_20220127T2215296303_g_grd_d18
10-1-023739,-67.9748,20.9498,1.38925,ch2_ohr_ncp_20200827T0030107497_d_img_d18,ch2_tmc_ncn_20220128T0409055907_g_grd_d18
10-1-023739,-67.9748,20.9498,1.38925,ch2_ohr_ncp_20200827T0030107497_d_img_d18,ch2_tmc_ncn_20220129T0541079533_g_grd_d18
10-1-023703,-68.2591,20.9083,3.39517,ch2_ohr_ncp_20200827T0226453039_d_img_d18,ch2_tmc_ncn_20210528T2116056144_g_grd_d18
10-1-023703,-68.2591,20.9083,3.39517,ch2_ohr_ncp_20200827T0226453039_d_img_d18,ch2_tmc_ncn_20211113T1650236492_g_grd_d18
10-1-023703,-68.2591,20.9083,3.39517,ch2_ohr_ncp_20200827T0226453039_d_img_d18,ch2_tmc_ncn_20220114T1405515898_g_grd_d32
10-1-023703,-68.2591,20.9083,3.39517,ch2_ohr_ncp_20200827T0226453039_d_img_d18,ch2_tmc_ncn_20220127T2215296303_g_grd_d18
10-1-023703,-68.2591,20.9083,3.39517,ch2_ohr_ncp_20200827T0226453039_d_img_d18,ch2_tmc_ncn_20220128T0409055907_g_grd_d18
10-1-023703,-68.2591,20.9083,3.39517,ch2_ohr_ncp_20200827T0226453039_d_img_d18,ch2_tmc_ncn_20220129T0541079533_g_grd_d18
10-1-023707,-68.5579,20.8656,1.09609,ch2_ohr_ncp_20200827T0226453039_d_img_d18,ch2_tmc_ncn_20210528T2116056144_g_grd_d18
10-1-023707,-68.5579,20.8656,1.09609,ch2_ohr_ncp_20200827T0226453039_d_img_d18,ch2_tmc_ncn_20211113T1650236492_g_grd_d18
10-1-023707,-68.5579,20.8656,1.09609,ch2_ohr_ncp_20200827T0226453039_d_img_d18,ch2_tmc_ncn_20220114T1405515898_g_grd_d32
10-1-023707,-68.5579,20.8656,1.09609,ch2_ohr_ncp_20200827T0226453039_d_img_d18,ch2_tmc_ncn_20220127T2215296303_g_grd_d18
10-1-023707,-68.5579,20.8656,1.09609,ch2_ohr_ncp_20200827T0226453039_d_img_d18,ch2_tmc_ncn_20220128T0409055907_g_grd_d18
10-1-023707,-68.5579,20.8656,1.09609,ch2_ohr_ncp_20200827T0226453039_d_img_d18,ch2_tmc_ncn_20220129T0541079533_g_grd_d18
10-1-023708,-68.6124,20.8373,1.10314,ch2_ohr_ncp_20200827T0226453039_d_img_d18,ch2_tmc_ncn_20210528T2116056144_g_grd_d18
10-1-023708,-68.6124,20.8373,1.10314,ch2_ohr_ncp_20200827T0226453039_d_img_d18,ch2_tmc_ncn_20211113T1650236492_g_grd_d18
10-1-023708,-68.6124,20.8373,1.10314,ch2_ohr_ncp_20200827T0226453039_d_img_d18,ch2_tmc_ncn_20220114T1405515898_g_grd_d32
10-1-023708,-68.6124,20.8373,1.10314,ch2_ohr_ncp_20200827T0226453039_d_img_d18,ch2_tmc_ncn_20220127T2215296303_g_grd_d18
10-1-023708,-68.6124,20.8373,1.10314,ch2_ohr_ncp_20200827T0226453039_d_img_d18,ch2_tmc_ncn_20220128T0409055907_g_grd_d18
10-1-023708,-68.6124,20.8373,1.10314,ch2_ohr_ncp_20200827T0226453039_d_img_d18,ch2_tmc_ncn_20220129T0541079533_g_grd_d18
10-1-023739,-67.9748,20.9498,1.38925,ch2_ohr_ncp_20200827T0226453039_d_img_d18,ch2_tmc_ncn_20210528T2116056144_g_grd_d18
10-1-023739,-67.9748,20.9498,1.38925,ch2_ohr_ncp_20200827T0226453039_d_img_d18,ch2_tmc_ncn_20211113T1650236492_g_grd_d18
10-1-023739,-67.9748,20.9498,1.38925,ch2_ohr_ncp_20200827T0226453039_d_img_d18,ch2_tmc_ncn_20220114T1405515898_g_grd_d32
10-1-023739,-67.9748,20.9498,1.38925,ch2_ohr_ncp_20200827T0226453039_d_img_d18,ch2_tmc_ncn_20220127T2215296303_g_grd_d18
10-1-023739,-67.9748,20.9498,1.38925,ch2_ohr_ncp_20200827T0226453039_d_img_d18,ch2_tmc_ncn_20220128T0409055907_g_grd_d18
10-1-023739,-67.9748,20.9498,1.38925,ch2_ohr_ncp_20200827T0226453039_d_img_d18,ch2_tmc_ncn_20220129T0541079533_g_grd_d18
10-1-013006,-64.7528,20.0447,1.16414,ch2_ohr_ncp_20200827T0423073950_d_img_d18,ch2_tmc_ncn_20210528T2116056144_g_grd_d18
10-1-013006,-64.7528,20.0447,1.16414,ch2_ohr_ncp_20200827T0423073950_d_img_d18,ch2_tmc_ncn_20211113T1650236492_g_grd_d18
10-1-013006,-64.7528,20.0447,1.16414,ch2_ohr_ncp_20200827T0423073950_d_img_d18,ch2_tmc_ncn_20220114T1405515898_g_grd_d32
10-1-013006,-64.7528,20.0447,1.16414,ch2_ohr_ncp_20200827T0423073950_d_img_d18,ch2_tmc_ncn_20220127T2215296303_g_grd_d18
10-1-013006,-64.7528,20.0447,1.16414,ch2_ohr_ncp_20200827T0423073950_d_img_d18,ch2_tmc_ncn_20220128T0409055907_g_grd_d18
10-1-013006,-64.7528,20.0447,1.16414,ch2_ohr_ncp_20200827T0423073950_d_img_d18,ch2_tmc_ncn_20220129T0541079533_g_grd_d18
10-1-013010,-64.8068,20.0656,1.30068,ch2_ohr_ncp_20200827T0423073950_d_img_d18,ch2_tmc_ncn_20210528T2116056144_g_grd_d18
10-1-013010,-64.8068,20.0656,1.30068,ch2_ohr_ncp_20200827T0423073950_d_img_d18,ch2_tmc_ncn_20211113T1650236492_g_grd_d18
10-1-013010,-64.8068,20.0656,1.30068,ch2_ohr_ncp_20200827T0423073950_d_img_d18,ch2_tmc_ncn_20220114T1405515898_g_grd_d32
10-1-013010,-64.8068,20.0656,1.30068,ch2_ohr_ncp_20200827T0423073950_d_img_d18,ch2_tmc_ncn_20220127T2215296303_g_grd_d18
10-1-013010,-64.8068,20.0656,1.30068,ch2_ohr_ncp_20200827T0423073950_d_img_d18,ch2_tmc_ncn_20220128T0409055907_g_grd_d18
10-1-013010,-64.8068,20.0656,1.30068,ch2_ohr_ncp_20200827T0423073950_d_img_d18,ch2_tmc_ncn_20220129T0541079533_g_grd_d18
10-1-013011,-64.8402,20.0403,1.03865,ch2_ohr_ncp_20200827T0423073950_d_img_d18,ch2_tmc_ncn_20210528T2116056144_g_grd_d18
10-1-013011,-64.8402,20.0403,1.03865,ch2_ohr_ncp_20200827T0423073950_d_img_d18,ch2_tmc_ncn_20211113T1650236492_g_grd_d18
10-1-013011,-64.8402,20.0403,1.03865,ch2_ohr_ncp_20200827T0423073950_d_img_d18,ch2_tmc_ncn_20220114T1405515898_g_grd_d32
10-1-013011,-64.8402,20.0403,1.03865,ch2_ohr_ncp_20200827T0423073950_d_img_d18,ch2_tmc_ncn_20220127T2215296303_g_grd_d18
10-1-013011,-64.8402,20.0403,1.03865,ch2_ohr_ncp_20200827T0423073950_d_img_d18,ch2_tmc_ncn_20220128T0409055907_g_grd_d18
10-1-013011,-64.8402,20.0403,1.03865,ch2_ohr_ncp_20200827T0423073950_d_img_d18,ch2_tmc_ncn_20220129T0541079533_g_grd_d18
10-1-013050,-64.8134,20.1537,1.24588,ch2_ohr_ncp_20200827T0423073950_d_img_d18,ch2_tmc_ncn_20210528T2116056144_g_grd_d18
10-1-013050,-64.8134,20.1537,1.24588,ch2_ohr_ncp_20200827T0423073950_d_img_d18,ch2_tmc_ncn_20211113T1650236492_g_grd_d18
10-1-013050,-64.8134,20.1537,1.24588,ch2_ohr_ncp_20200827T0423073950_d_img_d18,ch2_tmc_ncn_20220114T1405515898_g_grd_d32
10-1-013050,-64.8134,20.1537,1.24588,ch2_ohr_ncp_20200827T0423073950_d_img_d18,ch2_tmc_ncn_20220127T2215296303_g_grd_d18
10-1-013050,-64.8134,20.1537,1.24588,ch2_ohr_ncp_20200827T0423073950_d_img_d18,ch2_tmc_ncn_20220128T0409055907_g_grd_d18
10-1-013050,-64.8134,20.1537,1.24588,ch2_ohr_ncp_20200827T0423073950_d_img_d18,ch2_tmc_ncn_20220129T0541079533_g_grd_d18
10-1-014562,-65.5397,20.0364,1.62115,ch2_ohr_ncp_20200827T0423073950_d_img_d18,ch2_tmc_ncn_20210528T2116056144_g_grd_d18
10-1-014562,-65.5397,20.0364,1.62115,ch2_ohr_ncp_20200827T0423073950_d_img_d18,ch2_tmc_ncn_20211113T1650236492_g_grd_d18
10-1-014562,-65.5397,20.0364,1.62115,ch2_ohr_ncp_20200827T0423073950_d_img_d18,ch2_tmc_ncn_20220114T1405515898_g_grd_d32
10-1-014562,-65.5397,20.0364,1.62115,ch2_ohr_ncp_20200827T0423073950_d_img_d18,ch2_tmc_ncn_20220127T2215296303_g_grd_d18
10-1-014562,-65.5397,20.0364,1.62115,ch2_ohr_ncp_20200827T0423073950_d_img_d18,ch2_tmc_ncn_20220128T0409055907_g_grd_d18
10-1-014562,-65.5397,20.0364,1.62115,ch2_ohr_ncp_20200827T0423073950_d_img_d18,ch2_tmc_ncn_20220129T0541079533_g_grd_d18
10-1-014578,-65.3109,20.0802,1.01336,ch2_ohr_ncp_20200827T0423073950_d_img_d18,ch2_tmc_ncn_20210528T2116056144_g_grd_d18
10-1-014578,-65.3109,20.0802,1.01336,ch2_ohr_ncp_20200827T0423073950_d_img_d18,ch2_tmc_ncn_20211113T1650236492_g_grd_d18
10-1-014578,-65.3109,20.0802,1.01336,ch2_ohr_ncp_20200827T0423073950_d_img_d18,ch2_tmc_ncn_20220114T1405515898_g_grd_d32
10-1-014578,-65.3109,20.0802,1.01336,ch2_ohr_ncp_20200827T0423073950_d_img_d18,ch2_tmc_ncn_20220127T2215296303_g_grd_d18
10-1-014578,-65.3109,20.0802,1.01336,ch2_ohr_ncp_20200827T0423073950_d_img_d18,ch2_tmc_ncn_20220128T0409055907_g_grd_d18
10-1-014578,-65.3109,20.0802,1.01336,ch2_ohr_ncp_20200827T0423073950_d_img_d18,ch2_tmc_ncn_20220129T0541079533_g_grd_d18
10-1-014579,-65.3773,20.2025,1.34268,ch2_ohr_ncp_20200827T0423073950_d_img_d18,ch2_tmc_ncn_20210528T2116056144_g_grd_d18
10-1-014579,-65.3773,20.2025,1.34268,ch2_ohr_ncp_20200827T0423073950_d_img_d18,ch2_tmc_ncn_20211113T1650236492_g_grd_d18
10-1-014579,-65.3773,20.2025,1.34268,ch2_ohr_ncp_20200827T0423073950_d_img_d18,ch2_tmc_ncn_20220114T1405515898_g_grd_d32
10-1-014579,-65.3773,20.2025,1.34268,ch2_ohr_ncp_20200827T0423073950_d_img_d18,ch2_tmc_ncn_20220127T2215296303_g_grd_d18
10-1-014579,-65.3773,20.2025,1.34268,ch2_ohr_ncp_20200827T0423073950_d_img_d18,ch2_tmc_ncn_20220128T0409055907_g_grd_d18
10-1-014579,-65.3773,20.2025,1.34268,ch2_ohr_ncp_20200827T0423073950_d_img_d18,ch2_tmc_ncn_20220129T0541079533_g_grd_d18
10-1-014582,-65.4708,20.086,1.29376,ch2_ohr_ncp_20200827T0423073950_d_img_d18,ch2_tmc_ncn_20210528T2116056144_g_grd_d18
10-1-014582,-65.4708,20.086,1.29376,ch2_ohr_ncp_20200827T0423073950_d_img_d18,ch2_tmc_ncn_20211113T1650236492_g_grd_d18
10-1-014582,-65.4708,20.086,1.29376,ch2_ohr_ncp_20200827T0423073950_d_img_d18,ch2_tmc_ncn_20220114T1405515898_g_grd_d32
10-1-014582,-65.4708,20.086,1.29376,ch2_ohr_ncp_20200827T0423073950_d_img_d18,ch2_tmc_ncn_20220127T2215296303_g_grd_d18
10-1-014582,-65.4708,20.086,1.29376,ch2_ohr_ncp_20200827T0423073950_d_img_d18,ch2_tmc_ncn_20220128T0409055907_g_grd_d18
10-1-014582,-65.4708,20.086,1.29376,ch2_ohr_ncp_20200827T0423073950_d_img_d18,ch2_tmc_ncn_20220129T0541079533_g_grd_d18
10-1-014587,-65.3192,20.3167,1.83275,ch2_ohr_ncp_20200827T0423073950_d_img_d18,ch2_tmc_ncn_20210528T2116056144_g_grd_d18
10-1-014587,-65.3192,20.3167,1.83275,ch2_ohr_ncp_20200827T0423073950_d_img_d18,ch2_tmc_ncn_20211113T1650236492_g_grd_d18
10-1-014587,-65.3192,20.3167,1.83275,ch2_ohr_ncp_20200827T0423073950_d_img_d18,ch2_tmc_ncn_20220114T1405515898_g_grd_d32
10-1-014587,-65.3192,20.3167,1.83275,ch2_ohr_ncp_20200827T0423073950_d_img_d18,ch2_tmc_ncn_20220127T2215296303_g_grd_d18
10-1-014587,-65.3192,20.3167,1.83275,ch2_ohr_ncp_20200827T0423073950_d_img_d18,ch2_tmc_ncn_20220128T0409055907_g_grd_d18
10-1-014587,-65.3192,20.3167,1.83275,ch2_ohr_ncp_20200827T0423073950_d_img_d18,ch2_tmc_ncn_20220129T0541079533_g_grd_d18
10-1-013006,-64.7528,20.0447,1.16414,ch2_ohr_ncp_20200827T0619368134_d_img_d18,ch2_tmc_ncn_20210528T2116056144_g_grd_d18
10-1-013006,-64.7528,20.0447,1.16414,ch2_ohr_ncp_20200827T0619368134_d_img_d18,ch2_tmc_ncn_20211113T1650236492_g_grd_d18
10-1-013006,-64.7528,20.0447,1.16414,ch2_ohr_ncp_20200827T0619368134_d_img_d18,ch2_tmc_ncn_20220114T1405515898_g_grd_d32
10-1-013006,-64.7528,20.0447,1.16414,ch2_ohr_ncp_20200827T0619368134_d_img_d18,ch2_tmc_ncn_20220127T2215296303_g_grd_d18
10-1-013006,-64.7528,20.0447,1.16414,ch2_ohr_ncp_20200827T0619368134_d_img_d18,ch2_tmc_ncn_20220128T0409055907_g_grd_d18
10-1-013006,-64.7528,20.0447,1.16414,ch2_ohr_ncp_20200827T0619368134_d_img_d18,ch2_tmc_ncn_20220129T0541079533_g_grd_d18
10-1-013010,-64.8068,20.0656,1.30068,ch2_ohr_ncp_20200827T0619368134_d_img_d18,ch2_tmc_ncn_20210528T2116056144_g_grd_d18
10-1-013010,-64.8068,20.0656,1.30068,ch2_ohr_ncp_20200827T0619368134_d_img_d18,ch2_tmc_ncn_20211113T1650236492_g_grd_d18
10-1-013010,-64.8068,20.0656,1.30068,ch2_ohr_ncp_20200827T0619368134_d_img_d18,ch2_tmc_ncn_20220114T1405515898_g_grd_d32
10-1-013010,-64.8068,20.0656,1.30068,ch2_ohr_ncp_20200827T0619368134_d_img_d18,ch2_tmc_ncn_20220127T2215296303_g_grd_d18
10-1-013010,-64.8068,20.0656,1.30068,ch2_ohr_ncp_20200827T0619368134_d_img_d18,ch2_tmc_ncn_20220128T0409055907_g_grd_d18
10-1-013010,-64.8068,20.0656,1.30068,ch2_ohr_ncp_20200827T0619368134_d_img_d18,ch2_tmc_ncn_20220129T0541079533_g_grd_d18
10-1-013011,-64.8402,20.0403,1.03865,ch2_ohr_ncp_20200827T0619368134_d_img_d18,ch2_tmc_ncn_20210528T2116056144_g_grd_d18
10-1-013011,-64.8402,20.0403,1.03865,ch2_ohr_ncp_20200827T0619368134_d_img_d18,ch2_tmc_ncn_20211113T1650236492_g_grd_d18
10-1-013011,-64.8402,20.0403,1.03865,ch2_ohr_ncp_20200827T0619368134_d_img_d18,ch2_tmc_ncn_20220114T1405515898_g_grd_d32
10-1-013011,-64.8402,20.0403,1.03865,ch2_ohr_ncp_20200827T0619368134_d_img_d18,ch2_tmc_ncn_20220127T2215296303_g_grd_d18
10-1-013011,-64.8402,20.0403,1.03865,ch2_ohr_ncp_20200827T0619368134_d_img_d18,ch2_tmc_ncn_20220128T0409055907_g_grd_d18
10-1-013011,-64.8402,20.0403,1.03865,ch2_ohr_ncp_20200827T0619368134_d_img_d18,ch2_tmc_ncn_20220129T0541079533_g_grd_d18
10-1-013050,-64.8134,20.1537,1.24588,ch2_ohr_ncp_20200827T0619368134_d_img_d18,ch2_tmc_ncn_20210528T2116056144_g_grd_d18
10-1-013050,-64.8134,20.1537,1.24588,ch2_ohr_ncp_20200827T0619368134_d_img_d18,ch2_tmc_ncn_20211113T1650236492_g_grd_d18
10-1-013050,-64.8134,20.1537,1.24588,ch2_ohr_ncp_20200827T0619368134_d_img_d18,ch2_tmc_ncn_20220114T1405515898_g_grd_d32
10-1-013050,-64.8134,20.1537,1.24588,ch2_ohr_ncp_20200827T0619368134_d_img_d18,ch2_tmc_ncn_20220127T2215296303_g_grd_d18
10-1-013050,-64.8134,20.1537,1.24588,ch2_ohr_ncp_20200827T0619368134_d_img_d18,ch2_tmc_ncn_20220128T0409055907_g_grd_d18
10-1-013050,-64.8134,20.1537,1.24588,ch2_ohr_ncp_20200827T0619368134_d_img_d18,ch2_tmc_ncn_20220129T0541079533_g_grd_d18
10-1-014562,-65.5397,20.0364,1.62115,ch2_ohr_ncp_20200827T0619368134_d_img_d18,ch2_tmc_ncn_20210528T2116056144_g_grd_d18
10-1-014562,-65.5397,20.0364,1.62115,ch2_ohr_ncp_20200827T0619368134_d_img_d18,ch2_tmc_ncn_20211113T1650236492_g_grd_d18
10-1-014562,-65.5397,20.0364,1.62115,ch2_ohr_ncp_20200827T0619368134_d_img_d18,ch2_tmc_ncn_20220114T1405515898_g_grd_d32
10-1-014562,-65.5397,20.0364,1.62115,ch2_ohr_ncp_20200827T0619368134_d_img_d18,ch2_tmc_ncn_20220127T2215296303_g_grd_d18
10-1-014562,-65.5397,20.0364,1.62115,ch2_ohr_ncp_20200827T0619368134_d_img_d18,ch2_tmc_ncn_20220128T0409055907_g_grd_d18
10-1-014562,-65.5397,20.0364,1.62115,ch2_ohr_ncp_20200827T0619368134_d_img_d18,ch2_tmc_ncn_20220129T0541079533_g_grd_d18
10-1-014578,-65.3109,20.0802,1.01336,ch2_ohr_ncp_20200827T0619368134_d_img_d18,ch2_tmc_ncn_20210528T2116056144_g_grd_d18
10-1-014578,-65.3109,20.0802,1.01336,ch2_ohr_ncp_20200827T0619368134_d_img_d18,ch2_tmc_ncn_20211113T1650236492_g_grd_d18
10-1-014578,-65.3109,20.0802,1.01336,ch2_ohr_ncp_20200827T0619368134_d_img_d18,ch2_tmc_ncn_20220114T1405515898_g_grd_d32
10-1-014578,-65.3109,20.0802,1.01336,ch2_ohr_ncp_20200827T0619368134_d_img_d18,ch2_tmc_ncn_20220127T2215296303_g_grd_d18
10-1-014578,-65.3109,20.0802,1.01336,ch2_ohr_ncp_20200827T0619368134_d_img_d18,ch2_tmc_ncn_20220128T0409055907_g_grd_d18
10-1-014578,-65.3109,20.0802,1.01336,ch2_ohr_ncp_20200827T0619368134_d_img_d18,ch2_tmc_ncn_20220129T0541079533_g_grd_d18
10-1-014579,-65.3773,20.2025,1.34268,ch2_ohr_ncp_20200827T0619368134_d_img_d18,ch2_tmc_ncn_20210528T2116056144_g_grd_d18
10-1-014579,-65.3773,20.2025,1.34268,ch2_ohr_ncp_20200827T0619368134_d_img_d18,ch2_tmc_ncn_20211113T1650236492_g_grd_d18
10-1-014579,-65.3773,20.2025,1.34268,ch2_ohr_ncp_20200827T0619368134_d_img_d18,ch2_tmc_ncn_20220114T1405515898_g_grd_d32
10-1-014579,-65.3773,20.2025,1.34268,ch2_ohr_ncp_20200827T0619368134_d_img_d18,ch2_tmc_ncn_20220127T2215296303_g_grd_d18
10-1-014579,-65.3773,20.2025,1.34268,ch2_ohr_ncp_20200827T0619368134_d_img_d18,ch2_tmc_ncn_20220128T0409055907_g_grd_d18
10-1-014579,-65.3773,20.2025,1.34268,ch2_ohr_ncp_20200827T0619368134_d_img_d18,ch2_tmc_ncn_20220129T0541079533_g_grd_d18
10-1-014582,-65.4708,20.086,1.29376,ch2_ohr_ncp_20200827T0619368134_d_img_d18,ch2_tmc_ncn_20210528T2116056144_g_grd_d18
10-1-014582,-65.4708,20.086,1.29376,ch2_ohr_ncp_20200827T0619368134_d_img_d18,ch2_tmc_ncn_20211113T1650236492_g_grd_d18
10-1-014582,-65.4708,20.086,1.29376,ch2_ohr_ncp_20200827T0619368134_d_img_d18,ch2_tmc_ncn_20220114T1405515898_g_grd_d32
10-1-014582,-65.4708,20.086,1.29376,ch2_ohr_ncp_20200827T0619368134_d_img_d18,ch2_tmc_ncn_20220127T2215296303_g_grd_d18
10-1-014582,-65.4708,20.086,1.29376,ch2_ohr_ncp_20200827T0619368134_d_img_d18,ch2_tmc_ncn_20220128T0409055907_g_grd_d18
10-1-014582,-65.4708,20.086,1.29376,ch2_ohr_ncp_20200827T0619368134_d_img_d18,ch2_tmc_ncn_20220129T0541079533_g_grd_d18
10-1-014587,-65.3192,20.3167,1.83275,ch2_ohr_ncp_20200827T0619368134_d_img_d18,ch2_tmc_ncn_20210528T2116056144_g_grd_d18
10-1-014587,-65.3192,20.3167,1.83275,ch2_ohr_ncp_20200827T0619368134_d_img_d18,ch2_tmc_ncn_20211113T1650236492_g_grd_d18
10-1-014587,-65.3192,20.3167,1.83275,ch2_ohr_ncp_20200827T0619368134_d_img_d18,ch2_tmc_ncn_20220114T1405515898_g_grd_d32
10-1-014587,-65.3192,20.3167,1.83275,ch2_ohr_ncp_20200827T0619368134_d_img_d18,ch2_tmc_ncn_20220127T2215296303_g_grd_d18
10-1-014587,-65.3192,20.3167,1.83275,ch2_ohr_ncp_20200827T0619368134_d_img_d18,ch2_tmc_ncn_20220128T0409055907_g_grd_d18
10-1-014587,-65.3192,20.3167,1.83275,ch2_ohr_ncp_20200827T0619368134_d_img_d18,ch2_tmc_ncn_20220129T0541079533_g_grd_d18
07-1-049296,-13.7874,25.176,1.04698,ch2_ohr_ncp_20210401T2200364910_d_img_d18,ch2_tmc_ncn_20200203T1845562233_g_grd_m65
07-1-049296,-13.7874,25.176,1.04698,ch2_ohr_ncp_20210401T2200364910_d_img_d18,ch2_tmc_ncn_20210514T0803114100_g_grd_d18
07-1-049296,-13.7874,25.176,1.04698,ch2_ohr_ncp_20210401T2200364910_d_img_d18,ch2_tmc_ncn_20210514T1200279624_g_grd_d18
07-1-049296,-13.7874,25.176,1.04698,ch2_ohr_ncp_20210401T2200364910_d_img_d18,ch2_tmc_ncn_20211113T1650236492_g_grd_d18
07-1-049296,-13.7874,25.176,1.04698,ch2_ohr_ncp_20210401T2200364910_d_img_d18,ch2_tmc_ncn_20220518T1459006639_g_grd_d18
07-1-049296,-13.7874,25.176,1.04698,ch2_ohr_ncp_20210401T2357376656_d_img_d18,ch2_tmc_ncn_20200203T1845562233_g_grd_m65
07-1-049296,-13.7874,25.176,1.04698,ch2_ohr_ncp_20210401T2357376656_d_img_d18,ch2_tmc_ncn_20210514T0803114100_g_grd_d18
07-1-049296,-13.7874,25.176,1.04698,ch2_ohr_ncp_20210401T2357376656_d_img_d18,ch2_tmc_ncn_20210514T1200279624_g_grd_d18
07-1-049296,-13.7874,25.176,1.04698,ch2_ohr_ncp_20210401T2357376656_d_img_d18,ch2_tmc_ncn_20211113T1650236492_g_grd_d18
07-1-049296,-13.7874,25.176,1.04698,ch2_ohr_ncp_20210401T2357376656_d_img_d18,ch2_tmc_ncn_20220518T1459006639_g_grd_d18
07-1-049296,-13.7874,25.176,1.04698,ch2_ohr_ncp_20210401T2357376656_d_img_hw1,ch2_tmc_ncn_20200203T1845562233_g_grd_m65
07-1-049296,-13.7874,25.176,1.04698,ch2_ohr_ncp_20210401T2357376656_d_img_hw1,ch2_tmc_ncn_20210514T0803114100_g_grd_d18
07-1-049296,-13.7874,25.176,1.04698,ch2_ohr_ncp_20210401T2357376656_d_img_hw1,ch2_tmc_ncn_20210514T1200279624_g_grd_d18
07-1-049296,-13.7874,25.176,1.04698,ch2_ohr_ncp_20210401T2357376656_d_img_hw1,ch2_tmc_ncn_20211113T1650236492_g_grd_d18
07-1-049296,-13.7874,25.176,1.04698,ch2_ohr_ncp_20210401T2357376656_d_img_hw1,ch2_tmc_ncn_20220518T1459006639_g_grd_d18
10-1-023072,-68.7358,341.228,3.786,ch2_ohr_ncp_20210405T0442095110_d_img_d18,ch2_tmc_ncn_20210528T2116056144_g_grd_d18
10-1-023072,-68.7358,341.228,3.786,ch2_ohr_ncp_20210405T0442095110_d_img_d18,ch2_tmc_ncn_20220116T1511446554_g_grd_d32
10-1-023072,-68.7358,341.228,3.786,ch2_ohr_ncp_20210405T0442095110_d_img_d18,ch2_tmc_ncn_20220129T0541079533_g_grd_d18
10-1-023072,-68.7358,341.228,3.786,ch2_ohr_ncp_20210405T0442095110_d_img_d18,ch2_tmc_ncn_20220130T0119401196_g_grd_d18
10-1-023072,-68.7358,341.228,3.786,ch2_ohr_ncp_20210405T0442095110_d_img_d18,ch2_tmc_ncn_20220130T0317307668_g_grd_d18
10-1-023072,-68.7358,341.228,3.786,ch2_ohr_ncp_20210405T0442095110_d_img_d18,ch2_tmc_ncn_20220130T0515221440_g_grd_d18
10-1-023072,-68.7358,341.228,3.786,ch2_ohr_ncp_20210405T0442095110_d_img_d18,ch2_tmc_ncn_20220130T0713123542_g_grd_d18
10-1-023081,-68.9458,341.45,1.53433,ch2_ohr_ncp_20210405T0442095110_d_img_d18,ch2_tmc_ncn_20210528T2116056144_g_grd_d18
10-1-023081,-68.9458,341.45,1.53433,ch2_ohr_ncp_20210405T0442095110_d_img_d18,ch2_tmc_ncn_20220116T1511446554_g_grd_d32
10-1-023081,-68.9458,341.45,1.53433,ch2_ohr_ncp_20210405T0442095110_d_img_d18,ch2_tmc_ncn_20220129T0541079533_g_grd_d18
10-1-023081,-68.9458,341.45,1.53433,ch2_ohr_ncp_20210405T0442095110_d_img_d18,ch2_tmc_ncn_20220130T0119401196_g_grd_d18
10-1-023081,-68.9458,341.45,1.53433,ch2_ohr_ncp_20210405T0442095110_d_img_d18,ch2_tmc_ncn_20220130T0317307668_g_grd_d18
10-1-023081,-68.9458,341.45,1.53433,ch2_ohr_ncp_20210405T0442095110_d_img_d18,ch2_tmc_ncn_20220130T0515221440_g_grd_d18
10-1-023081,-68.9458,341.45,1.53433,ch2_ohr_ncp_20210405T0442095110_d_img_d18,ch2_tmc_ncn_20220130T0713123542_g_grd_d18
10-1-023086,-69.0212,341.328,1.9189,ch2_ohr_ncp_20210405T0442095110_d_img_d18,ch2_tmc_ncn_20210528T2116056144_g_grd_d18
10-1-023086,-69.0212,341.328,1.9189,ch2_ohr_ncp_20210405T0442095110_d_img_d18,ch2_tmc_ncn_20220116T1511446554_g_grd_d32
10-1-023086,-69.0212,341.328,1.9189,ch2_ohr_ncp_20210405T0442095110_d_img_d18,ch2_tmc_ncn_20220129T0541079533_g_grd_d18
10-1-023086,-69.0212,341.328,1.9189,ch2_ohr_ncp_20210405T0442095110_d_img_d18,ch2_tmc_ncn_20220130T0119401196_g_grd_d18
10-1-023086,-69.0212,341.328,1.9189,ch2_ohr_ncp_20210405T0442095110_d_img_d18,ch2_tmc_ncn_20220130T0317307668_g_grd_d18
10-1-023086,-69.0212,341.328,1.9189,ch2_ohr_ncp_20210405T0442095110_d_img_d18,ch2_tmc_ncn_20220130T0515221440_g_grd_d18
10-1-023086,-69.0212,341.328,1.9189,ch2_ohr_ncp_20210405T0442095110_d_img_d18,ch2_tmc_ncn_20220130T0713123542_g_grd_d18
10-1-023105,-68.3622,341.544,1.40232,ch2_ohr_ncp_20210405T0442095110_d_img_d18,ch2_tmc_ncn_20210528T2116056144_g_grd_d18
10-1-023105,-68.3622,341.544,1.40232,ch2_ohr_ncp_20210405T0442095110_d_img_d18,ch2_tmc_ncn_20220116T1511446554_g_grd_d32
10-1-023105,-68.3622,341.544,1.40232,ch2_ohr_ncp_20210405T0442095110_d_img_d18,ch2_tmc_ncn_20220129T0541079533_g_grd_d18
10-1-023105,-68.3622,341.544,1.40232,ch2_ohr_ncp_20210405T0442095110_d_img_d18,ch2_tmc_ncn_20220130T0119401196_g_grd_d18
10-1-023105,-68.3622,341.544,1.40232,ch2_ohr_ncp_20210405T0442095110_d_img_d18,ch2_tmc_ncn_20220130T0317307668_g_grd_d18
10-1-023105,-68.3622,341.544,1.40232,ch2_ohr_ncp_20210405T0442095110_d_img_d18,ch2_tmc_ncn_20220130T0515221440_g_grd_d18
10-1-023105,-68.3622,341.544,1.40232,ch2_ohr_ncp_20210405T0442095110_d_img_d18,ch2_tmc_ncn_20220130T0713123542_g_grd_d18
10-1-023108,-68.4957,341.341,1.5855,ch2_ohr_ncp_20210405T0442095110_d_img_d18,ch2_tmc_ncn_20210528T2116056144_g_grd_d18
10-1-023108,-68.4957,341.341,1.5855,ch2_ohr_ncp_20210405T0442095110_d_img_d18,ch2_tmc_ncn_20220116T1511446554_g_grd_d32
10-1-023108,-68.4957,341.341,1.5855,ch2_ohr_ncp_20210405T0442095110_d_img_d18,ch2_tmc_ncn_20220129T0541079533_g_grd_d18
10-1-023108,-68.4957,341.341,1.5855,ch2_ohr_ncp_20210405T0442095110_d_img_d18,ch2_tmc_ncn_20220130T0119401196_g_grd_d18
10-1-023108,-68.4957,341.341,1.5855,ch2_ohr_ncp_20210405T0442095110_d_img_d18,ch2_tmc_ncn_20220130T0317307668_g_grd_d18
10-1-023108,-68.4957,341.341,1.5855,ch2_ohr_ncp_20210405T0442095110_d_img_d18,ch2_tmc_ncn_20220130T0515221440_g_grd_d18
10-1-023108,-68.4957,341.341,1.5855,ch2_ohr_ncp_20210405T0442095110_d_img_d18,ch2_tmc_ncn_20220130T0713123542_g_grd_d18
10-1-023135,-68.9062,341.31,2.07352,ch2_ohr_ncp_20210405T0442095110_d_img_d18,ch2_tmc_ncn_20210528T2116056144_g_grd_d18
10-1-023135,-68.9062,341.31,2.07352,ch2_ohr_ncp_20210405T0442095110_d_img_d18,ch2_tmc_ncn_20220116T1511446554_g_grd_d32
10-1-023135,-68.9062,341.31,2.07352,ch2_ohr_ncp_20210405T0442095110_d_img_d18,ch2_tmc_ncn_20220129T0541079533_g_grd_d18
10-1-023135,-68.9062,341.31,2.07352,ch2_ohr_ncp_20210405T0442095110_d_img_d18,ch2_tmc_ncn_20220130T0119401196_g_grd_d18
10-1-023135,-68.9062,341.31,2.07352,ch2_ohr_ncp_20210405T0442095110_d_img_d18,ch2_tmc_ncn_20220130T0317307668_g_grd_d18
10-1-023135,-68.9062,341.31,2.07352,ch2_ohr_ncp_20210405T0442095110_d_img_d18,ch2_tmc_ncn_20220130T0515221440_g_grd_d18
10-1-023135,-68.9062,341.31,2.07352,ch2_ohr_ncp_20210405T0442095110_d_img_d18,ch2_tmc_ncn_20220130T0713123542_g_grd_d18
10-1-169411,-69.0963,341.391,3.77193,ch2_ohr_ncp_20210405T0442095110_d_img_d18,ch2_tmc_ncn_20210528T2116056144_g_grd_d18
10-1-169411,-69.0963,341.391,3.77193,ch2_ohr_ncp_20210405T0442095110_d_img_d18,ch2_tmc_ncn_20220116T1511446554_g_grd_d32
10-1-169411,-69.0963,341.391,3.77193,ch2_ohr_ncp_20210405T0442095110_d_img_d18,ch2_tmc_ncn_20220129T0541079533_g_grd_d18
10-1-169411,-69.0963,341.391,3.77193,ch2_ohr_ncp_20210405T0442095110_d_img_d18,ch2_tmc_ncn_20220130T0119401196_g_grd_d18
10-1-169411,-69.0963,341.391,3.77193,ch2_ohr_ncp_20210405T0442095110_d_img_d18,ch2_tmc_ncn_20220130T0317307668_g_grd_d18
10-1-169411,-69.0963,341.391,3.77193,ch2_ohr_ncp_20210405T0442095110_d_img_d18,ch2_tmc_ncn_20220130T0515221440_g_grd_d18
10-1-169411,-69.0963,341.391,3.77193,ch2_ohr_ncp_20210405T0442095110_d_img_d18,ch2_tmc_ncn_20220130T0713123542_g_grd_d18
10-1-023072,-68.7358,341.228,3.786,ch2_ohr_ncp_20210405T0442095110_d_img_d32,ch2_tmc_ncn_20210528T2116056144_g_grd_d18
10-1-023072,-68.7358,341.228,3.786,ch2_ohr_ncp_20210405T0442095110_d_img_d32,ch2_tmc_ncn_20220116T1511446554_g_grd_d32
10-1-023072,-68.7358,341.228,3.786,ch2_ohr_ncp_20210405T0442095110_d_img_d32,ch2_tmc_ncn_20220129T0541079533_g_grd_d18
10-1-023072,-68.7358,341.228,3.786,ch2_ohr_ncp_20210405T0442095110_d_img_d32,ch2_tmc_ncn_20220130T0119401196_g_grd_d18
10-1-023072,-68.7358,341.228,3.786,ch2_ohr_ncp_20210405T0442095110_d_img_d32,ch2_tmc_ncn_20220130T0317307668_g_grd_d18
10-1-023072,-68.7358,341.228,3.786,ch2_ohr_ncp_20210405T0442095110_d_img_d32,ch2_tmc_ncn_20220130T0515221440_g_grd_d18
10-1-023072,-68.7358,341.228,3.786,ch2_ohr_ncp_20210405T0442095110_d_img_d32,ch2_tmc_ncn_20220130T0713123542_g_grd_d18
10-1-023081,-68.9458,341.45,1.53433,ch2_ohr_ncp_20210405T0442095110_d_img_d32,ch2_tmc_ncn_20210528T2116056144_g_grd_d18
10-1-023081,-68.9458,341.45,1.53433,ch2_ohr_ncp_20210405T0442095110_d_img_d32,ch2_tmc_ncn_20220116T1511446554_g_grd_d32
10-1-023081,-68.9458,341.45,1.53433,ch2_ohr_ncp_20210405T0442095110_d_img_d32,ch2_tmc_ncn_20220129T0541079533_g_grd_d18
10-1-023081,-68.9458,341.45,1.53433,ch2_ohr_ncp_20210405T0442095110_d_img_d32,ch2_tmc_ncn_20220130T0119401196_g_grd_d18
10-1-023081,-68.9458,341.45,1.53433,ch2_ohr_ncp_20210405T0442095110_d_img_d32,ch2_tmc_ncn_20220130T0317307668_g_grd_d18
10-1-023081,-68.9458,341.45,1.53433,ch2_ohr_ncp_20210405T0442095110_d_img_d32,ch2_tmc_ncn_20220130T0515221440_g_grd_d18
10-1-023081,-68.9458,341.45,1.53433,ch2_ohr_ncp_20210405T0442095110_d_img_d32,ch2_tmc_ncn_20220130T0713123542_g_grd_d18
10-1-023086,-69.0212,341.328,1.9189,ch2_ohr_ncp_20210405T0442095110_d_img_d32,ch2_tmc_ncn_20210528T2116056144_g_grd_d18
10-1-023086,-69.0212,341.328,1.9189,ch2_ohr_ncp_20210405T0442095110_d_img_d32,ch2_tmc_ncn_20220116T1511446554_g_grd_d32
10-1-023086,-69.0212,341.328,1.9189,ch2_ohr_ncp_20210405T0442095110_d_img_d32,ch2_tmc_ncn_20220129T0541079533_g_grd_d18
10-1-023086,-69.0212,341.328,1.9189,ch2_ohr_ncp_20210405T0442095110_d_img_d32,ch2_tmc_ncn_20220130T0119401196_g_grd_d18
10-1-023086,-69.0212,341.328,1.9189,ch2_ohr_ncp_20210405T0442095110_d_img_d32,ch2_tmc_ncn_20220130T0317307668_g_grd_d18
10-1-023086,-69.0212,341.328,1.9189,ch2_ohr_ncp_20210405T0442095110_d_img_d32,ch2_tmc_ncn_20220130T0515221440_g_grd_d18
10-1-023086,-69.0212,341.328,1.9189,ch2_ohr_ncp_20210405T0442095110_d_img_d32,ch2_tmc_ncn_20220130T0713123542_g_grd_d18
10-1-023105,-68.3622,341.544,1.40232,ch2_ohr_ncp_20210405T0442095110_d_img_d32,ch2_tmc_ncn_20210528T2116056144_g_grd_d18
10-1-023105,-68.3622,341.544,1.40232,ch2_ohr_ncp_20210405T0442095110_d_img_d32,ch2_tmc_ncn_20220116T1511446554_g_grd_d32
10-1-023105,-68.3622,341.544,1.40232,ch2_ohr_ncp_20210405T0442095110_d_img_d32,ch2_tmc_ncn_20220129T0541079533_g_grd_d18
10-1-023105,-68.3622,341.544,1.40232,ch2_ohr_ncp_20210405T0442095110_d_img_d32,ch2_tmc_ncn_20220130T0119401196_g_grd_d18
10-1-023105,-68.3622,341.544,1.40232,ch2_ohr_ncp_20210405T0442095110_d_img_d32,ch2_tmc_ncn_20220130T0317307668_g_grd_d18
10-1-023105,-68.3622,341.544,1.40232,ch2_ohr_ncp_20210405T0442095110_d_img_d32,ch2_tmc_ncn_20220130T0515221440_g_grd_d18
10-1-023105,-68.3622,341.544,1.40232,ch2_ohr_ncp_20210405T0442095110_d_img_d32,ch2_tmc_ncn_20220130T0713123542_g_grd_d18
10-1-023108,-68.4957,341.341,1.5855,ch2_ohr_ncp_20210405T0442095110_d_img_d32,ch2_tmc_ncn_20210528T2116056144_g_grd_d18
10-1-023108,-68.4957,341.341,1.5855,ch2_ohr_ncp_20210405T0442095110_d_img_d32,ch2_tmc_ncn_20220116T1511446554_g_grd_d32
10-1-023108,-68.4957,341.341,1.5855,ch2_ohr_ncp_20210405T0442095110_d_img_d32,ch2_tmc_ncn_20220129T0541079533_g_grd_d18
10-1-023108,-68.4957,341.341,1.5855,ch2_ohr_ncp_20210405T0442095110_d_img_d32,ch2_tmc_ncn_20220130T0119401196_g_grd_d18
10-1-023108,-68.4957,341.341,1.5855,ch2_ohr_ncp_20210405T0442095110_d_img_d32,ch2_tmc_ncn_20220130T0317307668_g_grd_d18
10-1-023108,-68.4957,341.341,1.5855,ch2_ohr_ncp_20210405T0442095110_d_img_d32,ch2_tmc_ncn_20220130T0515221440_g_grd_d18
10-1-023108,-68.4957,341.341,1.5855,ch2_ohr_ncp_20210405T0442095110_d_img_d32,ch2_tmc_ncn_20220130T0713123542_g_grd_d18
10-1-023135,-68.9062,341.31,2.07352,ch2_ohr_ncp_20210405T0442095110_d_img_d32,ch2_tmc_ncn_20210528T2116056144_g_grd_d18
10-1-023135,-68.9062,341.31,2.07352,ch2_ohr_ncp_20210405T0442095110_d_img_d32,ch2_tmc_ncn_20220116T1511446554_g_grd_d32
10-1-023135,-68.9062,341.31,2.07352,ch2_ohr_ncp_20210405T0442095110_d_img_d32,ch2_tmc_ncn_20220129T0541079533_g_grd_d18
10-1-023135,-68.9062,341.31,2.07352,ch2_ohr_ncp_20210405T0442095110_d_img_d32,ch2_tmc_ncn_20220130T0119401196_g_grd_d18
10-1-023135,-68.9062,341.31,2.07352,ch2_ohr_ncp_20210405T0442095110_d_img_d32,ch2_tmc_ncn_20220130T0317307668_g_grd_d18
10-1-023135,-68.9062,341.31,2.07352,ch2_ohr_ncp_20210405T0442095110_d_img_d32,ch2_tmc_ncn_20220130T0515221440_g_grd_d18
10-1-023135,-68.9062,341.31,2.07352,ch2_ohr_ncp_20210405T0442095110_d_img_d32,ch2_tmc_ncn_20220130T0713123542_g_grd_d18
10-1-169411,-69.0963,341.391,3.77193,ch2_ohr_ncp_20210405T0442095110_d_img_d32,ch2_tmc_ncn_20210528T2116056144_g_grd_d18
10-1-169411,-69.0963,341.391,3.77193,ch2_ohr_ncp_20210405T0442095110_d_img_d32,ch2_tmc_ncn_20220116T1511446554_g_grd_d32
10-1-169411,-69.0963,341.391,3.77193,ch2_ohr_ncp_20210405T0442095110_d_img_d32,ch2_tmc_ncn_20220129T0541079533_g_grd_d18
10-1-169411,-69.0963,341.391,3.77193,ch2_ohr_ncp_20210405T0442095110_d_img_d32,ch2_tmc_ncn_20220130T0119401196_g_grd_d18
10-1-169411,-69.0963,341.391,3.77193,ch2_ohr_ncp_20210405T0442095110_d_img_d32,ch2_tmc_ncn_20220130T0317307668_g_grd_d18
10-1-169411,-69.0963,341.391,3.77193,ch2_ohr_ncp_20210405T0442095110_d_img_d32,ch2_tmc_ncn_20220130T0515221440_g_grd_d18
10-1-169411,-69.0963,341.391,3.77193,ch2_ohr_ncp_20210405T0442095110_d_img_d32,ch2_tmc_ncn_20220130T0713123542_g_grd_d18
10-1-023081,-68.9458,341.45,1.53433,ch2_ohr_ncp_20210405T0640233469_d_img_d18,ch2_tmc_ncn_20210528T2116056144_g_grd_d18
10-1-023081,-68.9458,341.45,1.53433,ch2_ohr_ncp_20210405T0640233469_d_img_d18,ch2_tmc_ncn_20220116T1511446554_g_grd_d32
10-1-023081,-68.9458,341.45,1.53433,ch2_ohr_ncp_20210405T0640233469_d_img_d18,ch2_tmc_ncn_20220129T0541079533_g_grd_d18
10-1-023081,-68.9458,341.45,1.53433,ch2_ohr_ncp_20210405T0640233469_d_img_d18,ch2_tmc_ncn_20220130T0119401196_g_grd_d18
10-1-023081,-68.9458,341.45,1.53433,ch2_ohr_ncp_20210405T0640233469_d_img_d18,ch2_tmc_ncn_20220130T0317307668_g_grd_d18
10-1-023081,-68.9458,341.45,1.53433,ch2_ohr_ncp_20210405T0640233469_d_img_d18,ch2_tmc_ncn_20220130T0515221440_g_grd_d18
10-1-023081,-68.9458,341.45,1.53433,ch2_ohr_ncp_20210405T0640233469_d_img_d18,ch2_tmc_ncn_20220130T0713123542_g_grd_d18
10-1-023086,-69.0212,341.328,1.9189,ch2_ohr_ncp_20210405T0640233469_d_img_d18,ch2_tmc_ncn_20210528T2116056144_g_grd_d18
10-1-023086,-69.0212,341.328,1.9189,ch2_ohr_ncp_20210405T0640233469_d_img_d18,ch2_tmc_ncn_20220116T1511446554_g_grd_d32
10-1-023086,-69.0212,341.328,1.9189,ch2_ohr_ncp_20210405T0640233469_d_img_d18,ch2_tmc_ncn_20220129T0541079533_g_grd_d18
10-1-023086,-69.0212,341.328,1.9189,ch2_ohr_ncp_20210405T0640233469_d_img_d18,ch2_tmc_ncn_20220130T0119401196_g_grd_d18
10-1-023086,-69.0212,341.328,1.9189,ch2_ohr_ncp_20210405T0640233469_d_img_d18,ch2_tmc_ncn_20220130T0317307668_g_grd_d18
10-1-023086,-69.0212,341.328,1.9189,ch2_ohr_ncp_20210405T0640233469_d_img_d18,ch2_tmc_ncn_20220130T0515221440_g_grd_d18
10-1-023086,-69.0212,341.328,1.9189,ch2_ohr_ncp_20210405T0640233469_d_img_d18,ch2_tmc_ncn_20220130T0713123542_g_grd_d18
10-1-023108,-68.4957,341.341,1.5855,ch2_ohr_ncp_20210405T0640233469_d_img_d18,ch2_tmc_ncn_20210528T2116056144_g_grd_d18
10-1-023108,-68.4957,341.341,1.5855,ch2_ohr_ncp_20210405T0640233469_d_img_d18,ch2_tmc_ncn_20220116T1511446554_g_grd_d32
10-1-023108,-68.4957,341.341,1.5855,ch2_ohr_ncp_20210405T0640233469_d_img_d18,ch2_tmc_ncn_20220129T0541079533_g_grd_d18
10-1-023108,-68.4957,341.341,1.5855,ch2_ohr_ncp_20210405T0640233469_d_img_d18,ch2_tmc_ncn_20220130T0119401196_g_grd_d18
10-1-023108,-68.4957,341.341,1.5855,ch2_ohr_ncp_20210405T0640233469_d_img_d18,ch2_tmc_ncn_20220130T0317307668_g_grd_d18
10-1-023108,-68.4957,341.341,1.5855,ch2_ohr_ncp_20210405T0640233469_d_img_d18,ch2_tmc_ncn_20220130T0515221440_g_grd_d18
10-1-023108,-68.4957,341.341,1.5855,ch2_ohr_ncp_20210405T0640233469_d_img_d18,ch2_tmc_ncn_20220130T0713123542_g_grd_d18
10-1-023135,-68.9062,341.31,2.07352,ch2_ohr_ncp_20210405T0640233469_d_img_d18,ch2_tmc_ncn_20210528T2116056144_g_grd_d18
10-1-023135,-68.9062,341.31,2.07352,ch2_ohr_ncp_20210405T0640233469_d_img_d18,ch2_tmc_ncn_20220116T1511446554_g_grd_d32
10-1-023135,-68.9062,341.31,2.07352,ch2_ohr_ncp_20210405T0640233469_d_img_d18,ch2_tmc_ncn_20220129T0541079533_g_grd_d18
10-1-023135,-68.9062,341.31,2.07352,ch2_ohr_ncp_20210405T0640233469_d_img_d18,ch2_tmc_ncn_20220130T0119401196_g_grd_d18
10-1-023135,-68.9062,341.31,2.07352,ch2_ohr_ncp_20210405T0640233469_d_img_d18,ch2_tmc_ncn_20220130T0317307668_g_grd_d18
10-1-023135,-68.9062,341.31,2.07352,ch2_ohr_ncp_20210405T0640233469_d_img_d18,ch2_tmc_ncn_20220130T0515221440_g_grd_d18
10-1-023135,-68.9062,341.31,2.07352,ch2_ohr_ncp_20210405T0640233469_d_img_d18,ch2_tmc_ncn_20220130T0713123542_g_grd_d18
10-1-169411,-69.0963,341.391,3.77193,ch2_ohr_ncp_20210405T0640233469_d_img_d18,ch2_tmc_ncn_20210528T2116056144_g_grd_d18
10-1-169411,-69.0963,341.391,3.77193,ch2_ohr_ncp_20210405T0640233469_d_img_d18,ch2_tmc_ncn_20220116T1511446554_g_grd_d32
10-1-169411,-69.0963,341.391,3.77193,ch2_ohr_ncp_20210405T0640233469_d_img_d18,ch2_tmc_ncn_20220129T0541079533_g_grd_d18
10-1-169411,-69.0963,341.391,3.77193,ch2_ohr_ncp_20210405T0640233469_d_img_d18,ch2_tmc_ncn_20220130T0119401196_g_grd_d18
10-1-169411,-69.0963,341.391,3.77193,ch2_ohr_ncp_20210405T0640233469_d_img_d18,ch2_tmc_ncn_20220130T0317307668_g_grd_d18
10-1-169411,-69.0963,341.391,3.77193,ch2_ohr_ncp_20210405T0640233469_d_img_d18,ch2_tmc_ncn_20220130T0515221440_g_grd_d18
10-1-169411,-69.0963,341.391,3.77193,ch2_ohr_ncp_20210405T0640233469_d_img_d18,ch2_tmc_ncn_20220130T0713123542_g_grd_d18
